season,city,note_no,text_verbatim,note
1909-10,С.-Петербургъ,1,24 февраля—35-ти лѣтіе службы М. Г. Савиной.,
1909-10,С.-Петербургъ,2,24 января—прощальный спектакль балерины Трефиловой.,
1909-10,С.-Петербургъ,3,1 октября—25-ти лѣтіе литерат.-драмат. дѣятельности В. А. Тихонова.,
1909-10,С.-Петербургъ,4,11 января 1909 г.—50-ти лѣтіе музык. дѣятельности Ц. А. Кюи.,"printed year 1909 on a 1909-10 page: January 1909 falls in the previous season; possibly a misprint for 1910, not assumed"
1909-10,С.-Петербургъ,5,18 декабря 1909 г.—50-ти лѣтіе Имп. Русск. Музык. Общества.,
1909-10,С.-Петербургъ,6,30 октября—бенефисъ оркестра; 27 ноября—бенефисъ хора; 18 декабря—бенефисъ вторыхъ артистовъ труппы (др.).,
1909-10,Москва,7,10 октября—бенефисъ хора.,
1909-10,Москва,8,3 ноября—бенефисъ оркестра.,
1909-10,Москва,9,18 ноября—прощальный бенефисъ г-жи Звягиной.,
1909-10,Москва,10,10 января 1909 г.—бенефисъ кордебалета.,"printed year 1909 on a 1909-10 page: January 1909 falls in the previous season; possibly a misprint for 1910, not assumed"
