season,footnote_no,text_verbatim,note
1896-97,1,"Цифры, напечатанныя курсивомъ въ скобкахъ, обозначаютъ общіе итоги сборовъ.",
1896-97,2,"Въ томъ числѣ 6 бенефисовъ, 1 спектакль въ пользу фонда на учрежденіе библіотеки-читальни имени А. Н. Майкова и 4 безплатныхъ спектакля (3—для воспитанниковъ учебныхъ заведеній и 1—для гг. георгіевскихъ кавалеровъ).",
1896-97,3,Въ томъ числѣ 1 спектакль въ пользу голодающихъ индусовъ и 1 безплатный спектакль (для воспитанниковъ учебныхъ заведеній).,
1896-97,4,"Въ томъ числѣ 1 парадный спектакль, 2 бенефиса и 2 безплатныхъ спектакля (для воспитанниковъ учебныхъ заведеній).",
1896-97,5,Въ томъ числѣ 18 бенефисовъ и 3 безплатныхъ спектакля (для воспитанниковъ учебныхъ заведеній).,
1896-97,6,Въ томъ числѣ 5 бенефисовъ и 3 безплатныхъ спектакля (для воспитанниковъ учебныхъ заведеній).,"""воспитанниковъ"": the т is damaged in the print (looks like г)"
1896-97,7,"Въ томъ числѣ 1 бенефисъ, 1 спектакль въ пользу Убѣжища для престарѣлыхъ артистовъ и ихъ семействъ и 2 безплатныхъ спектакля (для воспитанниковъ учебныхъ заведеній).",
1896-97,8,Въ томъ числѣ 5 бенефисовъ.,
1896-97,9,Въ томъ числѣ 1 безплатный спектакль (для воспитанниковъ учебныхъ заведеній).,"""Въ томъ"" looks like ""Вь тсмъ"" in the print (damaged or wrong sorts; not checked at glyph level)"
1896-97,10,Концертъ въ пользу Убѣжища для престарѣлыхъ артистовъ и ихъ семействъ.,
