season,city,line_no,line_kind,category_verbatim,category,venue_verbatim,qualifier_verbatim,count,receipts_verbatim,receipts_kopecks,footnote_refs,note
1891-92,С.-Петербургъ,1,venue,Русскихъ драматическихъ:,Русскихъ драматическихъ,Въ Александринскомъ театрѣ,,169,,,,
1891-92,С.-Петербургъ,2,venue,Русскихъ драматическихъ:,Русскихъ драматическихъ,Въ Михайловскомъ театрѣ,,64,,,,
1891-92,С.-Петербургъ,3,subtotal,Русскихъ драматическихъ:,Русскихъ драматическихъ,,,233,,,,
1891-92,С.-Петербургъ,4,category,Оперныхъ,Оперныхъ,,,120,,,,
1891-92,С.-Петербургъ,5,category,Балетныхъ,Балетныхъ,,,41,,,,
1891-92,С.-Петербургъ,6,category,Смѣшанныхъ,Смѣшанныхъ,,(опера и балетъ вмѣстѣ),4,,,,
1891-92,С.-Петербургъ,7,category,Концертовъ,Концертовъ,,,3,,,,digit slightly smudged; read as 3
1891-92,С.-Петербургъ,8,category,Французскихъ,Французскихъ,,,138,,,,
1891-92,С.-Петербургъ,9,category,Нѣмецкихъ,Нѣмецкихъ,,,33,,,,
1891-92,Москва,10,category,Русскихъ драматическихъ,Русскихъ драматическихъ,,,191,,,,
1891-92,Москва,11,category,Оперныхъ,Оперныхъ,,,124,,,,
1891-92,Москва,12,category,Балетныхъ,Балетныхъ,,,48,,,,
1896-97,С.-Петербургъ,1,venue,Русскихъ драматическихъ:,Русскихъ драматическихъ,въ Александринскомъ театрѣ,,190,"250,431 р. 4 к.",25043104,2,
1896-97,С.-Петербургъ,2,venue,Русскихъ драматическихъ:,Русскихъ драматическихъ,въ Михайловскомъ театрѣ,,55,"67,893 р. 29 к.",6789329,,
1896-97,С.-Петербургъ,3,subtotal,Русскихъ драматическихъ:,Русскихъ драматическихъ,,,245,"318,324 р. 33 к.",31832433,,
1896-97,С.-Петербургъ,4,venue,Оперныхъ:,Оперныхъ,въ Маріинскомъ театрѣ,,125,"416,799 р. 60 к.",41679960,3,
1896-97,С.-Петербургъ,5,venue,Оперныхъ:,Оперныхъ,въ Михайловскомъ театрѣ,,14,"28,405 р. 85 к.",2840585,,
1896-97,С.-Петербургъ,6,subtotal,Оперныхъ:,Оперныхъ,,,139,"445,205 р. 45 к.",44520545,,
1896-97,С.-Петербургъ,7,venue,Балетныхъ:,Балетныхъ,въ Маріинскомъ театрѣ,,50,"116,504 р. 29 к.",11650429,4,
1896-97,С.-Петербургъ,8,venue,Балетныхъ:,Балетныхъ,въ Михайловскомъ театрѣ,,3,"2,255 р. 95 к.",225595,,
1896-97,С.-Петербургъ,9,subtotal,Балетныхъ:,Балетныхъ,,,52,"118,760 р. 24 к",11876024,,"PRINT: count subtotal 52 but its lines are 50 + 3 = 53 (receipts do add up); scan-checked at high magnification. ""24 к"" printed without a period"
1896-97,С.-Петербургъ,10,category,Французскихъ,Французскихъ,,,145,"180,037 р. 7 к.",18003707,5,
1896-97,С.-Петербургъ,11,category,Нѣмецкихъ,Нѣмецкихъ,,,34,"64,067 р. 50 к.",6406750,,
1896-97,С.-Петербургъ,12,category,Смѣшанныхъ,Смѣшанныхъ,,(русская драма и французская драма),2,"2,464 р. 40 к.",246440,,
1896-97,С.-Петербургъ,13,category,Концертовъ,Концертовъ,,,3,"4,850 р. 90 к.",485090,,
1896-97,Москва,14,category,Русскихъ драматическихъ,Русскихъ драматическихъ,,,217,"219,255 р. 13 к.",21925513,6,
1896-97,Москва,15,category,Оперныхъ,Оперныхъ,,,121,"226,238 р. 24 к.",22623824,7,
1896-97,Москва,16,category,Балетныхъ,Балетныхъ,,,53,"60,908 р. 90 к.",6090890,8,
1896-97,Москва,17,category,Смѣшанныхъ,Смѣшанныхъ,,(опера и драма),2,"3,527 р. 98 к.",352798,,
1896-97,Москва,18,category,»,Смѣшанныхъ,,(опера и балетъ),4,"6,253 р. 23 к.",625323,9,printed with a ditto mark (») for Смѣшанныхъ
1896-97,Москва,19,category,Итальянскихъ оперныхъ,Итальянскихъ оперныхъ,,,25,"65,180 р. 40 к",6518040,,"""40 к"" printed without a period"
1896-97,Москва,20,category,Концертовъ,Концертовъ,,,1,"1,957 р. 10 к",195710,10,"""10 к"" printed without a period"
1906-07,С.-Петербургъ,1,venue,Русскихъ драматическихъ:,Русскихъ драматическихъ,въ Александринскомъ театрѣ,,197,"247,576 р. 17 к.",24757617,,
1906-07,С.-Петербургъ,2,venue,Русскихъ драматическихъ:,Русскихъ драматическихъ,въ Михайловскомъ театрѣ,,25,"10,353 р. 15 к.",1035315,,
1906-07,С.-Петербургъ,3,venue,Русскихъ драматическихъ:,Русскихъ драматическихъ,въ Маріинскомъ театрѣ,,1,"7,262 р. 50 к.",726250,,
1906-07,С.-Петербургъ,4,subtotal,Русскихъ драматическихъ:,Русскихъ драматическихъ,,,223,"265,272 р. 82 к.",26527282,,"PRINT: receipts subtotal 265,272.82 but its lines sum to 265,191.82 (81.00 less); counts add up (197 + 25 + 1 = 223); scan-checked at 600 dpi"
1906-07,С.-Петербургъ,5,category,Русскихъ оперныхъ,Русскихъ оперныхъ,,,159,"534,003 р. 61 к.",53400361,,
1906-07,С.-Петербургъ,6,category,Балетныхъ,Балетныхъ,,,53,"168,182 р. 50 к.",16818250,,
1906-07,С.-Петербургъ,7,category,Французскихъ,Французскихъ,,,115,"116,351 р. 06 к.",11635106,,
1906-07,С.-Петербургъ,8,category,Нѣмецкихъ,Нѣмецкихъ,,,25,"47,807 р. 68 к.",4780768,,
1906-07,Москва,9,venue,Русскихъ драматическихъ:,Русскихъ драматическихъ,въ Маломъ театрѣ,,217,"136,144 р. 85 к.",13614485,,
1906-07,Москва,10,venue,Русскихъ драматическихъ:,Русскихъ драматическихъ,въ Новомъ театрѣ,,180,"72,313 р. 64 к.",7231364,,
1906-07,Москва,11,subtotal,Русскихъ драматическихъ:,Русскихъ драматическихъ,,,397,"208,458 р. 49 к.",20845849,,
1906-07,Москва,12,category,Русскихъ оперныхъ,Русскихъ оперныхъ,,,164,"371,630 р. 34 к.",37163034,,
1906-07,Москва,13,category,Балетныхъ,Балетныхъ,,,49,"100,440 р. 01 к.",10044001,,
