season,source_file,printed_page,heading_verbatim,heading_footnote,format,note
1891-92,1891-92_ProductionStats.pdf,26,Всего въ теченіи сезона 1891—1892 гг. было спектаклей:,,counts_only,
1892-93,1892-93_ProductionStats.pdf,26,Всего въ теченіе сезона 1892—1893 гг. было спектаклей:,,counts_only,file is the whole pp. 26-27 spread; stats on the left-hand page
1893-94,1893-94_ProductionStats.pdf,26,Всего въ теченіе сезона 1893—1894 гг. было спектаклей ¹):,1,counts_receipts_footnotes,
1894-95,1894-95_ProductionStats.pdf,19,Всего въ теченіе сезона 1894—1895 гг. было спектаклей ¹):,1,counts_receipts_footnotes,
1895-96,1895-96_ProductionStats.pdf,27,Всего въ теченіе сезона 1895—1896 гг. было спектаклей ¹):,1,counts_receipts_footnotes,footnote continuation lines are set out of order in the print; footnotes rejoined by sense
1896-97,1896-97_ProductionStats.pdf,27,Всего въ теченіе сезона 1896—1897 гг. было спектаклей ¹):,1,counts_receipts_footnotes,right-hand page of the Repertoire volume's final spread (pp. 26-27)
1897-98,1897-98_ProductionStats.pdf,27,Всего въ теченіе сезона 1897—1898 гг. было спектаклей ¹):,1,counts_receipts_footnotes,right-hand page of the pp. 26-27 spread; several lines carry a count but no receipts
1898-99,1898-99_ProductionStats.pdf,42,Всего въ теченіе сезона 1898—1899 г. г. было спектаклей ¹):,1,counts_receipts_footnotes,footnote 1 now says the receipts EXCLUDE charity performances
1899-00,1899-00_ProductionStats.pdf,40,Всего въ теченіе сезона 1899—1900 гг. было спектаклей ¹):,1,counts_receipts_footnotes,
1900-01,1900-01_ProductionStats.pdf,40,Всего въ теченіе сезона 1900—1901 гг. было спектаклей ¹):,1,counts_receipts_footnotes,
1901-02,1901-02_ProductionStats.pdf,40,Всего въ теченіе сезона 1901—1902 гг. было спектаклей:,,counts_receipts,no footnotes printed
1902-03,1902-03_ProductionStats.pdf,40,Всего въ теченіе сезона 1902—1903 гг. было спектаклей:,,counts_receipts,no footnotes printed
1903-04,1903-04_ProductionStats.pdf,40,Всего въ теченіе сезона 1903—1904 гг. было спектаклей:,,counts_receipts,no footnotes printed
1904-05,1904-05_ProductionStats.pdf,134,Всего въ теченіе сезона 1904—1905 гг. было спектаклей:,,counts_receipts,no footnotes printed
1906-07,1906-07_ProductionStats.pdf,,Всего въ теченіе сезона 1906—1907 гг. было спектаклей:,,counts_receipts,page number too faint to read; no footnotes printed
1907-08,1907-08_ProductionStats.pdf,126,Всего въ теченіе сезона 1907—1908 гг. было спектаклей:,,counts_receipts_footnotes,"file page 1 of 11 (pp. 2-11 are the season ""Списокъ пьесъ"", not transcribed here); no venue breakdown printed; footnotes but no heading footnote"
1908-09,1908-09_ProductionStats.pdf,56,Всего въ теченіе сезона 1908—1909 гг. было спектаклей:,,counts_receipts_footnotes,no venue breakdown printed; footnotes but no heading footnote
1909-10,1909-10_ProductionStats.pdf,58,Всего въ теченіе сезона 1909—1910 гг. было спектаклей:,,counts_receipts_footnotes,no venue breakdown; after each city a dated list of jubilees and benefits (dated_notes.csv); German and Moscow Art Theatre lines print no receipts
