season,roster,family_name,first_name,patronymic,rank_or_title,instrument_or_subject,heading_path,death_mark,roster_page_id,status,catalogue_name,catalogue_kind,catalogue_printed_page,catalogue_dates,catalogue_relevance
1890-91,Administrators,Всеволожской,Николай,Дмитріевичъ,"губ. секр., въ званіи камеръ-юнкера",,Дирекція Императорскихъ театровъ / И. д. чиновника особыхъ порученій при директорѣ,† 4 іюня 1891 г,administration_1890-91_p000,"matched, same date","Всеволожской, Николай Дмитріевичъ",obituary,286,b. 18 Oct 1860; service from 1 Aug 1887; d. 4 Jun 1891 Paris,none
1890-91,Administrators,Соллогубъ,Ѳедоръ,Львовичъ,графъ,,Московская Контора Императорскихъ театровъ / Монтировочная часть / Художникъ,† 29 октября 1890 г,administration_1890-91_p002,"matched, same date","Соллогубъ, графъ Ѳедоръ Львовичъ",obituary,297,b. 9 Feb 1848; attached to Directorate from 18 Oct 1889; d. 29 Oct 1890,none
1890-91,Administrators,Спиро,Максимиліанъ,Іосифовичъ,надв. сов.,,Московская Контора Императорскихъ театровъ / Хозяйственное отдѣленіе / Экзекуторъ и журналистъ,† 21 іюля 1891 г,administration_1890-91_p002,"matched, same date","Спиро, Максимиліанъ Іосифовичъ",obituary,298,b. 16 Sep 1805; entered 27 Apr 1861; d. 21 Jul 1891 Moscow,none
1890-91,BalletArtists,Бондыревъ,Алексѣй,Никитичъ,,,Артисты:,† 4 февраля 1891 г,balletartists_1890-91_MSK_p005,"matched, same date","Бондыревъ, Алексѣй Никитичъ",obituary,284,b. 7 Mar 1849 Moscow; entered 10 May 1869; d. 4 Feb 1891 Moscow,core
1890-91,BalletArtists,Лицъ,Марія,Семеновна,,,,† 18 октября 1890 г,balletartists_1890-91_SP_p003,"matched, same date","Лицъ, Марія Семеновна",obituary,290,b. 1 Aug 1864 Peterhof; entered 16 May 1882; sick leave 30 Sep 1890; d. 18 Oct 1890 Voronezh,core
1890-91,Musicians,Горшковъ,Викторъ Адріановичъ,,,Ударные инструменты,Оперный оркестръ. / Музыканты,† 12 августа 1891 г,musicians_1890-91_MSK_p001,"matched, same date","Горшковъ, Викторъ Адріановичъ",obituary,286,entered 19 Jan 1853; d. 12 Aug 1891 aged 58,none
1890-91,Musicians,Лойко,Иванъ Фелиціановичъ,,,Скрипка,Оперный оркестръ. / Музыканты,† 4 іюня 1891 г,musicians_1890-91_MSK_p001,"matched, same date","Лойко, Иванъ Фелиціановичъ",obituary,290,"entered 28 Apr 1878; d. 4 Jun 1891 aged 42, Bogorodskoe",none
1890-91,Musicians,Соловьевъ,Илья,Епифановичъ,,Корнетъ,Музыканты,† 4 октября 1890 г,musicians_1890-91_SP_p005,"matched, date differs","Соловьевъ, Илья Епифановичъ",obituary,298,b. 1840; entered 1 Sep 1868; pension 1 Sep 1888; d. 9 Oct 1890 SP,none
1890-91,Musicians,Фишкинъ,Іосифъ,Сергѣевичъ,,Віолончель,Оперный оркестръ. / Музыканты,† 8 іюля 1891 г,musicians_1890-91_MSK_p002,"matched, same date","Фишкинъ, Іосифъ Сергѣевичъ",obituary,298,entered 1 Feb 1878; d. 8 Jul 1891 Tarasovka,none
1890-91,ProductionTeam,Кашликовъ,Николай,Егоровичъ,,,С.-ПЕТЕРБУРГЪ / Отдѣлъ гардеробный / Парикмахеры / Французская драматическая труппа,† 31 мая 1891 г,productionteam_1890-91_p001,"matched, same date","Кашликовъ, Николай Егоровичъ",obituary,288,b. 1813; entered 1 Sep 1856; d. 31 May 1891 SP,none
1890-91,ProductionTeam,Никифоровъ,Михаилъ,Никифоровичъ,,,С.-ПЕТЕРБУРГЪ / Отдѣлъ гардеробный / Парикмахеры / Оперная труппа,† 18 января 1891 г,productionteam_1890-91_p001,"matched, same date","Никифоровъ, Михаилъ Никифоровичъ",obituary,292,b. 1832; entered 1 Sep 1861; wigmaker from 30 May 1878; d. 18 Jan 1891 SP,core
1891-92,Administrators,Краснопольскій,Петръ,Всеволодовичъ,надв. сов.,,С.-Петербургская Контора Императорскихъ театровъ / Распорядительное отдѣленіе / Журналистъ,† 28 мая 1892 г,administration_1891-92_p000,"matched, same date","Краснопольскій, Петръ Всеволодовичъ",obituary,482,b. 10 June 1852; in service from 1 June 1874; d. 28 May 1892,none
1891-92,Musicians,Брауэръ,Василій,Густавовичъ,,Вторая скрипка,Музыканты,† 15 августа 1892 г,musicians_1891-92_SP_p005,"matched, same date","Брауэръ, Вильгельмъ-Генрихъ-Густавъ",obituary,475,"b. 20 Oct 1839; in service from 1 Sept 1876; d. 15 Aug 1892, SP",none
1891-92,Musicians,Головацкій,Николай,Михайловичъ,,Флейта,Музыканты,† 6 февраля 1892 г,musicians_1891-92_SP_p005,"matched, same date","Головацкій, Николай Михайловичъ",obituary,477,"in service from 1 Sept 1887; d. 6 Feb 1892, Moscow, in 32nd year",none
1891-92,Musicians,Христофоровъ,Николай,Іосифовичъ,,,Завѣдывающій Центральной Музыкальной Библіотекой,† 27 февраля 1892 г,musicians_1891-92_SP_p000,"matched, same date","Христофоровъ, Николай Іосифовичъ",obituary,487,"b. 26 July 1836; in service from 14 April 1852; pension 1874; d. 27 Feb 1892, SP",none
1891-92,Musicians,Шестаковъ,Адріанъ,Ефимовичъ,,Альтъ,Музыканты,† 30 сентября 1891 г,musicians_1891-92_SP_p004,"matched, same date","Шестаковъ, Адріанъ Ефимовичъ",obituary,489,"in service from 16 Aug 1874; d. 30 Sept 1891, SP, aged 50",none
1891-92,ProductionTeam,Васильевъ,Василій,Васильевичъ,,,С.-ПЕТЕРБУРГЪ / Отдѣлъ декораціонный / Декораторы,† 12 марта 1892 г,productionteam_1891-92_p000,"matched, same date","Васильевъ, Василій Васильевичъ",obituary,475-476,"b. 1861; in service from 1 Jan 1891; d. 12 March 1892, SP",mentions
1891-92,ProductionTeam,Екимовъ,Василій,Егоровичъ,,,С.-ПЕТЕРБУРГЪ / Отдѣлъ декораціонный / Помощники декораторовъ,† 9 января 1892 г,productionteam_1891-92_p000,"matched, same date","Екимовъ, Василій Егоровичъ",obituary,480,"b. 1840; in service from 16 March 1887; d. 9 Jan 1892, SP",none
1891-92,TheaterSchoolStaff,Волковъ,Николай,Ивановичъ,,Танцы,С.-Петербургское Театральное Училище / Преподаватели / а) Балетное отдѣленіе,† 14 сентября 1891 г,theaterschoolstaff_1891-92_p001,"matched, same date","Волковъ, Николай Ивановичъ",obituary,476-477,"b. 24 Sept 1836; teacher from 13 Sept 1863; pension 16 Oct 1874; left ballet 1 May 1884; d. 14 Sept 1891, SP (Смоленское кладбище)",core
1891-92,TheaterSchoolStaff,Дьяконовъ,Василій,Ивановичъ,,,С.-Петербургское Театральное Училище / Причтъ церкви Училища / Дьяконъ,† 22 іюня 1892 г,theaterschoolstaff_1891-92_p000,"matched, same date","Дьяконовъ, Василій Ивановичъ",obituary,478,"b. 13 March 1845; psalmist from 2 June 1864; deacon 19 Dec 1882; d. 22 June 1892, «въ селѣ Колголемѣ», Новоладожскій уѣздъ",none
1891-92,TheaterSchoolStaff,Ѳедоровъ,Александръ,Ѳедоровичъ,,Исторія драмы и театра,Императорское Московское Театральное Училище / Преподаватели / б) Драматическіе курсы,† 5 іюня 1892 г,theaterschoolstaff_1891-92_p005,"matched, same date","Ѳедоровъ, Александръ Ѳедоровичъ",obituary,490,"teacher from 12 Jan 1873; drama courses chair from 1 Sept 1888; d. 5 June 1892, Moscow",mentions
1891-92,TheaterSchoolStaff,Ѳедоровъ,Александръ,Ѳедоровичъ,,Русскій языкъ и словесность,Императорское Московское Театральное Училище / Преподаватели / а) Балетное отдѣленіе,† 5 іюня 1892 г,theaterschoolstaff_1891-92_p004,"matched, same date","Ѳедоровъ, Александръ Ѳедоровичъ",obituary,490,"teacher from 12 Jan 1873; drama courses chair from 1 Sept 1888; d. 5 June 1892, Moscow",mentions
1891-92,TheaterSchoolStaff,Ѳедоровъ,Александръ,Ѳедоровичъ,,,Императорское Московское Театральное Училище / Почетные члены конференціи,† 5 іюня 1892 г,theaterschoolstaff_1891-92_p003,"matched, same date","Ѳедоровъ, Александръ Ѳедоровичъ",obituary,490,"teacher from 12 Jan 1873; drama courses chair from 1 Sept 1888; d. 5 June 1892, Moscow",mentions
1892-93,Administrators,Борншейнъ,Адольфъ,Константиновичъ,колл. секр.,,С.-Петербургская Контора Императорскихъ театровъ / Канцелярскіе чиновники Конторы,† 12 іюля 1893 г,administration_1892-93_p002,"matched, same date","Борншейнъ, Адольфъ Константиновичъ",obituary,504,b. 15 Oct 1854; d. 12 July 1893,none
1892-93,Administrators,Масальскій,Ѳеодосій,Константиновичъ,колл. асс.,,С.-Петербургская Контора Императорскихъ театровъ / Канцелярскіе чиновники Конторы / Причисленный къ Конторѣ,† 4 декабря 1892 г,administration_1892-93_p002,"matched, same date","Масальскій, Ѳеодосій Константиновичъ",obituary,509-510,b. 1833; d. 4 Dec 1892,none
1892-93,Administrators,Тарасовъ,Николай,Григорьевичъ,тит. сов.,,С.-Петербургская Контора Императорскихъ театровъ / Монтировочная часть / Дѣлопроизводители,† 20 февраля 1893 г,administration_1892-93_p001,"matched, same date","Тарасовъ, Николай Григорьевичъ",obituary,523,"b. 1836; d. 20 Feb 1893, SP",none
1892-93,Administrators,Ѳедотовъ,Василій,Ивановичъ,ст. сов.,,С.-Петербургская Контора Императорскихъ театровъ / Врачебная часть / Дежурные врачи,† 30 октября 1892 г,administration_1892-93_p001,not in catalogue,,,,,
1892-93,Musicians,Гейнъ,Юлій,,,Скрипка,Оперный оркестръ. Музыканты,† 6 октября 1892 г,musicians_1892-93_MSK_p000,"matched, same date","Гейнъ, Юлій",obituary,504-505,"d. 6 Oct 1892, Moscow",none
1892-93,Musicians,Дровинъ,Антонъ,Фердинандовичъ,,Вальдгорнъ,Музыканты,† 3 октября 1892 г,musicians_1892-93_SP_p004,"matched, same date","Дровинъ (Тробинъ), Антонъ-Карлъ",obituary,506,"d. 3 Oct 1892, SP",mentions
1892-93,Musicians,Ефимовъ,Василій,Ивановичъ,,Скрипка,Оперный оркестръ. Музыканты,† 21 іюля 1893 г,musicians_1892-93_MSK_p001,"matched, same date","Ефимовъ, Василій Ивановичъ",obituary,507,b. 7 Jan 1852; d. 21 July 1893,none
1892-93,Musicians,Мейеръ,Іоганъ-Фридрихъ,,,,Балетный оркестръ / Репетиторы,† 28 марта 1893 г,musicians_1892-93_SP_p002,"matched, date differs","Мейеръ, Іоганъ-Фридрихъ (Iohan Meyer)",obituary,510,b. 1831; d. 25 Mar 1893,core
1892-93,Musicians,Мирчке,Эрнестъ,,,Ударные инструменты,Оперный оркестръ. Музыканты,† 31 августа 1893 г,musicians_1892-93_MSK_p001,"matched, same date","Мирчке, Эрнстъ-Вильгельмъ",obituary,510,"d. 31 Aug 1893, SP",none
1892-93,Musicians,Пфейферъ,Ѳедоръ,Іосифовичъ,,Контрабасъ,Музыканты,† 17 декабря 1892 г,musicians_1892-93_SP_p005,"matched, same date","Пфейферъ, Ѳедоръ Осиповичъ",obituary,516,"b. 1848; d. 17 Dec 1892, SP",none
1892-93,Musicians,Фрей,Германъ,Христіановичъ,,Альтъ,Музыканты,† 1 марта 1893 г,musicians_1892-93_SP_p004,"matched, same date","Фрей, Германъ Христіановичъ (Hermann Frey)",obituary,523,"d. 1 Mar 1893, Freiwaldau",none
1892-93,ProductionTeam,Бьенвеню,Сильванъ,,Парики для всѣхъ труппъ.,,МОСКВА / Отдѣлъ гардеробный / Парикмахеръ,† 11 февраля 1893 г,productionteam_1892-93_p004,"matched, same date","Бьенвеню, Сильванъ",obituary,504,"b. 1835; d. 11 Feb 1893, Moscow",none
1892-93,ProductionTeam,Кунъ 2-й,Альбертъ,Карловичъ,,,МОСКВА / Отдѣлъ освѣтительный / Большой театръ / Помощникъ завѣдывающаго освѣщеніемъ,† 2 октября 1892 г,productionteam_1892-93_p004,"matched, same date","Кунъ 2-й, Альбертъ Карловичъ",obituary,507,"b. 11 Aug 1854; d. 2 Oct 1892, Moscow",none
1892-93,ProductionTeam,Хомяковъ,Петръ,Михайловичъ,,,МОСКВА / Отдѣлъ гардеробный / Мѣстные гардеробы / Гардеробмейстеры / Малый театръ,† 17 января 1893 г,productionteam_1892-93_p004,"matched, same date","Хомяковъ, Петръ Михайловичъ",obituary,523,"b. 1844; d. 17 Jan 1893, Moscow",none
1892-93,TheaterSchoolStaff,Кудрявцевъ,Александръ,Александровичъ,,Исторія драмы и театра,Императорское Московское Театральное Училище / Преподаватели / б) Драматическіе курсы,† 8 марта 1893 г,theaterschoolstaff_1892-93_p003,not in catalogue,,,,,
1893-94,BalletArtists,Пучковъ,Сергѣй,Ивановичъ,,,,† 4 сентября 1893 г,balletartists_1893-94_SP_p007,"matched, same date","Пучковъ, Сергѣй Ивановичъ",obituary,459,d. 4 Sept 1893; b. 7 Oct 1860,core
1893-94,Musicians,Альбрехтъ,Евгеній,Карловичъ,,,Инспекторъ музыки и завѣдывающій Центральной Музыкальной Библіотекой,† 28 января 1894 г,musicians_1893-94_SP_p000,"matched, same date","Альбрехтъ, Евгеній Карловичъ",obituary,447-450,d. 28 Jan 1894; b. 4 Jul 1842,none
1893-94,Musicians,Большаковъ,Іосифъ,Владиміровичъ,,Скрипка,Оркестръ оперы и балета. Музыканты,† 7 іюня 1894 г,musicians_1893-94_MSK_p000,"matched, same date","Большаковъ (Владиміровъ), Іосифъ Владиміровичъ",obituary,451,"d. 7 Jun 1894, aged 34; in service from 19 Sept 1882",core
1893-94,Musicians,Гоппе,Василій,Васильевичъ,,Туба,Музыканты,† 6 января 1894 г,musicians_1893-94_SP_p001,"matched, same date","Гоппе (Wilhelm Hoppe), Василій Васильевичъ",obituary,452,d. night of 5/6 Jan 1894; in service from 1 Sept 1884,core
1893-94,Musicians,Гофманъ,Іосифъ,,,Скрипка,Оркестръ оперы и балета. Музыканты,† 16 ноября 1893 г,musicians_1893-94_MSK_p001,"matched, same date","Гофманъ, Іосифъ",obituary,453,d. 16 Nov 1893 (Moscow); b. 1854; in service from 20 Oct 1880,core
1893-94,Musicians,Петерсенъ,Карлъ,Карловичъ,,Гобой,Музыканты,† 23 декабря 1893 г,musicians_1893-94_SP_p004,"matched, same date","Петерсенъ (Carl Petersen), Карлъ-Іоганъ",obituary,458,d. 23 Dec 1893; b. 1855,none
1893-94,TheaterSchoolStaff,Бостремъ,Ольга,Ѳедоровна,,,С.-Петербургское Театральное Училище / Инспектриса,† 8 марта 1894 г,theaterschoolstaff_1893-94_p000,"matched, same date","Бостремъ, Ольга Ѳедоровна",obituary,451,d. 8 Mar 1894; b. 14 Nov 1844,none
1893-94,TheaterSchoolStaff,Добрынинъ,Константинъ,Львовичъ,,Математика,Императорское Московское Театральное Училище / Преподаватели / а) Балетное отдѣленіе,† 8 іюня 1894 г,theaterschoolstaff_1893-94_p002,not in catalogue,,,,,
1894-95,BalletArtists,Доровеевъ,Іосифъ,Александровичъ,,,,† 28 ноября 1894 г,balletartists_1894-95_SP_p006,"matched, same date","Дороѳеевъ, Іосифъ Александровичъ",obituary,402,† 28-го ноября 1894 г. (Gatchina); b. 31 March 1864; in service from 1883 (seniority from 31 March 1880),core
1894-95,Musicians,Бенда,Маттіасъ,,,Ударные инструменты,Оркестръ оперы и балета. Музыканты,† 7 марта 1895 г,musicians_1894-95_MSK_p000,"matched, same date","Бенда, Маттіасъ Іосифовичъ",obituary,398,† 7-го марта 1895 г.; in service from 15 Jan 1879,core
1894-95,Musicians,Крюгеръ,Оскаръ,,,Вальдгорнъ,Музыканты,† 9 іюля 1895 г,musicians_1894-95_MSK_p003,"matched, same date","Крюгеръ, Оскаръ-Адольфъ (Oscar-Adolf Krüger)",obituary,405,"† 9-го іюля 1895 г. (drowned, Oranienbaum); in service from 1 Sept 1891",none
1894-95,Musicians,Франке 2-й,Ѳедоръ,Юліевичъ,,Вальдгорнъ,Музыканты,† 18 апрѣля 1895 г,musicians_1894-95_SP_p002,"matched, same date","Франке 2-й, Ѳедоръ Юльевичъ",obituary,417-418,† 18-го апрѣля 1895 г.; b. 1840; opera orchestra from 1 Oct 1873; 25-year jubilee 1 Sept 1893,none
1894-95,ProductionTeam,Бочаровъ 1-й,Михаилъ,Ильичъ,академикъ,,С.-ПЕТЕРБУРГЪ / Отдѣлъ декораціонный / Декораторы,† 13 іюля 1895 г,productionteam_1894-95_p000,"matched, same date",Михаилъ Ильичъ Бочаровъ,memorial_feature,388-396 (+ unnumbered portrait plate after p. 388),† 13-го іюля 1895 года (Strelna); b. 1832; decorator from 25 May 1864; 25-year jubilee Dec 1888,core
1894-95,TheaterSchoolStaff,Маннъ,Ипполитъ,Александровичъ,,,С.-Петербургское Театральное Училище / Почетные члены конференціи,† 10 декабря 1894 г,theaterschoolstaff_1894-95_p000,"matched, same date","Маннъ, Ипполитъ Александровичъ",obituary,406-407,† 10-го декабря 1894 г.; b. 29 Jan 1823,none
1894-95,TheaterSchoolStaff,Ѳедотовъ,Александръ,Филипповичъ,,Практика драматическаго искусства,С.-Петербургское Театральное Училище / Преподаватели / б) Драматическіе курсы,† 11 февраля 1895 г,theaterschoolstaff_1894-95_p002,"matched, same date","Ѳедотовъ, Александръ Филипповичъ",obituary,418-421,† 11-го февраля 1895 г.; b. 4 Nov 1841,none
1895-96,BalletArtists,Степановъ,Владиміръ,Ивановичъ,,,Артисты,† 16 января 1896 г,balletartists_1895-96_SP_p008,"matched, same date","Степановъ, Владиміръ Ивановичъ",obituary,504-505,"† 16-го января 1896 г. (Moscow, Mariinskaya hospital); born 17 June 1866",core
1895-96,Musicians,Бекке,Евгеній,Андреевичъ,,Литавры,Музыканты,† 17 января 1896 г,musicians_1895-96_SP_p004,"matched, same date","Бекке (Eugen Becke), Евгеній Генриховичъ (Андреевичъ)",obituary,488,"† 17-го января 1896 г. (SP), 39 лѣтъ",none
1895-96,Musicians,Бочарскій,Николай,Матвѣевичъ,,Кларнетъ,Музыканты,† 28 мая 1896 г,musicians_1895-96_SP_p004,"matched, same date","Бочарскій, Николай Матвѣевичъ",obituary,489,† 28-го мая 1896 г.; born 1855,none
1895-96,Musicians,Гебгардъ,Эдуардъ,Карловичъ,,Фаготъ,Музыканты,† 30 апрѣля 1896 г,musicians_1895-96_SP_p003,"matched, same date","Гебгардтъ (Joseph-Eduard Gebhardt), Эдуардъ Карловичъ",obituary,491-492,† 30-го апрѣля 1896 г. (SP); born 29 Dec 1861,none
1895-96,Musicians,Грибенъ,Августъ,Ѳедоровичъ,,Ударные инструменты,Музыканты,† 17 марта 1896 г,musicians_1895-96_SP_p001,"matched, same date","Грибенъ, Августъ Ѳедоровичъ",obituary,495-496,"† 17-го марта 1896 г. (SP), на 52-мъ году жизни",none
1895-96,Musicians,Захаревскій,Владиміръ,Григорьевичъ,,Кларнетъ,Музыканты,† 3 мая 1896 г,musicians_1895-96_SP_p003,"matched, same date","Захаревскій, Владиміръ Григорьевичъ",obituary,497,"† 3-го мая 1896 г. (SP), на 47-мъ году жизни",none
1895-96,Musicians,Шварцъ,Ѳедоръ,Ѳедоровичъ,,Вальдгорнъ,Музыканты,† 12 марта 1896 г,musicians_1895-96_SP_p002,"matched, same date","Шварцъ, Фридрихъ",obituary,506,"† 12-го марта 1896 г. (SP), 65-ти лѣтъ",none
1895-96,Musicians,Шенекерль,Василій,Андреевичъ,,Туба,Музыканты,† 9 декабря 1895 г,musicians_1895-96_SP_p002,"matched, date not comparable","Шенекерль (Wilhelm Schönekerl), Василій Андреевичъ",obituary,506,"«9-го декабря» (no year printed; presumably 1895) (SP), на 61-мъ году",none
1895-96,ProductionTeam,Андреевъ,Иванъ,Петровичъ,,,С.-ПЕТЕРБУРГЪ / Отдѣлъ декораціонный / Декораторы,† 15 іюня 1896 г,productionteam_1895-96_p000,"matched, same date","Андреевъ, Иванъ Петровичъ",obituary,486-487,† 15-го іюня 1896 г. (Лисій Носъ); born 3 Feb 1847,none
1895-96,TheaterSchoolStaff,Богородскій,Александръ,Николаевичъ,,Законъ Божій,Императорское Московское Театральное Училище / Преподаватели / а) Балетное отдѣленіе,† 9 сентября 1896 г,theaterschoolstaff_1895-96_p003,not in catalogue,,,,,
1895-96,TheaterSchoolStaff,Богородскій,Александръ,Николаевичъ,,,Императорское Московское Театральное Училище / Причтъ церкви Училища / Священникъ,† 9 сентября 1896 г,theaterschoolstaff_1895-96_p002,not in catalogue,,,,,
1895-96,TheaterSchoolStaff,Карпова,Ольга,Александровна,,,Императорское Московское Театральное Училище / Фельдшерица,† 4 января 1896 г,theaterschoolstaff_1895-96_p002,not in catalogue,,,,,
1895-96,TheaterSchoolStaff,Степановъ,Владиміръ,Ивановичъ,,Теорія и зацисываніе танцевъ,Императорское С.-Петербургское Театральное Училище / Преподаватели / а) Балетное отдѣленіе,† 16 января 1896 г,theaterschoolstaff_1895-96_p001,"matched, same date","Степановъ, Владиміръ Ивановичъ",obituary,504-505,"† 16-го января 1896 г. (Moscow, Mariinskaya hospital); born 17 June 1866",core
1896-97,Administrators,Данчичъ,Максимъ,Михайловичъ,колл. сов.,,С.-Петербургская Контора Императорскихъ театровъ / Хозяйственное отдѣленіе / Завѣдывающій экипажнымъ заведеніемъ,† 16 декабря 1896 г,administration_1896-97_p001,not in catalogue,,,,,
1896-97,Administrators,Поповъ,Дмитрій,Сергѣевичъ,колл. секр.,,Московская Контора Императорскихъ театровъ / Канцелярскіе чиновники Конторы,† 15 мая 1897 г,administration_1896-97_p003,not in catalogue,,,,,
1896-97,Musicians,Линднеръ,Фридрихъ,,,Гобой,Музыканты:,† 13 октября 1896 г,musicians_1896-97_MSK_p001,not in catalogue,,,,,
1896-97,Musicians,Тильпъ,Францъ,,,,Старшій библіотекарь Центральной Музыкальной Библіотеки.,† 21 мая 1897 г,musicians_1896-97_SP_p004,not in catalogue,,,,,
1896-97,Musicians,Шпарманъ,Робертъ,,,Скрипка,Оркестръ оперы и балета. Завѣдывающій дѣлами оркестровъ и капельмейстеръ оперы. Музыканты:,† 11 декабря 1896 г,musicians_1896-97_MSK_p002,not in catalogue,,,,,
1896-97,Musicians,Штаакъ,Константинъ,Ѳедоровичъ,,Первая скрипка,Музыканты,† 30 ноября 1896 г,musicians_1896-97_SP_p002,not in catalogue,,,,,
1896-97,ProductionTeam,Шишковъ,Матвѣй,Андреевичъ,профессоръ,,С.-ПЕТЕРБУРГЪ / Отдѣлъ декораціонный / Декораторы,† 5 іюня 1897 г,productionteam_1896-97_p000,not in catalogue,,,,,
1896-97,TheaterSchoolStaff,Бакинъ,Павелъ,Всеволодовичъ,,Рисованіе и чистописаніе,Императорское Московское Театральное Училище / Преподаватели / а) Балетное отдѣленіе,† 8-го апрѣля 1897 г,theaterschoolstaff_1896-97_p002,not in catalogue,,,,,
1896-97,TheaterSchoolStaff,Румянцева,Александра,Николаевна,,,Императорское Московское Театральное Училище / Классныя дамы,† 28-го марта 1897 г,theaterschoolstaff_1896-97_p002,not in catalogue,,,,,
1897-98,Administrators,Крашевскій,Николай,Антоновичъ,ст. сов.,,С.-Петербургская Контора Императорскихъ театровъ / Распорядительное отдѣленіе / Дѣлопроизводитель,† 8 мая 1898 г,administration_1897-98_p000,not in catalogue,,,,,
1897-98,BalletArtists,Ахмакова,Клавдія,Александровна,,,Артистки:,† 16 августа 1897 г,balletartists_1897-98_SP_p001,"matched, same date",К. А. Ахмакова,death_notice,259,16 Aug 1897,core
1897-98,BalletArtists,Литавкинъ,Сергѣй,Спиридоновичъ,,,,† 17 марта 1898 г,balletartists_1897-98_SP_p007,"matched, same date",С. С. Литавкинъ,death_notice,276,17 Mar 1898,core
1897-98,Musicians,Вальтеръ 2-й,Петръ,Ивановичъ,,Вторая скрипка,Музыканты,† 18 іюня 1898 г,musicians_1897-98_SP_p000,not in catalogue,,,,,
1897-98,Musicians,Рубинъ,Николай,Алексѣевичъ,,Труба,Музыканты,† 17 апрѣля 1898 г,musicians_1897-98_SP_p004,not in catalogue,,,,,
1897-98,ProductionTeam,Аслинъ,Василій,Андреевичъ,,,С.-ПЕТЕРБУРГЪ / Отдѣлъ гардеробный / Мѣстные гардеробы / Гардеробмейстеры / Михайловскій театръ,† 18 февраля 1898 г,productionteam_1897-98_p002,not in catalogue,,,,,
1897-98,ProductionTeam,Левотъ,Генрихъ,,,,С.-ПЕТЕРБУРГЪ / Отдѣлъ декораціонный / Декораторы,† 10 мая 1898 г,productionteam_1897-98_p000,not in catalogue,,,,,
1897-98,ProductionTeam,Шаталовъ,Дмитрій,Ивановичъ,,,МОСКВА / Отдѣлъ гардеробный / Мѣстные гардеробы / Гардеробмейстеры / Малый театръ,† 4 сентября 1897 г,productionteam_1897-98_p003,not in catalogue,,,,,
1897-98,TheaterSchoolStaff,Соловьевъ,Александръ,Капитоновичъ,ст. сов.,,Императорское С.-Петербургское Театральное Училище / Врачъ при Училищѣ,† 26-го февраля 1898 г,theaterschoolstaff_1897-98_p000,not in catalogue,,,,,
1898-99,Musicians,Абезгаузъ,Авраамъ-Борухъ,,,Фаготъ,Музыканты,† 17 апрѣля 1899 г,musicians_1898-99_MSK_p000,not in catalogue,,,,,
1898-99,ProductionTeam,Калашниковъ,Евгеній,Ивановичъ,,,С.-ПЕТЕРБУРГЪ / Отдѣлъ декораціонный / Машинисты и ихъ помощники / Маріинскій театръ / Старшій помощникъ машиниста,† 16 января 1899 г,productionteam_1898-99_p001,not in catalogue,,,,,
1898-99,ProductionTeam,Тимоѳеевъ,Владиміръ,Егоровичъ,,,С.-ПЕТЕРБУРГЪ / Отдѣлъ гардеробный / Мѣстные гардеробы / Гардеробмейстеры / Александринскій театръ,† 23 апрѣля 1899 г,productionteam_1898-99_p002,not in catalogue,,,,,
1898-99,TheaterSchoolStaff,Дюфоръ,Юлій,Ивановичъ,,Французскій языкъ,Императорское Московское Театральное Училище / Преподаватели / а) Балетное отдѣленіе,† 16 іюля 1899 г,theaterschoolstaff_1898-99_p003,not in catalogue,,,,,
1898-99,TheaterSchoolStaff,Дюфоръ,Юлій,Ивановичъ,,Французскій языкъ,Императорское Московское Театральное Училище / Преподаватели / б) Драматическіе курсы,† 16 іюля 1899 г,theaterschoolstaff_1898-99_p004,not in catalogue,,,,,
1899-00,Administrators,Томашевскій,Леонтій,Ивановичъ,тайн. сов.,,С.-Петербургская Контора Императорскихъ театровъ / Врачебная часть / Дежурные врачи,† 28 сентября 1900 г,administration_1899-00_p002,not in catalogue,,,,,
1899-00,BalletArtists,Блау,Василій,Александровичъ,,,Помощники режиссера:,† 19 ноября 1899 г,balletartists_1899-00_SP_p000,"matched, same date","Блау, Василій Александровичъ",obituary,147-148,b. 27 December 1837; entered service 27 March 1857; d. 19 November 1899,core
1899-00,Musicians,Нальхановъ,Сергѣй,Николаевичъ,,Гобой,Оркестръ оперы и балета / Музыканты,† 7 мая 1900 г,musicians_1899-00_MSK_p002,"matched, same date","Нальхановъ, Сергѣй Николаевичъ",obituary,[149],b. 13 September 1867; entered service 16 October 1897; d. 7 May 1900,none
1899-00,Musicians,Петровъ,Василій,Венедиктовичъ,,Вторая скрипка,Оркестръ оперы и балета / Музыканты,† 22 сентября 1899 г,musicians_1899-00_MSK_p002,"matched, same date","Петровъ, Василій Венедиктовичъ",obituary,[149],b. 22 January 1852; entered service 1 November 1876; d. 22 September 1899,none
1899-00,Musicians,Садовскій,Карлъ,Карловичъ,,Труба,Музыканты,† 16 іюня 1900 г,musicians_1899-00_SP_p003,"matched, same date","Садовскій, Карлъ Карловичъ",obituary,148,b. 19 October 1864; entered service 1 September 1882; d. 16 June 1900,none
1899-00,ProductionTeam,Ковалевскій,Ѳедоръ,Ѳедоровичъ,,,С.-ПЕТЕРБУРГЪ / Отдѣлъ декораціонный / Машинисты-механики и ихъ помощники / Михайловскій театръ / Помощники машиниста-механика,† 8 іюня 1899 г,productionteam_1899-00_p001,not in catalogue,,,,,
1899-00,ProductionTeam,Ланге,Иванъ,Карловичъ,,,С.-ПЕТЕРБУРГЪ / Отдѣлъ декораціонный / Декораторы,† 20 мая 1900 г,productionteam_1899-00_p000,not in catalogue,,,,,
1899-00,TheaterSchoolStaff,Григоровичъ,Дмитрій,Васильевичъ,,,Императорское С.-Петербургское Театральное Училище / Почетные члены конференціи,† 22 декабря 1899 г,theaterschoolstaff_1899-00_p000,not in catalogue,,,,,
1899-00,TheaterSchoolStaff,Добрынина,Елена,Андреевна,,,Императорское С.-Петербургское Театральное Училище / Классныя дамы,† 27 октября 1899 г,theaterschoolstaff_1899-00_p001,not in catalogue,,,,,
1899-00,TheaterSchoolStaff,Рюминъ,Иванъ,Ивановичъ,"д. ст. сов., въ званіи гофмейстера",,Императорское С.-Петербургское Театральное Училище / Управляющій Училищемъ,† 2 сентября 1899 г,theaterschoolstaff_1899-00_p000,"matched, same date","Рюминъ, Иванъ Ивановичъ",obituary,147,b. 9 June 1837; d. 2 September 1899,core
1899-00,TheaterSchoolStaff,Рюминъ,Иванъ,Ивановичъ,,,Императорское Московское Театральное Училище / Почетные члены конференціи,† 2 сентября 1899 г,theaterschoolstaff_1899-00_p003,"matched, same date","Рюминъ, Иванъ Ивановичъ",obituary,147,b. 9 June 1837; d. 2 September 1899,core
1900-01,Administrators,Краевскій,Владиславъ,Францевичъ,ст. сов.,,С.-Петербургская Контора Императорскихъ театровъ / Врачебная часть / Дежурные врачи,† 1 марта 1901 г,administration_1900-01_p002,not in catalogue,,,,,
1900-01,Administrators,Лилѣевъ,Ѳедоръ,Николаевичъ,ст. сов.,,С.-Петербургская Контора Императорскихъ театровъ / Врачебная часть / Дежурные врачи,† 11 января 1901 г,administration_1900-01_p002,not in catalogue,,,,,
1900-01,Administrators,Шретеръ,Викторъ,Александровичъ,д. ст. сов.,,С.-Петербургская Контора Императорскихъ театровъ / Хозяйственное отдѣленіе / Архитекторы,† 16 апрѣля 1901 г,administration_1900-01_p001,not in catalogue,,,,,
1900-01,BalletArtists,Брыкинъ,Николай,Константиновичъ,,,,† 15 мая 1901 г,balletartists_1900-01_MSK_p006,not in catalogue,,,,,
1900-01,BalletArtists,Морозова,Екатерина,Михайловна,,,Учащіяся,† 13 сентября 1900 г,balletartists_1900-01_MSK_p003,not in catalogue,,,,,
1900-01,BalletArtists,Скорсюкъ,Марія,Сергѣевна,,,,† 15 января 1901 г,balletartists_1900-01_SP_p004,not in catalogue,,,,,
1900-01,BalletArtists,Шебергъ,Ольга,Карловна,,,Артисты,† 3 декабря 1900 г,balletartists_1900-01_SP_p005,not in catalogue,,,,,
1900-01,BalletArtists,Ячменева,Марія,Сергѣевна,,,Артисты:,† 2 іюня 1901 г,balletartists_1900-01_MSK_p005,not in catalogue,,,,,
1900-01,Musicians,Рамбоусекъ,Іосифъ,,,Контрабасъ,Музыканты,† 10 марта 1901 г,musicians_1900-01_MSK_p002,not in catalogue,,,,,
1900-01,Musicians,Шиманъ,Михаилъ,Викторовичъ,,Вторая скрипка,Музыканты,† 7 декабря 1900 г,musicians_1900-01_MSK_p003,not in catalogue,,,,,
1900-01,ProductionTeam,Барановъ,Абрамъ,Ефимовичъ,,,МОСКВА / Отдѣлъ декораціонный / Помощники декораторовъ,† 30 сентября 1899 г,productionteam_1900-01_p003,not in catalogue,,,,,
1900-01,ProductionTeam,Бойкова,Вѣра,Эдуардовна,,,"МОСКВА / Отдѣлъ гардеробный / Главный гардеробъ / Смотрительницы отдѣловъ / Отдѣлъ головныхъ уборовъ, обуви и бѣлья",† 26 марта 1899 г,productionteam_1900-01_p004,not in catalogue,,,,,
1900-01,ProductionTeam,Ковалевскій,Ѳедоръ,Ѳедоровичъ,,,С.-ПЕТЕРБУРГЪ / Отдѣлъ декораціонный / Машинисты-механики и ихъ помощники / Михайловскій театръ / Помощники машиниста-механика,† 8 іюня 1899 г,productionteam_1900-01_p001,not in catalogue,,,,,
1900-01,ProductionTeam,Краюшкинъ,Николай,Владиміровичъ,,,МОСКВА / Отдѣлъ декораціонный / Помощники декораторовъ,† 20 ноября 1898 г,productionteam_1900-01_p003,not in catalogue,,,,,
1900-01,TheaterSchoolStaff,Головина,Матильда,Антоновна,,,Императорское Московское Театральное Училище / Классныя дамы,† 9 іюня 1901 г,theaterschoolstaff_1900-01_p003,not in catalogue,,,,,
1900-01,TheaterSchoolStaff,Поповъ,Владиміръ,Васильевичъ,,Рисованіе и гримъ,Императорское Московское Театральное Училище / Преподаватели / б) Драматическіе курсы,† 5 октября 1900 г,theaterschoolstaff_1900-01_p004,not in catalogue,,,,,
1900-01,TheaterSchoolStaff,Поповъ,Владиміръ,Васильевичъ,,Рисованіе,Императорское Московское Театральное Училище / Преподаватели / а) Балетное отдѣленіе,† 5 октября 1900 г,theaterschoolstaff_1900-01_p004,not in catalogue,,,,,
1900-01,TheaterSchoolStaff,Флеровъ,Сергѣй,Васильевичъ,,,Императорское Московское Театральное Училище / Почетные члены конференціи,† 5 апрѣля 1901 г,theaterschoolstaff_1900-01_p003,not in catalogue,,,,,
1901-02,Administrators,Тарасовъ,Ѳедоръ,Лаврентьевичъ,надв. сов.,,С.-Петербургская Контора Императорскихъ театровъ / Монтировочная часть / Дѣлопроизводители монтировочнаго отдѣленія,† 18 августа 1902 г,administration_1901-02_p001,not in catalogue,,,,,
1901-02,BalletArtists,Ивановъ,Левъ,Ивановичъ,,,Второй балетмейстеръ,† 11 декабря 1901 г,balletartists_1901-02_SP_p000,"matched, same date","Ивановъ, Левъ Ивановичъ",obituary,"[unnumbered plate], 67-68",b. 1834; † 11 December 1901,core
1901-02,Musicians,Оглоблинъ,Иванъ,Панкратьевичъ,,,Капельмейстеръ военной музыки,† 11 ноября 1901 г,musicians_1901-02_SP_p000,not in catalogue,,,,,
1901-02,Musicians,Палице,Іосифъ,Ивановичъ,,Вторая скрипка,,† 23 мая 1902 г,musicians_1901-02_MSK_p002,not in catalogue,,,,,
1901-02,Musicians,Хиллэ,Оскаръ,Ѳедоровичъ,,Первая скрипка,Музыканты,† 24 марта 1902 г,musicians_1901-02_SP_p003,not in catalogue,,,,,
1901-02,ProductionTeam,Ивановъ,Иванъ,Ивановичъ,,,МОСКВА / Отдѣлъ декораціонный / Малый театръ / Ст. помощникъ машиниста,† 22 февраля 1902 г,productionteam_1901-02_p003,not in catalogue,,,,,
1901-02,ProductionTeam,Кирилловъ,Владиміръ,Ивановичъ,,,С.-ПЕТЕРБУРГЪ / Отдѣлъ декораціонный / Помощники декораторовъ,† 27 сентября 1901 г,productionteam_1901-02_p000,not in catalogue,,,,,
1901-02,ProductionTeam,Кунъ,Альбертъ,Францевичъ,,,МОСКВА / Отдѣлъ освѣтительный / Большой театръ / Завѣдывающій освѣщеніемъ,† 11 октября 1901 г,productionteam_1901-02_p003,not in catalogue,,,,,
1901-02,TheaterSchoolStaff,Острогорскій,Викторъ,Петровичъ,,Русская и иностранная литература,Императорское С.-Петербургское Театральное Училище / Преподаватели / б) Драматическіе курсы,† 1 апрѣля 1902 г,theaterschoolstaff_1901-02_p002,not in catalogue,,,,,
1902-03,BalletArtists,Симонова,Антонина,Александровна,,,,† 30 апрѣля 1903 г,balletartists_1902-03_SP_p004,not in catalogue,,,,,
1902-03,Musicians,Козловъ,Михаилъ,Ѳедоровичъ,,,Репетиторы,† 5 ноября 1902 г,musicians_1902-03_MSK_p000,not in catalogue,,,,,
1902-03,Musicians,Ромашковъ 1-й,Капитонъ,Андреевичъ,,Контрабасъ,Музыканты,† 20 сентября 1902 г,musicians_1902-03_MSK_p002,not in catalogue,,,,,
1902-03,Musicians,Фарскій,Альбертъ,Карловичъ,,,Музыкальная библіотека / Библіотекарь,† 31 августа 1903 г,musicians_1902-03_MSK_p004,not in catalogue,,,,,
1902-03,Musicians,Фарскій,Альбертъ,Карловичъ,,Альтъ,Музыканты,† 31 августа 1903 г,musicians_1902-03_MSK_p004,not in catalogue,,,,,
1902-03,ProductionTeam,Грасицкій,Петръ,Леонтьевичъ,,,МОСКВА / Отдѣлъ освѣтительный / Новый театръ / Завѣдывающій освѣщеніемъ,† 4 сентября 1902 г,productionteam_1902-03_p003,not in catalogue,,,,,
1902-03,ProductionTeam,Лупановъ,Алексѣй,Родіоновичъ,,,С.-ПЕТЕРБУРГЪ / Отдѣлъ декораціонный / Помощники декораторовъ,† 29 мая 1903 г,productionteam_1902-03_p000,not in catalogue,,,,,
1902-03,TheaterSchoolStaff,Зрячковъ,Николай,Яковлевичъ,,Рисованіе и чистописаніе,Императорское С.-Петербургское Театральное Училище / Преподаватели / а) Балетное отдѣленіе,† 1 марта 1903 г,theaterschoolstaff_1902-03_p001,not in catalogue,,,,,
1902-03,TheaterSchoolStaff,Миронниковъ,Александръ,Васильевичъ,кол. секр.,,Императорское С.-Петербургское Театральное Училище / Канцелярскій чиновникъ,† 21 ноября 1902 г,theaterschoolstaff_1902-03_p000,not in catalogue,,,,,
1902-03,TheaterSchoolStaff,Шемаевъ,Василій,Романовичъ,,Практика драматическаго искусства,Императорское С.-Петербургское Театральное Училище / Преподаватели / б) Драматическіе курсы,† 1902 г,theaterschoolstaff_1902-03_p002,not in catalogue,,,,,
1903-04,Musicians,Барминъ,Василій,Антоновичъ,,,Оркестръ оперы и балета / Репетиторы,† 16 декабря 1903 г,musicians_1903-04_MSK_p000,not in catalogue,,,,,
1903-04,Musicians,Герасимовъ,Николай,Петровичъ,,Альтъ,Музыканты,† 2 іюля 1904 г,musicians_1903-04_SP_p004,not in catalogue,,,,,
1903-04,Musicians,Зюсъ,Францъ,,,Ударные инструменты,Музыканты,† 11 декабря 1903 г,musicians_1903-04_MSK_p001,not in catalogue,,,,,
1903-04,Musicians,Мацулевичъ,Мечиславъ,Владиславовичъ,,Віолончель,Музыканты,† 29 іюня 1904 г,musicians_1903-04_SP_p005,not in catalogue,,,,,
1903-04,Musicians,Фельдтъ,Павелъ,Павловичъ,,,Оркестръ оперы и балета / Капельмейстеръ оперы,† 28 августа 1904 г,musicians_1903-04_MSK_p000,not in catalogue,,,,,
1903-04,ProductionTeam,Сизовъ,Владиміръ,Ильичъ,,,МОСКВА / Отдѣлъ гардеробный / Художникъ-консультантъ,† 19 октября 1904 г,productionteam_1903-04_p003,not in catalogue,,,,,
1903-04,TheaterSchoolStaff,Іогансонъ,Христіанъ,Петровичъ,,,Императорское С.-Петербургское Театральное Училище / Почетные члены конференціи,† зимою 1904 г,theaterschoolstaff_1903-04_p000,not in catalogue,,,,,
1904-05,BalletArtists,Александровъ,Михаилъ,Михайловичъ,,,,† 4 августа 1905 г,balletartists_1904-05_SP_p006,not in catalogue,,,,,
1904-05,BalletArtists,Рославлева,Любовь,Андреевна,,,,† 9 ноября 1904 г,balletartists_1904-05_MSK_p003,not in catalogue,,,,,
1904-05,BalletArtists,Тройниковъ,Константинъ,Ивановичъ,,,,† 16 марта 1905 г,balletartists_1904-05_MSK_p008,not in catalogue,,,,,
1904-05,Musicians,Барминъ,Василій,Антоновичъ,,,Репетиторы:,† 16 декабря 1903 г,musicians_1904-05_MSK_p000,not in catalogue,,,,,
1904-05,Musicians,Козловъ,Михаилъ,Ѳедоровичъ,,,Репетиторы:,† 5 ноября 1902 г,musicians_1904-05_MSK_p000,not in catalogue,,,,,
1904-05,Musicians,Фельдтъ,Павелъ,Павловичъ,,,Оркестръ оперы и балета / Капельмейстеръ оперы,† 28 августа 1904 г,musicians_1904-05_MSK_p000,not in catalogue,,,,,
1904-05,ProductionTeam,Сизовъ,Владиміръ,Ильичъ,,,МОСКВА / Отдѣлъ гардеробный / Художникъ-консультантъ,† 19 октября 1904 г,productionteam_1904-05_p004,not in catalogue,,,,,
1904-05,TheaterSchoolStaff,Іогансонъ,Христіанъ,Петровичъ,,,Императорское С.-Петербургское Театральное Училище / Почетные члены конференціи,† зимою 1904 г,theaterschoolstaff_1904-05_p000,not in catalogue,,,,,
1904-05,TheaterSchoolStaff,Брянцева,Александра,Яковлевна,,,Императорское Московское Театральное Училище / Фельдшерицы,† 29 сентября 1904 г,theaterschoolstaff_1904-05_p003,not in catalogue,,,,,
1904-05,TheaterSchoolStaff,Невскій,Александръ,Максимовичъ,,Практика драматическаго искусства,Императорское Московское Театральное Училище / Преподаватели / б) Драматическіе курсы,† 10 августа 1904 г,theaterschoolstaff_1904-05_p005,not in catalogue,,,,,
1904-05,TheaterSchoolStaff,Сизовъ,Владиміръ,Ильичъ,,Бытовая исторія,Императорское Московское Театральное Училище / Преподаватели / б) Драматическіе курсы,† 19 октября 1904 г,theaterschoolstaff_1904-05_p005,not in catalogue,,,,,
1904-05,TheaterSchoolStaff,Сизовъ,Владиміръ,Ильичъ,,,Императорское Московское Театральное Училище / Почетные члены конференціи,† 19 октября 1904 г,theaterschoolstaff_1904-05_p003,not in catalogue,,,,,
1904-05,TheaterSchoolStaff,Стороженко,Николай,Ильичъ,,,Императорское Московское Театральное Училище / Почетные члены конференціи,† 12 января 1906 г,theaterschoolstaff_1904-05_p003,not in catalogue,,,,,
1905-06,Administrators,Пономаревъ,Евгеній,Петровичъ,надв. сов.,,С.-Петербургская Контора Императорскихъ театровъ / Монтировочная часть / Художникъ и библіотекарь монтировочной библіотеки,† 3 февраля 1906 г,administration_1905-06_p001,not in catalogue,,,,,
1905-06,Musicians,Бергхольцъ,Викторъ,Рудольфовичъ,,Первая скрипка,Музыканты,† 22 сентября 1905 г,musicians_1905-06_SP_p001,not in catalogue,,,,,
1905-06,Musicians,Галкинъ,Николай,Владиміровичъ,,,Капельмейстеръ,† 8 мая 1906 г,musicians_1905-06_SP_p004,not in catalogue,,,,,
1905-06,Musicians,Гримъ,Карлъ,Карловичъ,,Ударные инструменты,Музыканты,† 9 марта 1906 г,musicians_1905-06_SP_p002,not in catalogue,,,,,
1905-06,Musicians,Корнѣевъ,Сергѣй,Васильевичъ,,Контрабасъ,Музыканты,† 22 декабря 1905 г,musicians_1905-06_SP_p002,not in catalogue,,,,,
1905-06,Musicians,Майеръ-Пирко,Германъ,Германовичъ,,Первая скрипка,Музыканты,† 12 іюня 1906 г,musicians_1905-06_SP_p006,not in catalogue,,,,,
1905-06,Musicians,Шнейдеръ,Германъ,,,Контрабасъ,Музыканты,† 8 января 1906 г,musicians_1905-06_MSK_p004,not in catalogue,,,,,
1905-06,TheaterSchoolStaff,Легатъ,Сергѣй,Густавовичъ,,Танцы,Императорское С.-Петербургское Театральное Училище / Преподаватели / а) Балетное отдѣленіе,† 18 октября 1905 г,theaterschoolstaff_1905-06_p001,not in catalogue,,,,,
1905-06,TheaterSchoolStaff,Теличкина,Екатерина,Дмитріевна,,,Императорское Московское Театральное Училище / Классныя дамы,† 28 іюня 1906 г,theaterschoolstaff_1905-06_p003,not in catalogue,,,,,
1906-07,Administrators,Лееръ,Евгеній,Генриховичъ,полковникъ л.-гв. Уланскаго полка,,С.-Петербургская Контора Императорскихъ театровъ / Хозяйственное отдѣленіе / Маріинскій театръ,† 25 ноября 1906 г,administration_1906-07_p001,not in catalogue,,,,,
1906-07,BalletArtists,Иванова 2-я,Наталья,Евдокимовна,,,Воспитанницы,† 6 февраля 1907 г,balletartists_1906-07_MSK_p002,not in catalogue,,,,,
1906-07,BalletArtists,Константиновъ,Петръ,Александровичъ,,,Репетиторы:,† 25 декабря 1906 г,balletartists_1906-07_SP_p000,not in catalogue,,,,,
1906-07,BalletArtists,Рябовъ,Александръ,Петровичъ,,,,† 2 ноября 1906 г,balletartists_1906-07_MSK_p007,not in catalogue,,,,,
1906-07,Musicians,Галкинъ,Николай,Владиміровичъ,,,Оркестръ Александринскаго театра / Капельмейстеръ,† 8 мая 1906 г,musicians_1906-07_SP_p003,not in catalogue,,,,,
1906-07,Musicians,Келеръ,Эрнестъ,Іосифовичъ,,Флейта,Музыканты,† 4 мая 1907 г,musicians_1906-07_SP_p001,not in catalogue,,,,,
1906-07,Musicians,Кириловъ,Петръ,Ивановичъ,,Віолончель,Музыканты,† 13 сентября 1907 г,musicians_1906-07_SP_p001,not in catalogue,,,,,
1906-07,Musicians,Константиновъ,Петръ,Александровичъ,,,Оркестръ оперы и балета / Репетиторы балета,† 27 декабря 1906 г,musicians_1906-07_SP_p000,not in catalogue,,,,,
1906-07,Musicians,Новоселовъ,Александръ,Ильичъ,,,Старшій библіотекарь Центральной Музыкальной Библіотеки.,†,musicians_1906-07_SP_p006,not in catalogue,,,,,
1906-07,Musicians,Плесковъ,Николай,Ивановичъ,,Первая скрипка,Оркестръ Александринскаго театра / Музыканты,† 3 мая 1907 г,musicians_1906-07_SP_p004,not in catalogue,,,,,
1906-07,TheaterSchoolStaff,Теличкина,Екатерина,Дмитріевна,,,Императорское Московское Театральное Училище / Классныя дамы,† 28 іюня 1906 г,theaterschoolstaff_1906-07_p003,not in catalogue,,,,,
1907-08,Administrators,Генъ,Анатолій,Александровичъ,д. ст. сов.,,С.-Петербургская Контора Императорскихъ театровъ / Врачебная часть / Старшій врачъ,† 1907 г,administration_1907-08_p001,not in catalogue,,,,,
1907-08,Administrators,Лееръ,Евгеній,Генриховичъ,полковникъ л.-гв. Уланскаго полка,,С.-Петербургская Контора Императорскихъ театровъ / Хозяйственное отдѣленіе / Полиціймейстеры театровъ VII кл / Маріинскій театръ,† 25 ноября 1906 г,administration_1907-08_p001,not in catalogue,,,,,
1907-08,BalletArtists,Гиллертъ,Станиславъ,Феликсовичъ,,,,† 19 декабря 1907 г,balletartists_1907-08_SP_p007,"matched, date not comparable",Гиллертъ,death_notice,105,season 1907-08,core
1907-08,Musicians,Зедникъ,Меѳодій,Іосифовичъ,,Вторая скрипка,Оркестръ Александринскаго театра / Музыканты,† 11 апрѣля 1908 г,musicians_1907-08_SP_p003,not in catalogue,,,,,
1907-08,Musicians,Кириловъ,Петръ,Ивановичъ,,Віолончель,Оркестръ оперы и балета / Музыканты,† 13 сентября 1907 г,musicians_1907-08_SP_p001,not in catalogue,,,,,
1907-08,Musicians,Ла-Віа,Марія,,,Арфа,Оркестръ оперы и балета / Музыканты,† 14 мая 1908 г,musicians_1907-08_SP_p001,not in catalogue,,,,,
1907-08,Musicians,Новоселовъ,Александръ,Ильичъ,,,Старшій библіотекарь Центральной Музыкальной Библіотеки.,† 5 мая 1908 г,musicians_1907-08_SP_p004,not in catalogue,,,,,
1907-08,Musicians,Томсонъ,Николай,Фридриховичъ,,Валторна,Музыканты,† 3 іюня 1908 г,musicians_1907-08_MSK_p002,not in catalogue,,,,,
1907-08,TheaterSchoolStaff,Генъ,Анатолій,Александровичъ,д. ст. сов.,,Императорское С.-Петербургское Театральное Училище / Врачъ при Училищѣ,† 1907 г,theaterschoolstaff_1907-08_p000,not in catalogue,,,,,
1907-08,TheaterSchoolStaff,Теличкина,Екатерина,Дмитріевна,,,Императорское Московское Театральное Училище / Классныя дамы,† 28 іюня 1906 г,theaterschoolstaff_1907-08_p003,not in catalogue,,,,,
1909-10,BalletArtists,Петипа,Маріусъ,Ивановичъ,,,Балетмейстеръ,† 1 іюля 1910 г,balletartists_1909-10_SP_p000,not in catalogue,,,,,
1909-10,TheaterSchoolStaff,Всеволожской,Иванъ,Александровичъ,,,Императорское С.-Петербургское Театральное Училище / Почетные члены конференціи,† 28 октября 1909 г,theaterschoolstaff_1909-10_p000,"matched, date differs","Всеволожскій, Иванъ Александровичъ",obituary,122-123,"† 29 октября 1909 г., на 75-мъ году жизни",core
1910-11,Musicians,Михаловскій 2-й,Сигизмундъ,Викентьевичъ,,Вторая скрипка,Оркестръ оперы и балета / Музыканты:,† 11 мая 1911 г,musicians_1910-11_SP_p002,not in catalogue,,,,,
1910-11,Musicians,Передерій,Иванъ,Васельевичъ,,Первая скрипка,Оркестръ оперы и балета / Музыканты:,† 29 августа 1911 г,musicians_1910-11_SP_p002,not in catalogue,,,,,
1910-11,Musicians,Широковъ,Гаврилъ,Ѳедоровичъ,,Вальдгорнъ,Оркестръ оперы и балета / Музыканты:,† 25 іюня 1911 г,musicians_1910-11_SP_p003,not in catalogue,,,,,
