image_file,printed_page,name_verbatim,date_verbatim,opening_words_verbatim,notes
1909_Vol_VI-VII__1908-09_Jubilees_p02.png,143,Ульрихъ Іосифовичъ Авранекъ,10-го декабря,(По поводу 25-лѣтія его службы въ Московской Императорской оперѣ). 10-го декабря У. І. Авранекъ дирижеръ и хормейстеръ Императорской оперы праздновалъ 25 лѣтіе,no year printed with the date
1909_Vol_VI-VII__1908-09_Jubilees_p02.png,143,Ипполитъ Карловичъ Альтани,,"(По поводу 25-лѣтія его дирижерской дѣятельности). И. К. Альтани, сынъ военнаго капельмейстера, началъ свои музыкальныя занятія",no day/month date in heading or opening lines (entry body not read in full)
1909_Vol_VI-VII__1908-09_Jubilees_p04.png,145,Андрей Федоровичъ Арендсъ,,"(По случаю 25-лѣтняго юбилея). А. Ф. Арендсъ родился въ Москвѣ 2 марта 1855 г., учился въ Московской консерваторіи","no day/month date in heading or opening lines (entry body not read in full); heading has Федоровичъ with Ф, not Ѳ"
1909_Vol_VI-VII__1908-09_Jubilees_p05.png,146,Левъ Семеновичъ Ауэръ,14-го декабря 1908 г.,(По поводу сорокалѣтія его музыкальной дѣятельности). 14-го декабря 1908 г. праздновалось сорокалѣтіе музыкальной дѣятельности извѣстнаго скрипача-виртуоза Л. С. Ауэръ,surname left uninflected in text (Л. С. Ауэръ)
1909_Vol_VI-VII__1908-09_Jubilees_p06.png,147,Петръ Дмитріевичъ Боборыкинъ,,(По поводу 50-тилѣтія его литературной дѣятельности). Петръ Дмитріевичъ Боборыкинъ родился 15 августа 1836 года. Первоначальное образованіе,no day/month date in heading or opening lines (entry body not read in full); heading has no closing full stop
1909_Vol_VI-VII__1908-09_Jubilees_p07.png,148,Надежда Сергѣевна Васильева,,По поводу сорокалѣтней ея сценической дѣятельности и тридцати-пяти-лѣтія пребыванія на Императорской сценѣ. Н. С. Васильева принадлежитъ къ числу тѣхъ актрисъ,no day/month date in heading or opening lines (entry body not read in full); subtitle not in parentheses
1909_Vol_VI-VII__1908-09_Jubilees_p09.png,150,Ѳедоръ Петровичъ Горевъ,,(По поводу 40-лѣтія его сценической дѣятельности). Ѳ. П. Горевъ свою сценическую карьеру началъ совсѣмъ молодымъ человѣкомъ,no day/month date in heading or opening lines (entry body not read in full)
1909_Vol_VI-VII__1908-09_Jubilees_p11.png,152,Лидія Юрьевна Звягина,18 ноября,(По поводу 20-лѣтія ея оперной дѣятельности). 18 ноября на сценѣ Московскаго Большого Императорскаго театра состоялся прощальный бенефисъ Л. Ю. Звягиной,no year printed with the date
1909_Vol_VI-VII__1908-09_Jubilees_p12.png,153,Михаилъ Михайловичъ Ипполитовъ-Ивановъ,23 января,23 января исполнилось 25-тилѣтіе композиторской дѣятельности директора Московской консерваторіи М. М. Ипполитова-Иванова,no subtitle; no year printed with the date
1909_Vol_VI-VII__1908-09_Jubilees_p13.png,154,Клеопатра Александровна Каратыгина,Въ концѣ августа 1909 года,(Листки изъ автобіографіи). ...«Въ концѣ августа 1909 года исполнилось сорокалѣтіе моей сценической дѣятельности на драматической сценѣ,
1909_Vol_VI-VII__1908-09_Jubilees_p16.png,157,Георгій Александровичъ Козаченко,,"(По поводу 35-лѣтія его музыкальной дѣятельности и 25-лѣтія завѣдыванія хоромъ русской оперы). Г. А. Козаченко родился въ Петербургѣ, 20 апрѣля 1858 года",no day/month date in heading or opening lines (entry body not read in full)
1909_Vol_VI-VII__1908-09_Jubilees_p17.png,158,Николай Алексѣевичъ Кореневъ,,(По поводу 25-лѣтія его службы въ театрѣ). Николай Алексѣевичъ Кореневъ—уроженецъ Москвы. Первоначально свою артистическую дѣятельность началъ въ провинціи,no day/month date in heading or opening lines (entry body not read in full)
1909_Vol_VI-VII__1908-09_Jubilees_p17.png,158,Цезарь Антоновичъ Кюи,,"(По поводу 50-лѣтія его музыкальной дѣятельности). Цезарь Антоновичъ Кюи родился въ Вильнѣ, 6 января 1835 г. года","no day/month date in heading or opening lines (entry body not read in full); ""1835 г. года"" doubled as printed"
1909_Vol_VI-VII__1908-09_Jubilees_p18.png,159,Василій Васильевичъ Кюнеръ,23 апрѣля,"23 апрѣля исполнилось 50-лѣтіе дѣятельности В. В. Кюнера, извѣстнаго музыкальнаго педагога и композитора",no subtitle; no year printed with the date
1909_Vol_VI-VII__1908-09_Jubilees_p19.png,160,Паулина Лукка,,Паулина Лукка занимала отъ начала шестидесятыхъ и до конца семидесятыхъ годовъ,no subtitle; no day/month date in heading or opening lines (entry body not read in full)
1909_Vol_VI-VII__1908-09_Jubilees_p20.png,161,Эдуардъ Францевичъ Направникъ,,(По поводу 45-лѣтія его музыкальной дѣятельности). Э. Ф. Направникъ родился 12 августа 1839 года въ Богеміи близъ Кениггреца,no day/month date in heading or opening lines (entry body not read in full)
1909_Vol_VI-VII__1908-09_Jubilees_p21.png,162,Анна Матвѣевна Павлова,18 ноября 1909 г.,(По поводу 10-лѣтія ея артистической дѣятельности). 18 ноября 1909 г. на сценѣ Маріинскаго театра праздновала десятилѣтіе своего служенія,"heading has no ordinal; text line 2 gives ""Анна Матвѣевна Павлова 2-я"""
1909_Vol_VI-VII__1908-09_Jubilees_p22.png,163,Осипъ Андреевичъ Правдинъ,,(Страничка изъ автобіографіи артиста). «...Я родился въ Петербургѣ 16 іюня 1846 года. Отецъ мой имѣлъ торговое дѣло,no day/month date in heading or opening lines (entry body not read in full); Андреевичъ with е (not ѣ) in heading
1909_Vol_VI-VII__1908-09_Jubilees_p26.png,167,Аделина Патти,,(По случаю 50-лѣтія артистической карьеры). А. Патти родилась въ 1839 году. Отецъ ея былъ итальянецъ,"no day/month date in heading or opening lines (entry body not read in full); printed after Правдинъ, before Преображенская (out of alphabetical order)"
1909_Vol_VI-VII__1908-09_Jubilees_p27.png,168,Ольга Осиповна Преображенская,на дняхъ,"(По поводу двадцатилѣтія ея пребыванія въ балетѣ). О. О. Преображенская, справлявшая на дняхъ свое двадцатилѣтнее служеніе балету",heading has no closing full stop; no calendar date in opening lines
1909_Vol_VI-VII__1908-09_Jubilees_p29.png,170,О. О. Садовская,29 декабря 1909 года,(Къ сорокалѣтію ея сценической дѣятельности). [4-line verse epigraph] 29 декабря 1909 года исполнилось 40-лѣтіе дѣятельности одной изъ выдающихся артистокъ,initials only in heading; text: О. О. Лазаревой-Садовской
1909_Vol_VI-VII__1908-09_Jubilees_p31.png,172,Томазо Сальвини,,(По поводу 80-лѣтія его рожденія). Томазо Сальвини происходитъ изъ артистической семьи. Его родители,birth given in text: Родился онъ 1 января 1829 года; printed before Садовской
1909_Vol_VI-VII__1908-09_Jubilees_p34.png,175,Михаилъ Провичъ Садовской,,"(По поводу сорокалѣтняго пребыванія на сценѣ Императорскаго Московскаго Малаго театра). М. П. Садовской, другъ Островскаго, А. Ѳ. Писемскаго",no day/month date in heading or opening lines (entry body not read in full)
1909_Vol_VI-VII__1908-09_Jubilees_p35.png,176,Николай Ѳеопемптовичъ Соловьевъ,Въ маѣ 1908 г.,(По поводу 40-лѣтней музыкальной дѣятельности). Въ маѣ 1908 г. исполнилось 40-лѣтіе критической и композиторской дѣятельности,
1909_Vol_VI-VII__1908-09_Jubilees_p36.png,177,Алексѣй Сергѣевичъ Суворинъ,,(По поводу 50-лѣтія его литературной и сценической дѣятельности). А. С. Суворинъ родился 11 Сентября 1834 г. въ селѣ Коршевѣ,no day/month date in heading or opening lines (entry body not read in full)
1909_Vol_VI-VII__1908-09_Jubilees_p37.png,178,Николай Николаевичъ Ходотовъ,,(По поводу 10-лѣтія его сценической дѣятельности на Императорской сценѣ). Н. Н. Ходотовъ съ юныхъ лѣтъ чувствовалъ призваніе къ театру,no day/month date in heading or opening lines (entry body not read in full)
1911_Vol_VII__1910-11_Jubilees_p02.png,121,Р. Б. Аполлонскій,21 мая 1911 г.,21 мая 1911 г. истекло 30-ти-лѣтіе службы на сценѣ Александринскаго театра,
1911_Vol_VII__1910-11_Jubilees_p02.png,121,В. П. Буренинъ,24 ноября 1911 г.,"24 ноября 1911 г. исполнилось пятидесятилѣтіе литературной дѣятельности В. П. Буренина, критика, поэта",
1911_Vol_VII__1910-11_Jubilees_p03.png,122,К. Ѳ. Вальцъ,3 октября т. г.,"К. Ѳ. Вальцъ 3 октября т. г. отпраздновалъ 50-ти-лѣтіе службы своей, въ качествѣ декоратора",
1911_Vol_VII__1910-11_Jubilees_p04.png,123,М. М. Глѣбова,Въ декабрѣ 1911 г.,Въ декабрѣ 1911 г. исполнилось 50-ти-лѣтіе сценической дѣятельности извѣстной драматической артистки,
1911_Vol_VII__1910-11_Jubilees_p04.png,123,В. П. Далматовъ,Въ сентябрѣ 1911 года,Въ сентябрѣ 1911 года исполнилось 20-ти-лѣтіе служенія на Императорской Александринской сценѣ,
1911_Vol_VII__1910-11_Jubilees_p05.png,124,М. И. Долина,24 апрѣля 1911 г.,24 апрѣля 1911 г. минуло 25 лѣтъ со времени перваго дебюта Солистки Его Величества,
1911_Vol_VII__1910-11_Jubilees_p06.png,125,Ю. В. Корвинъ-Круковской,1 іюня 1911 г.,1 іюня 1911 г. исполнилось 25-ти-лѣтіе службы на Александринской казенной сценѣ,
1911_Vol_VII__1910-11_Jubilees_p06.png,125,Э. А. Крушевскій,Въ ноябрѣ текущаго года,"Въ ноябрѣ текущаго года исполнилось 35 лѣтъ службы, въ должности капельмейстера",born: родившагося 10 октября 1857 г. въ Варшавѣ
1911_Vol_VII__1910-11_Jubilees_p07.png,126,М. Ф. Кшессинская,Въ февралѣ 1911 г.,"Покинувшая постоянную службу на казенной балетной сценѣ, въ расцвѣтѣ таланта",double С in heading and in text (Кшессинская) as printed; date from para 2: Въ февралѣ 1911 г. ее горячо привѣтствовали
1911_Vol_VII__1910-11_Jubilees_p07.png,126,В. А. Мичурина,Въ настоящемъ году,Въ настоящемъ году заслуженная артистка Императорскихъ театровъ В. А. Мичурина празднуетъ 25-ти-лѣтіе,no calendar date
1911_Vol_VII__1910-11_Jubilees_p08.png,127,Н. А. Никулина,15 декабря,"15 декабря на сценѣ Императорскаго Московскаго Малаго театра, въ день 50-ти лѣтія службы театру",no year printed with the date
1911_Vol_VII__1910-11_Jubilees_p09.png,128,А. А. Плещеевъ,Въ октябрѣ т. г.,"Въ октябрѣ т. г. исполнилось 35 лѣтъ литературной дѣятельности А. А. Плещеева, сына",
1911_Vol_VII__1910-11_Jubilees_p09.png,128,Эрнстъ Поссартъ,въ этомъ году,Германія торжественно отпраздновала въ этомъ году въ Мюнхенѣ 50-ти лѣтній юбилей дѣятельности,no calendar date
1911_Vol_VII__1910-11_Jubilees_p10.png,129,К. Н. Рыбаковъ,,"Сынъ знаменитаго провинціальнаго трагика Николая Хрисанфовича Рыбакова ¹), К. Н., отпраздновавшій недавно 40-лѣтіе","no calendar date (""недавно""); footnote marker 1) after Рыбакова"
1911_Vol_VII__1910-11_Jubilees_p11.png,130,К. Т. Серебряковъ,6 декабря 1911 г.,6 декабря 1911 г. на сценѣ С.-Петербургскаго Императорскаго Маріинскаго театра состоялось чествованіе 25-ти лѣтней,
1911_Vol_VII__1910-11_Jubilees_p12.png,131,Г. Н. Ѳедотова,8 января 1912 г.,8 января 1912 г. въ Московскомъ Императорскомъ Маломъ театрѣ чествовали крупный русскій талантъ,
1911_Vol_VII__1910-11_Jubilees_p13.png,132,Е. Н. Чириковъ,6 января 1911 г.,6 января 1911 г. литературный и театральный міръ чествовалъ талантливаго Е. Н. Чирикова,"right edge of text block doubled/garbled in the scan; ""чествовалъ"" read through the artefact; line 3 has ""ходожественному"" as printed"
1911_Vol_VII__1910-11_Obituaries_p02.png,135,А. Э. Блюменталь-Тамаринъ,1 декабря 1911 г.,"1 декабря 1911 г. скончался въ Москвѣ А. Э. Блюменталь-Тамаринъ, популярный опереточный артистъ",
1911_Vol_VII__1910-11_Obituaries_p02.png,135,М. Ф. Борхардтъ,22 февраля 1911 г.,"22 февраля 1911 г. скончалась бывшая артистка казенной балетной трупы, М. Ф. Борхардтъ","""трупы"" with one п as printed"
1911_Vol_VII__1910-11_Obituaries_p03.png,136,В. Г. Бѣлинскій,30 мая 1911 г. [centenary]; скончавшагося 26 мая 1848 г.,30 мая 1911 г. исполнилось сто лѣтъ со дня рожденія В. Г. Бѣлинскаго,"centenary notice, not an obituary; родившагося 30 мая 1811 г."
1911_Vol_VII__1910-11_Obituaries_p03.png,136,А. В. Вержбиловичъ,2 марта 1911 г.,"2 марта 1911 г. скончался артистъ-виртуозъ на віолончели, Солистъ Его Величества","later in text referred to as ""А. Г."" (въ 1885 г. А. Г. назначенъ) per overview read, not zoomed"
1911_Vol_VII__1910-11_Obituaries_p04.png,137,Фридрихъ Гаазе,Въ началѣ этого года,"Въ началѣ этого года скончался въ Германіи, въ преклонныхъ годахъ знаменитый актеръ",
1911_Vol_VII__1910-11_Obituaries_p04.png,137,Эрнстъ Гартманнъ,Въ сентябрѣ 1911 г.,Въ сентябрѣ 1911 г. внезапно скончался на 67 году жизни знаменитый драматическій артистъ,
1911_Vol_VII__1910-11_Obituaries_p05.png,138,В. И. Главачъ,9 марта 1911 г.,"9 марта 1911 г. скончался Солистъ Его Величества, виртуозъ на органѣ, композиторъ",
1911_Vol_VII__1910-11_Obituaries_p05.png,138,75-ти лѣтіе со дня первой постановки „Ревизора“ Н. В. Гоголя,19 апрѣля 1911 г.,"19 апрѣля 1911 г. исполнилось 75 лѣтъ послѣ того, какъ впервые на сценѣ","event/anniversary heading, not a person entry; two-line heading"
1911_Vol_VII__1910-11_Obituaries_p06.png,139,А. Д. Давыдовъ,20 января 1911 г.,"20 января 1911 г. скончался А. Д. Давыдовъ, въ молодости служившій на сценѣ",Родился онъ 4 января 1849 г.
1911_Vol_VII__1910-11_Obituaries_p07.png,140,Н. А. Добролюбовъ,17 ноября 1861 г.,50 лѣтъ назадъ 17 ноября 1861 г. скончался почти юношей Н. А. Добролюбовъ,50th-anniversary notice; родившійся 24 января 1836 г.
1911_Vol_VII__1910-11_Obituaries_p07.png,140,Анна Жюдикъ,1 апрѣля 1911 г.,1 апрѣля 1911 г. скончалась въ роскошной виллѣ на Ривьерѣ знаменитая опереточная,
1911_Vol_VII__1910-11_Obituaries_p08.png,141,Окохиро Каваками,Недавно,"Недавно скончался въ Токіо пріѣзжавшій съ японской Дузе-Сада-Якко, даровитый японскій трагикъ",no calendar date
1911_Vol_VII__1910-11_Obituaries_p09.png,142,Болеславъ Ладновскій,Въ октябрѣ 1911 г.,Въ октябрѣ 1911 г. скончался въ Варт[?]авѣ 68 лѣтъ отъ рожденія талантливый польскій трагикъ,4th letter of the city is a wrong-fount sort that looks like an italic т (expected ш) — copied as seen
1911_Vol_VII__1910-11_Obituaries_p09.png,142,М. В. Ломоносовъ,8 ноября 1911 г. [bicentenary]; умершаго 4 апрѣля 1765 г.,8 ноября 1911 г. чествовалась Академіей Наукъ память двухсотлѣтія со дня рожденія,"bicentenary notice, not an obituary"
1911_Vol_VII__1910-11_Obituaries_p09.png,142,С. И. Лукьяновъ,23 февраля,"23 февраля скончался въ С.-Петербургѣ С. И. Лукьяновъ, отставной артистъ казеннаго балета",no year printed with the date
1911_Vol_VII__1910-11_Obituaries_p10.png,143,Густавъ Малеръ,Въ апрѣлѣ 1911 г.,Въ апрѣлѣ 1911 г. скончался въ Вѣнѣ знаменитый дирижеръ и выдающійся композиторъ,
1911_Vol_VII__1910-11_Obituaries_p10.png,143,А. М. Максимовъ,(1861 г.),Въ настоящемъ году истекло 50 лѣтъ со дня кончины (1861 г.) превосходнаго артиста,50th-anniversary-of-death notice
1911_Vol_VII__1910-11_Obituaries_p11.png,144,Н. К. Милославскій (Фридебургъ),8 мая 1911 г. [centenary],8 мая 1911 г. исполнилось сто лѣтъ со дня рожденія (1811 г.) блестящаго,centenary notice; no death date in opening lines; printed before Мазуровская
1911_Vol_VII__1910-11_Obituaries_p12.png,145,М. В. Мазуровская,Въ маѣ 1911 г.,Въ маѣ 1911 г. скончалась въ Варшавѣ извѣстная драматическая артистка М. В. Мазуровская,родившаяся въ 1858 г.; фамилія покойной по мужу—Волкова
1911_Vol_VII__1910-11_Obituaries_p12.png,145,А. Ф. Макаровъ-Юневъ,29 января 1911 г.,"29 января 1911 г. скончался А. Ф. Макаровъ-Юневъ. Ювелиръ по профессіи, онъ",
1911_Vol_VII__1910-11_Obituaries_p13.png,146,Феликсъ Моттль,Въ іюнѣ 1911 г.,"Въ іюнѣ 1911 г. скончался Феликсъ Моттль, художникъ въ области дирижерства",
1911_Vol_VII__1910-11_Obituaries_p13.png,146,И. И. Мясницкій (Барышевъ),Въ іюнѣ 1911 г.,"Въ іюнѣ 1911 г. скончался И. И. Мясницкій, пытавшійся создать фарсъ для русской сцены",
1911_Vol_VII__1910-11_Obituaries_p14.png,147,25-ти-лѣтіе со дня кончины А. Н. Островскаго,2 іюня 1911 г.,"Годовщина кончины великаго русскаго драматурга, исполнившаяся 2 іюня 1911 г., была достойнымъ образомъ","anniversary heading, not a person-name heading"
1911_Vol_VII__1910-11_Obituaries_p14.png,147,Л. Ѳ. Понизовскій,5 іюня 1911 г.,На больничной койкѣ скончался 5 іюня 1911 г. на 67 году жизни незамѣтный труженикъ,"line 2 has ""Ииператорскаго"" (sic, zoom-confirmed)"
1911_Vol_VII__1910-11_Obituaries_p15.png,148,Я. Ѳ. Сахаръ,Въ февралѣ 1911 г.,"Въ февралѣ 1911 г. скончался С.-Петербургскій нотаріусъ Я. Ѳ. Сахаръ, популярный «другъ актеровъ»",
1911_Vol_VII__1910-11_Obituaries_p15.png,148,Іоганнъ Свендсенъ,Въ началѣ іюня 1911 г.,"Въ началѣ іюня 1911 г. скончался представитель молодой Скандинавской музыкальной школы, норвежецъ",text: І. Свендсенъ
1911_Vol_VII__1910-11_Obituaries_p15.png,148,К. Т. Соленикъ,Въ маѣ 1911 г. [centenary]; скончавшагося 7 октября 1851 г.,Въ маѣ 1911 г. исполнилось сто лѣтъ со дня рожденія знаменитаго русскаго провинціальнаго,centenary notice
1911_Vol_VII__1910-11_Obituaries_p16.png,149,А. И. Стрижевскій,12 ноября 1911 г.,12 ноября 1911 г. скончался въ Москвѣ артистъ-басъ оперной труппы Императорскаго Московскаго Большого,
1911_Vol_VII__1910-11_Obituaries_p16.png,149,А. Л. Шарпантье,15 сентября 1911 г.,"15 сентября 1911 г. скончался, 65 лѣтъ отъ роду, бывшій артистъ Императорскаго Московскаго",
1911_Vol_VII__1910-11_Obituaries_p17.png,150,В. А. Шашкинъ,1 января 1911 г.,"1 января 1911 г. скончался отставной артистъ казенной балетной труппы, В. А. Шашкинъ",
1911_Vol_VII__1910-11_Obituaries_p17.png,150,Т. Г. Шевченко,26 февраля 1911 г. [50th anniv.]; кончины въ 1861 г.,26 февраля 1911 г. истекло 50 лѣтъ со дня кончины въ 1861 г. Т. Г. Шевченко,anniversary notice; родился 25 февраля 1814 г.
1911_Vol_VII__1910-11_Obituaries_p18.png,151,И. Л. Щегловъ (Леонтьевъ),3 іюня 1911 г.,"3 іюня 1911 г. скончался въ Кисловодскѣ, одинокимъ, заброшеннымъ, талантливый беллетристъ и драматургъ",in the heading the О of ЛЕОНТЬЕВЪ is a narrow zero-like sort
