section,page_first,page_second,status,relevance,name_first,name_second,dates_first,date_second
1890-91_Obituaries,283,283,same,core,"Алексѣева, Наталья Александровна","Алексѣева, Наталья Александровна",b. 4 Nov 1865 Moscow; d. 25 May 1891 (consumption); service from 1883,25 мая 1891 г. скончалась отъ чахотки легкихъ.
1890-91_Obituaries,283,283,same,none,"Ананьевъ, Иванъ Павловичъ","Ананьевъ, Иванъ Павловичъ",b. 1843 Sevastopol; served 1 Jun 1882-1 Jun 1883; d. July 1891 Ekaterinoslav,Скончался въ Екатеринославлѣ въ іюлѣ 1891 года.
1890-91_Obituaries,283-284,283,same,none,"Аристова, Анна Васильевна","Аристова, Анна Васильевна",b. 1856; service 28 Jun 1874-Nov 1882; d. 13 Oct 1890 Moscow (heart rupture),Скончалась 13 октября 1890 г. въ Москвѣ отъ разрыва сердца.
1890-91_Obituaries,284,284,same,core,"Бондыревъ, Алексѣй Никитичъ","Бондыревъ, Алексѣй Никитичъ",b. 7 Mar 1849 Moscow; entered 10 May 1869; d. 4 Feb 1891 Moscow,Скончался 4 февраля 1891 г. въ Москвѣ.
1890-91_Obituaries,284-285,284,same,none,"Бутенко, Иванъ Филипповичъ","Бутенко, Иванъ Филипповичъ",b. 1852; Bolshoi debut 30 Aug 1885; d. 6 Feb 1891 (diphtheria),6 февраля 1891 г. И. Ф. Бутенко скончался отъ дифтерита
1890-91_Obituaries,285-286,285,same,none,"Васильевъ, Василій Михайловичъ","Васильевъ, Василій Михайловичъ",b. 19 Dec 1837; served from 27 Mar 1857 (34 years); d. 8 Apr 1891 SP (apoplexy),8 апрѣля 1891 г. В. М. Васильевъ скончался въ С.-Петербургѣ
1890-91_Obituaries,286,286,same,none,"Всеволожской, Николай Дмитріевичъ","Всеволожской, Николай Дмитріевичъ",b. 18 Oct 1860; service from 1 Aug 1887; d. 4 Jun 1891 Paris,Умеръ 4 іюня 1891 г. въ Парижѣ
1890-91_Obituaries,286,286,same,none,"Горшковъ, Викторъ Адріановичъ","Горшковъ, Викторъ Адріановичъ",entered 19 Jan 1853; d. 12 Aug 1891 aged 58,"Скончался 12 августа 1891 г., имѣя отъ роду 58 лѣтъ."
1890-91_Obituaries,286-287,286,same,none,"Градовъ-Соколовъ, Леонидъ Ивановичъ","Градовъ-Соколовъ, Леонидъ Ивановичъ",b. 12 Apr 1846 Novorzhev; d. 28 Nov 1890 Moscow,28 ноября 1890 г. скончался въ Москвѣ
1890-91_Obituaries,287-288,287,same,none,"Дюжиковъ (Ирошниковъ), Павелъ Николаевичъ","Дюжиковъ (Ирошниковъ), Павелъ Николаевичъ",b. 24 Oct 1836 Buturlinovka; served from 29 Mar 1860; retired 20 Aug 1885; d. 25 Nov 1890 SP,25 ноября 1890 г. скончался въ С.-Петербургѣ
1890-91_Obituaries,288,288,same,none,"Казаковъ, Александръ Дмитріевичъ","Казаковъ, Александръ Дмитріевичъ",d. 16 Mar 1891 aged 54,"16 марта 1891 г. скончался отъ болѣзни легкихъ, имѣя 54 года отъ роду."
1890-91_Obituaries,288,288,same,none,"Карпова, Марія Ивановна","Карпова, Марія Ивановна",b. 1844; entered 15 Dec 1870; d. 17 Apr 1891 SP,Скончалась 17 апрѣля 1891 г. въ С.-Петербургѣ
1890-91_Obituaries,288,288,same,none,"Кашликовъ, Николай Егоровичъ","Кашликовъ, Николай Егоровичъ",b. 1813; entered 1 Sep 1856; d. 31 May 1891 SP,31 мая 1891 г. умеръ въ С.-Петербургѣ отъ апоплексическаго удара
1890-91_Obituaries,288-289,288,same,none,"Куликовъ, Николай Ивановичъ","Куликовъ, Николай Ивановичъ",graduated 12 Jun 1830; pension from 21 Jun 1850; left 21 Jul 1852; d. 25 Apr 1891 SP aged 79,"25 апрѣля 1891 г. скончался въ С.-Петербургѣ, имѣя 79 лѣтъ отъ роду"
1890-91_Obituaries,289,289,same,none,"Ламберъ-Робине, Жозефъ-Александръ (Lambert-Robinet, Joseph-Alexandre)","Ламберъ-Робине, Жозефъ-Александръ (Lambert-Robinet, Joseph-Alexandre)",entered 1 Sep 1866; 25-year benefit 22 Apr 1891; d. 2 May 1891 aged 68,"2 мая 1891 г. скончался, имѣя 68 лѣтъ отъ роду."
1890-91_Obituaries,290,290,same,core,"Литавкинъ, Спиридонъ[?] Александровичъ","Литавкинъ, Спиридон[?]ъ А[?]л[?]ександровичъ",b. 10 Dec 1835 Moscow; entered 17 Sep 1855; pension 1875; left 1 Oct 1883; d. 22 Oct 1890 Moscow,Скончался 22 октября 1890 г. въ Москвѣ
1890-91_Obituaries,290,290,same,core,"Лицъ, Марія Семеновна","Лицъ, Марія Семеновна",b. 1 Aug 1864 Peterhof; entered 16 May 1882; sick leave 30 Sep 1890; d. 18 Oct 1890 Voronezh,18 октября того же года скончалась въ г. Воронежѣ
1890-91_Obituaries,290,290,same,none,"Лойко, Иванъ Фелиціановичъ","Лойко, Иванъ Фелиціановичъ","entered 28 Apr 1878; d. 4 Jun 1891 aged 42, Bogorodskoe","4 іюня 1891 г., имѣя отъ роду 42 года, скончался въ с. Богородскомъ"
1890-91_Obituaries,291,291,same,none,"Монталанъ, Селина (Celine Montalant)","Монталанъ, Селина (Celine Montalant)",b. 10 Aug 1843 Belgium; served 1 Sep 1882-1 May 1884; d. 30 Dec 1890 Paris,30 декабря 1890 г. скончалась въ Парижѣ.
1890-91_Obituaries,291,291,same,none,"Максимовъ (Лоскутовъ), Михаилъ Андреевичъ","Максимовъ (Лоскутовъ), Михаилъ Андреевичъ",graduated 8 Aug 1839; SP 1 May 1853-24 Apr 1864; d. 7 Dec 1890 Yalta,7 декабря 1890 г. въ глубокой старости скончался въ Ялтѣ
1890-91_Obituaries,291-292,291,same,core,"Недремская, Александра Григорьевна","Недремская, Александра Григорьевна",b. 6 Mar 1863 SP; entered 26 May 1881; d. 9 Jun 1891 Pargolovo (heart rupture),9 іюня 1891 г. скончалась въ Парголовѣ отъ разрыва сердца
1890-91_Obituaries,292,292,same,core,"Никифоровъ, Михаилъ Никифоровичъ","Никифоровъ, Михаилъ Никифоровичъ",b. 1832; entered 1 Sep 1861; wigmaker from 30 May 1878; d. 18 Jan 1891 SP,18 января 1891 года умеръ въ С.-Петербургѣ отъ чахотки легкихъ
1890-91_Obituaries,292-293,292,same,none,"Новиковъ, Никифоръ Ивановичъ","Новиковъ, Никифоръ Ивановичъ",b. 9 Feb 1837 Saratov; served 1 May 1878-1 Jun 1882; d. 22 Aug 1890 Moscow,22 августа 1890 г. скончался въ г. Москвѣ
1890-91_Obituaries,293-294,293,same,none,"Орловъ (Засѣдателевъ), Александръ Андреевичъ","Орловъ (Засѣдателевъ), Александръ Андреевичъ",entered 10 Dec 1869; pension 30 Mar 1890; d. 27 Mar 1891 SP aged 45,"27 марта 1891 г., имѣя 45 лѣтъ отъ роду, скончался въ С.-Петербургѣ"
1890-91_Obituaries,294,294,same,none,"Петровъ (Дебуаръ), Егоръ Іосифовичъ","Петровъ (Дебуаръ), Егоръ Іосифовичъ",SP debut 14 Dec 1861; Moscow from 15 May 1863; left 1 Jul 1883; d. early 1891 Gatchina,Въ началѣ 1891 г. скончался въ г. Гатчинѣ.
1890-91_Obituaries,294-295,294,same,none,"Потѣхина, Раиса Алексѣевна","Потѣхина, Раиса Алексѣевна","entered 3 Mar 1885; d. 3 Sep 1890, Kostroma province, under 30","3 сентября 1890 г. Р. А. Потѣхина, не достигнувъ 30-ти-лѣтняго возраста, скончалась"
1890-91_Obituaries,295-296,295,same,core,"Роллеръ, Андрей Адамовичъ","Роллеръ, Андрей Адамовичъ",b. 22 Jan 1805 Regensburg; entered 1 Jan 1834; retired 24 Apr 1879; d. 8 May 1891 SP aged 86,8 мая 1891 года Андрей Адамовичъ скончался въ Петербургѣ
1890-91_Obituaries,296-297,296,same,none,"Селезневъ, Алексѣй Алексѣевичъ","Селезневъ, Алексѣй Алексѣевичъ",b. 1853 Moscow; entered 21 Sep 1878; drowned 20 May 1891 near Bogorodskoe,20 мая 1891 г. утонулъ въ Швейцарскомъ пруду
1890-91_Obituaries,297,297,same,none,"Славинъ, Александръ Александровичъ","Славинъ, Александръ Александровичъ",b. 9 Jan 1864; entered 16 May 1882; d. 28 Jan 1891 SP (consumption),28 января 1891 г. скончался отъ чахотки легкихъ
1890-91_Obituaries,297,297,same,none,"Соллогубъ, графъ Ѳедоръ Львовичъ","Соллогубъ, графъ Ѳедоръ Львовичъ",b. 9 Feb 1848; attached to Directorate from 18 Oct 1889; d. 29 Oct 1890,Умеръ онъ 29 октября 1890 г.
1890-91_Obituaries,298,298,same,none,"Соловьевъ, Илья Епифановичъ","Соловьевъ, Илья Епифановичъ",b. 1840; entered 1 Sep 1868; pension 1 Sep 1888; d. 9 Oct 1890 SP,9 октября 1890 г. скончался отъ разрыва сердца
1890-91_Obituaries,298,298,same,none,"Спиро, Максимиліанъ Іосифовичъ","Спиро, Максимиліанъ Іосифовичъ",b. 16 Sep 1805; entered 27 Apr 1861; d. 21 Jul 1891 Moscow,21 іюля 1891 г. послѣ кратковременной болѣзни умеръ въ Москвѣ.
1890-91_Obituaries,298,298,same,none,"Фишкинъ, Іосифъ Сергѣевичъ","Фишкинъ, Іосифъ Сергѣевичъ",entered 1 Feb 1878; d. 8 Jul 1891 Tarasovka,8 іюля 1891 г. скончался въ деревнѣ Тарасовкѣ
1891-92_Obituaries,473,473,same,none,"Бабиковъ, Михаилъ Ивановичъ","Бабиковъ, Михаилъ Ивановичъ","b. 25 Oct 1847; d. 12 June 1892, Екатеринодаръ",12-го іюня 1892 года скончался въ Екатеринодарѣ.
1891-92_Obituaries,473,473,same,none,"Барневицъ (Barnewitz), Фридрихъ-Вильгельмъ-Эдуардъ","Барневицъ (Barnewitz), Фридрихъ-Вильгельмъ-Эдуардъ","b. 1806; served 10 Aug 1833 - 1 Jan 1855; d. 23 Sept 1891, SP",Умеръ въ С.-Петербургѣ 23-го сентября 1891 года отъ паралича сердца.
1891-92_Obituaries,474,474,same,none,"Бегичевъ, Владиміръ Петровичъ","Бегичевъ, Владиміръ Петровичъ","b. 1830; d. 7 Nov 1891, SP",В. П. Бегичевъ скончался въ С.-Петербургѣ 7-го ноября 1891 года.
1891-92_Obituaries,475,475,same,none,"Босковичъ, Евгеній Ивановичъ","Босковичъ, Евгеній Ивановичъ","b. 10 Dec 1862; in service from 1 Sept 1888; d. 13 Nov 1891, Moscow",13-го ноября 1891 года Е. И. Босковичъ умеръ въ Москвѣ.
1891-92_Obituaries,475,475,same,none,"Брауэръ, Вильгельмъ-Генрихъ-Густавъ","Брауэръ, Вильгельмъ-Генрихъ-Густавъ","b. 20 Oct 1839; in service from 1 Sept 1876; d. 15 Aug 1892, SP",15-го августа 1892 года онъ скончался отъ чахотки легкихъ
1891-92_Obituaries,475,475,same,none,"Бѣлобородовъ, Иванъ Аѳанасьевичъ","Бѣлобородовъ, Иванъ Аѳанасьевичъ","in service from 19 July 1865; pension 1885; d. 26 Nov 1891, Moscow, in 46th year",Умеръ въ Москвѣ 26-го ноября 1891 года на 46-мъ году отъ рожденія.
1891-92_Obituaries,475-476,475,same,mentions,"Васильевъ, Василій Васильевичъ","Васильевъ, Василій Васильевичъ","b. 1861; in service from 1 Jan 1891; d. 12 March 1892, SP",12-го марта 1892 года онъ умеръ въ С.-Петербургѣ отъ чахотки легкихъ.
1891-92_Obituaries,476,476,same,none,"Веревкина, Прасковья Николаевна","Веревкина, Прасковья Николаевна","b. 1856; d. 19 March 1892, SP",19-го марта 1892 года П. Н. Веревкина скончалась въ С.-Петербургѣ
1891-92_Obituaries,476-477,476,same,core,"Волковъ, Николай Ивановичъ","Волковъ, Николай Ивановичъ","b. 24 Sept 1836; teacher from 13 Sept 1863; pension 16 Oct 1874; left ballet 1 May 1884; d. 14 Sept 1891, SP (Смоленское кладбище)",14-го сентября 1891 года Н. И. Волковъ скончался въ С.-Петербургѣ
1891-92_Obituaries,477,477,same,none,"Головацкій, Николай Михайловичъ","Головацкій, Николай Михайловичъ","in service from 1 Sept 1887; d. 6 Feb 1892, Moscow, in 32nd year","6-го февраля 1892 года Н. М. Головацкій, находясь въ отпуску въ Москвѣ, послѣ продолжительной болѣзни умеръ"
1891-92_Obituaries,477-478,477,same,core,"Доброва, Любовь Николаевна","Доброва, Любовь Николаевна","b. 30 Nov 1870, Moscow; graduated Moscow Theatre School 1889; d. 2 Aug 1892, Ростовъ на Дону (cholera)",Л. Н. Доброва скончалась отъ холеры 2-го августа 1892 года.
1891-92_Obituaries,478,478,same,none,"Дьяконовъ, Василій Ивановичъ","Дьяконовъ, Василій Ивановичъ","b. 13 March 1845; psalmist from 2 June 1864; deacon 19 Dec 1882; d. 22 June 1892, «въ селѣ Колголемѣ», Новоладожскій уѣздъ","22-го іюня 1892 года, состоя на службѣ, В. И. Дьяконовъ скончался"
1891-92_Obituaries,478-480,478,same,none,"Дюпюи (Dupuis), Адольфъ","Дюпюи (Dupuis), Адольфъ","b. 1824; d. 24 (12) Oct 1891, Немуръ near Fontainebleau",скончался 24-го (12-го) октября 1891 года.
1891-92_Obituaries,480,480,same,none,"Екимовъ, Василій Егоровичъ","Екимовъ, Василій Егоровичъ","b. 1840; in service from 16 March 1887; d. 9 Jan 1892, SP",9-го января 1892 года В. Е. Екимовъ скончался въ С.-Петербургѣ
1891-92_Obituaries,480,480,same,none,"Захаровъ, Андрей Ѳедоровичъ","Захаровъ, Андрей Ѳедоровичъ",b. 12 Oct 1852; in service from 19 May 1874; d. 20 Nov 1891,"20-го ноября 1891 года, состоя на службѣ, скоропостижно скончался."
1891-92_Obituaries,480-481,480,same,none,"Измайловъ (Павловъ), Василій Васильевичъ","Измайловъ (Павловъ), Василій Васильевичъ","in service from 27 March 1857; left 1 Aug 1871; d. 1892, SP, aged 56",Скончался онъ въ 1892 году въ С.-Петербургѣ 56 лѣтъ отъ роду.
1891-92_Obituaries,481,481,same,none,"Ильинъ, Михаилъ Александровичъ","Ильинъ, Михаилъ Александровичъ",b. 17 Sept 1858; in service from 1 Nov 1877; d. 6 Dec 1891,Умеръ скоропостижно 6-го декабря 1891 года.
1891-92_Obituaries,481,481,same,none,"Колчинъ, Владиміръ Александровичъ","Колчинъ, Владиміръ Александровичъ",b. 1861; in service from 1 Aug 1885; d. 15 April 1892,15-го апрѣля 1892 года скончался.
1891-92_Obituaries,481-482,481,same,none,"Кочетова, Зоя Разумниковна","Кочетова, Зоя Разумниковна","in troupe from 1881; d. 30 March 1892, Moscow (Донской монастырь)",30-го марта 1892 года З. Р. Кочетова скончалась въ Москвѣ
1891-92_Obituaries,482,482,same,none,"Краснопольскій, Петръ Всеволодовичъ","Краснопольскій, Петръ Всеволодовичъ",b. 10 June 1852; in service from 1 June 1874; d. 28 May 1892,П. В. Краснопольскій умеръ 28-го мая 1892 года отъ чахотки легкихъ
1891-92_Obituaries,482-483,482,same,none,"Матвѣевъ, Владиміръ Максимовичъ","Матвѣевъ, Владиміръ Максимовичъ","b. 1828; in service from 15 May 1858; pension 1878; left 20 Aug 1884; d. 4 Nov 1891, SP",В. М. Матвѣевъ скончался въ С.-Петербургѣ 4-го ноября 1891 года
1891-92_Obituaries,483,483,same,none,"Мауреръ, Всеволодъ Васильевичъ","Мауреръ, Всеволодъ Васильевичъ","b. 27 March 1819, Potsdam; in service from 4 June 1835; d. 22 July 1892",Умеръ В. В. Мауреръ 22-го іюля 1892 года.
1891-92_Obituaries,484-486,484,same,core,"Перро (Perrot), Жюль-Жозефъ","Перро (Perrot), Жюль-Жозефъ","b. 1810, Lyon; in service from 7 Dec 1848 (dancer); ballet master from 1 Dec 1851; left 1 Dec 1860; d. July 1892, France (sunstroke)",въ іюлѣ 1892 года скончался въ глубокой старости отъ солнечнаго удара.
1891-92_Obituaries,486-487,486,same,none,"Тарновскій, Константинъ Августиновичъ","Тарновскій, Константинъ Августиновичъ","b. 12 July 1826; in Directorate service 23 Oct 1854 - 6 March 1858; 50-year literary jubilee 12 Sept 1891; d. 29 July 1892, Moscow (Ваганьково)",29-го іюля 1892 годя К. А. скончался въ Москвѣ
1891-92_Obituaries,487,487,same,none,"Христофоровъ, Николай Іосифовичъ","Христофоровъ, Николай Іосифовичъ","b. 26 July 1836; in service from 14 April 1852; pension 1874; d. 27 Feb 1892, SP",27-го февраля 1892 года Н. І. Христофоровъ скончался в[?]ъ С.-Петербургѣ
1891-92_Obituaries,488,488,same,none,"Чернявская-Кузнецова, Марія Макаровна","Чернявская-Кузнецова, Марія Макаровна","b. 9 March 1853; in service from 15 June 1872; left 1 June 1883; d. 31 Dec 1891, Moscow",31-го декабря 1891 года М. М. Чернявская-Кузнецова скончалась въ Москвѣ
1891-92_Obituaries,489,489,same,none,"Чернявскій, Иванъ Родіоновичъ","Чернявскій, Иванъ Родіоновичъ","b. 1846; in service 15 June 1872 - 16 Nov 1874 and 1 Sept 1882 - 1 Sept 1883; d. spring 1892, SP (Волково)",Весною 1892 года И. Р. Чернявскій скончался въ С.-Петербургѣ
1891-92_Obituaries,489,489,same,none,"Шестаковъ, Адріанъ Ефимовичъ","Шестаковъ, Адріанъ Ефимовичъ","in service from 16 Aug 1874; d. 30 Sept 1891, SP, aged 50",30-го сентября 1891 года А. Е. Шестаковъ умеръ въ С.-Петербургѣ
1891-92_Obituaries,489,489,same,mentions,"Эзеръ, Карлъ Ѳедоровичъ","Эзеръ, Карлъ Ѳедоровичъ","in service from 28 July 1862; pension 1882; left 1 May 1890; d. 22 Oct 1891, in 58th year",Скончался онъ 22-го октября 1891 года на 58-мъ году жизни.
1891-92_Obituaries,490,490,same,none,"Ярославовъ, Александръ Николаевичъ","Ярославовъ, Александръ Николаевичъ","in service from 26 Sept 1882; d. 14 Sept 1891, aged 37","14-го сентября 1891 года, состоя на службѣ, скончался 37-ми лѣтъ отъ роду."
1891-92_Obituaries,490,490,same,mentions,"Ѳедоровъ, Александръ Ѳедоровичъ","Ѳедоровъ, Александръ Ѳедоровичъ","teacher from 12 Jan 1873; drama courses chair from 1 Sept 1888; d. 5 June 1892, Moscow",5-го іюня 1892 года онъ скончался въ Москвѣ.
1892-93_Obituaries,501-502,501,same,none,"Аграмовъ (Аврамовъ), Михаилъ Васильевичъ","Аграмовъ (Аврамовъ), Михаилъ Васильевичъ","d. 4 Apr 1893, Sevastopol",† 4-го апрѣля 1893 года.
1892-93_Obituaries,502-503,502,same,none,"Альбрехтъ, Константинъ Карловичъ","Альбрехтъ, Константинъ Карловичъ","b. Elberfeld 4 Oct 1836; d. 14 June 1893, Moscow",† 14-го іюня 1893 года.
1892-93_Obituaries,503,503,same,none,"Безсоновъ, Михаилъ Васильевичъ","Безсоновъ, Михаилъ Васильевичъ","d. 23 Dec 1892, SP",23-го декабря 1892 года М. В. Безсоновъ скончался въ С.-Петербургѣ
1892-93_Obituaries,503,503,same,none,"Болтинъ, Аполлонъ Павловичъ","Болтинъ, Аполлонъ Павловичъ","d. 9 Mar 1893, Moscow",9-го марта 1893 года А. П. Болтинъ скончался въ Москвѣ
1892-93_Obituaries,504,504,differs,none,"Борнштейнъ, Адольфъ Константиновичъ","Борншейнъ, Адольфъ Константиновичъ",b. 15 Oct 1854; d. 12 July 1893,12-го іюля 1893 года онъ скончался
1892-93_Obituaries,504,504,same,none,"Бьенвеню, Сильванъ","Бьенвеню, Сильванъ","b. 1835; d. 11 Feb 1893, Moscow",† 11-го февраля 1893 года.
1892-93_Obituaries,504-505,504,same,none,"Гейнъ, Юлій","Гейнъ, Юлій","d. 6 Oct 1892, Moscow",Ю. Гейнъ скончался 6-го октября 1892 года въ Москвѣ
1892-93_Obituaries,505,505,same,core,"Гриммъ, Христофоръ","Гриммъ, Христофоръ","b. 1832 Verden; d. 6 Mar 1893, SP",† 6-го марта 1893 года.
1892-93_Obituaries,505-506,505,same,none,"Дмитріевъ, Сергѣй Николаевичъ","Дмитріевъ, Сергѣй Николаевичъ","b. 1859; d. night of 3/4 Jan 1893, SP",† 4-го января 1893 года.
1892-93_Obituaries,506,506,same,mentions,"Дровинъ (Тробинъ), Антонъ-Карлъ","Дровинъ (Тробинъ), Антонъ-Карлъ","d. 3 Oct 1892, SP",3-го октября 1892 года онъ скончался въ С.-Петербургѣ
1892-93_Obituaries,507,507,same,none,"Ефимовъ, Василій Ивановичъ","Ефимовъ, Василій Ивановичъ",b. 7 Jan 1852; d. 21 July 1893,В. И. Ефимовъ скончался 21-го іюля 1893 года.
1892-93_Obituaries,507,507,same,none,"Казаковъ, Михаилъ Николаевичъ","Казаковъ, Михаилъ Николаевичъ","b. 1851; d. 17 Sep 1892, SP","17-го сентября 1892 года М. Н. Казаковъ, состоя на службѣ, умеръ"
1892-93_Obituaries,507,507,same,none,"Кунъ 2-й, Альбертъ Карловичъ","Кунъ 2-й, Альбертъ Карловичъ","b. 11 Aug 1854; d. 2 Oct 1892, Moscow",2-го октября 1892 года А. К. Кунъ скончался въ Москвѣ
1892-93_Obituaries,507-508,,first_only,none,"Лажье, Сюзанна",,"b. 1833 Dunkirk; d. London, 1893 (no exact date printed)",
1892-93_Obituaries,508-509,508,same,none,"Лошивскій (Шиловскій), Константинъ Степановичъ","Лошивскій (Шиловскій), Константинъ Степановичъ","b. 1849; d. 22 May 1893, Moscow",† 22-го мая 1893 года.
1892-93_Obituaries,509-510,509,differs,none,"Масальскій, Θеодосій Константиновичъ","Масальскій, Ѳеодосій Константиновичъ",b. 1833; d. 4 Dec 1892,4-го декабря 1892 года Ѳ. К. Масальскій скончался скоропостижно.
1892-93_Obituaries,510,510,same,core,"Мейеръ, Іоганъ-Фридрихъ (Iohan Meyer)","Мейеръ, Іоганъ-Фридрихъ (Iohan Meyer)",b. 1831; d. 25 Mar 1893,† 25-го марта 1893 года.
1892-93_Obituaries,510,510,same,none,"Мирчке, Эрнстъ-Вильгельмъ","Мирчке, Эрнстъ-Вильгельмъ","d. 31 Aug 1893, SP",31-го августа 1893 года Э. Мирчке скончался въ С.-Петербургѣ
1892-93_Obituaries,511,511,same,none,"Моландеръ, Елена Карловна","Моландеръ, Елена Карловна",b. 1854; d. 2 June 1893,Е. К. Моландеръ скончалась 2-го іюня 1893 года.
1892-93_Obituaries,511-512,511,same,none,"Орловъ-Соколовскій, Александръ Александровичъ","Орловъ-Соколовскій, Александръ Александровичъ","d. 12 Sep 1892, Moscow",† 12-го сентября 1892 года.
1892-93_Obituaries,512,512,same,core,"Ортнеръ, Николай Францевичъ","Ортнеръ, Николай Францевичъ","b. 1850; d. 26 Aug 1893, Крюково near Moscow",† 26-го августа 1893 года.
1892-93_Obituaries,512-514,512,same,none,"Охотинъ, Василій Алексѣевичъ","Охотинъ, Василій Алексѣевичъ",d. 9 Sep 1892,† 9-го сентября 1892 года.
1892-93_Obituaries,514-515,514,differs,none,"Платонова, Юлія Θеодоровна","Платонова, Юлія Ѳедоровна","b. 1841 Riga; d. 4 Nov 1892, SP",† 4-го ноября 1892 года.
1892-93_Obituaries,515-516,515,same,none,"Подобѣдова 1-я, Надежда Ивановна","Подобѣдова 1-я, Надежда Ивановна",b. 14 Sep 1830; d. 7 May 1893,† 7-го мая 1893 года.
1892-93_Obituaries,516,516,differs,none,"Пфейферъ, Θеодоръ Осиповичъ","Пфейферъ, Ѳедоръ Осиповичъ","b. 1848; d. 17 Dec 1892, SP",17-го декабря 1892 года Ѳ. О. Пфейферъ скончался
1892-93_Obituaries,516-517,516,same,none,"Рихтеръ (Нѣмова), Юлія Леонтьевна","Рихтеръ (Нѣмова), Юлія Леонтьевна","d. March 1893, SP",† въ мартѣ 1893 года.
1892-93_Obituaries,517-518,517,same,mentions,"Ришардъ, Елизавета Іосифовна","Ришардъ, Елизавета Іосифовна","b. 1 June 1828 Moscow; d. 5 May 1893, SP",† 5-го мая 1893 года.
1892-93_Obituaries,518,518,same,none,"Руппини, Петръ Ивановичъ","Руппини, Петръ Ивановичъ","b. 6 Sep 1833; d. 23 Apr 1893, SP",† 23-го апрѣля 1893 года.
1892-93_Obituaries,518-521,518,same,none,"Свободинъ, Павелъ Матвѣевичъ","Свободинъ, Павелъ Матвѣевичъ","b. 14 Dec 1850; d. 9 Oct 1892, SP (on stage, Alexandrinsky)",† 9-го октября 1892 года.
1892-93_Obituaries,521-522,521,same,core,"Соколовъ, Сергѣй Петровичъ","Соколовъ, Сергѣй Петровичъ","b. 18 Nov 1830; d. 2 Aug 1893, Moscow",† 2-го августа 1893 года.
1892-93_Obituaries,522,522,same,core,"Солнцевъ, Прохоръ Павловичъ","Солнцевъ, Прохоръ Павловичъ","b. 24 July 1860; d. 15 May 1893, Tsarskoe Selo",† 15-го мая 1893 года.
1892-93_Obituaries,523,523,same,none,"Тарасовъ, Николай Григорьевичъ","Тарасовъ, Николай Григорьевичъ","b. 1836; d. 20 Feb 1893, SP",20-го февраля 1893 года Н. Г. Тарасовъ скончался
1892-93_Obituaries,523,523,same,none,"Фрей, Германъ Христіановичъ (Hermann Frey)","Фрей, Германъ Христіановичъ (Hermann Frey)","d. 1 Mar 1893, Freiwaldau","Въ февралѣ 1893 года Г. Х. Фрей уѣхалъ, по болѣзни, заграницу и 1-го марта умеръ"
1892-93_Obituaries,523,523,same,none,"Хомяковъ, Петръ Михайловичъ","Хомяковъ, Петръ Михайловичъ","b. 1844; d. 17 Jan 1893, Moscow",17-го января 1893 года П. М. Хомяковъ скончался
1892-93_Obituaries,523-524,523,same,core,"Шамбургскій, Александръ Александровичъ","Шамбургскій, Александръ Александровичъ","b. 21 Nov 1839; d. 17 Mar 1893, SP",17-го марта 1893 года А. А. Шамбургскій скончался
1892-93_Obituaries,524-525,524,same,none,"Шеинъ, Сергѣй Аристіоновичъ","Шеинъ, Сергѣй Аристіоновичъ",b. 25 Dec 1861; d. 28 Oct 1892,† 28-го октября 1892 года.
1892-93_Obituaries,,507,second_only,,,"Лажье, Сюзанна (Suzanne-Honorine-Marie Lagier)",,"Въ январѣ 1893 года С. Лажье поѣхала ... въ Лондонъ, гдѣ вскорѣ заболѣла воспаленіемъ легкихъ и умерла."
1893-94_Jubilees,405-406,405,same_reordered,mentions,"Помазанскій, Иванъ Александровичъ",Иванъ Александровичъ Помазанскій,25 years on 1 Sept 1893 (in service from 1 Sept 1868); b. 30 Mar 1848,1-го сентября 1893 года исполнилось 25 лѣтъ артистической дѣятельности И. А. Помазанскаго при Императорскихъ С.-Петербургскихъ театрахъ
1893-94_Jubilees,407-408,407,same_reordered,none,"Лебедевъ, Иванъ Константиновичъ",Иванъ Константиновичъ Лебедевъ,25 years on 1 Sept 1893 (service from 1 Sept 1868); b. 1837,"1-го сентября 1893 года И. К. Лебедевъ, по случаю исполнившагося 25-ти-лѣтія службы въ оркестрѣ Императорскихъ С.-Петербургскихъ театровъ, былъ почтенъ привѣтствіемъ отъ сослуживцевъ."
1893-94_Jubilees,409,409,differs,none,"Франке 1-й, Ѳедоръ Юльевичъ (Иоганъ-Теодоръ)",Ѳедоръ Юльевичъ Франке 1-й,25 years on 1 Nov 1893 (service from 1 Nov 1868); b. 1845,1-го ноября 1893 года исполнилось 25 лѣтъ службы Ѳ. Ю. Франке въ Дирекціи
1893-94_Jubilees,410,410,differs,none,"Франке 2-й, Ѳедоръ Юльевичъ (Фридрихъ-Вильгельмъ)",Ѳедоръ Юльевичъ Франке 2-й,25-year jubilee 1 Sept 1893 (service from 1 Sept 1868); b. 1840,"Двадцатипятилѣтній юбилей Ѳ. Ю., исполнившійся 1-го сентября 1893 года"
1893-94_Jubilees,411,411,same_reordered,mentions,"Курбатовъ, Андрей Ивановичъ",Андрей Ивановичъ Курбатовъ,25 years on 12 Aug 1893 (service counted from 12 Aug 1868); b. 12 Aug 1852,двадцатипятилѣтіе службы котораго исполнилось 12-го августа 1893 года
1893-94_Jubilees,412,412,differs,none,"Сампелевъ, Алексѣй Николаевичъ (Николаевъ, по театру Сампелевъ)",Алексѣй Николаевичъ Сампелевъ,25 years on 1 May 1894; b. 31 Jan 1848; retired 1 Oct 1894,1-го мая 1894 года исполнилось 25 лѣтъ службы артиста Московской драматической труппы Алексѣя Николаевича Сампелева.
1893-94_Jubilees,413,413,same_reordered,core,"Лобовъ, Викторъ Алексѣевичъ",Викторъ Алексѣевичъ Лобовъ,25 years (service from 20 Jan 1868); left stage 14 May 1894; b. 20 Jan 1852,"14-го мая 1894 года В. А. Лобовъ, прослуживъ въ Московскомъ балетѣ слишкомъ 25 лѣтъ, покинулъ сценическую дѣятельность."
1893-94_Jubilees,414,414,same_reordered,core,"Сампелевъ, Александръ Николаевичъ",Александръ Николаевичъ Сампелевъ,25 years (service from 19 Aug 1868); pension 1 Oct 1890; b. 19 Aug 1852,
1893-94_Jubilees,415,415,same_reordered,core,"Ежовъ, Иванъ Матвѣевичъ",Иванъ Матвѣевичъ Ежовъ,25 years on 30 Mar 1894 (service from 30 Mar 1869); left stage 30 Mar 1894,30-го марта 1894 года исполнилось 25 лѣтъ службы артиста Московской балетной труппы И. М. Ежова.
1893-94_Obituaries,447,447,differs,none,"Акимова, Любовь Хрисанфовна (по мужу Михайлова)","Акимова, Любовь Хрисанфовна",d. 13 Jan 1894; b. 16 Aug 1854,скончалась 13-го января 1894 года въ С.-Петербургскомъ госпиталѣ Придворнаго вѣдомства
1893-94_Obituaries,447-450,447,same,none,"Альбрехтъ, Евгеній Карловичъ","Альбрехтъ, Евгеній Карловичъ",d. 28 Jan 1894; b. 4 Jul 1842,† 28-го января 1894 года.
1893-94_Obituaries,450-451,450,same,core,"Блехъ, Петръ Николаевичъ","Блехъ, Петръ Николаевичъ",d. 12 Oct 1893; b. 8 Dec 1836 (Moscow),† 12-го октября 1893 года.
1893-94_Obituaries,451,451,same,mentions,"Большаковъ (Владиміровъ), Іосифъ Владиміровичъ","Большаковъ (Владиміровъ), Іосифъ Владиміровичъ","d. 7 Jun 1894, aged 34; in service from 19 Sept 1882","7-го іюня 1894 года І. В. Большаковъ скончался, имѣя 34 года отъ роду."
1893-94_Obituaries,451,451,same,none,"Бостремъ, Ольга Ѳедоровна","Бостремъ, Ольга Ѳедоровна",d. 8 Mar 1894; b. 14 Nov 1844,"8-го марта 1894 года, черезъ нѣсколько дней послѣ операціи, О. Ѳ. скончалась въ Клиническомъ институтѣ Великой Княгини Елены Павловны"
1893-94_Obituaries,452,452,same,none,"Бреше (Bréchet), Антонъ Ивановичъ","Бреше (Bréchet), Антонъ Ивановичъ",d. night of 16/17 Nov 1893; b. 1835,Въ ночь съ 16-го на 17-е ноября 1893 года А. И. Бреше скончался въ С.-Петербургѣ.
1893-94_Obituaries,452,452,same,core,"Виноградовъ, Александръ Павловичъ","Виноградовъ, Александръ Павловичъ",d. 9 May 1894; b. 29 Sept 1863,† 9-го мая 1894 года.
1893-94_Obituaries,452,452,same,none,"Воеводинъ, Василій Тихоновичъ","Воеводинъ, Василій Тихоновичъ",d. 27 May 1894; b. 17 Dec 1842,27-го мая 1894 года В. Т. Воеводинъ скончался въ С.-Петербургѣ
1893-94_Obituaries,452,452,same,core,"Гоппе (Wilhelm Hoppe), Василій Васильевичъ","Гоппе (Wilhelm Hoppe), Василій Васильевичъ",d. night of 5/6 Jan 1894; in service from 1 Sept 1884,В. В. Гоппе скончался скоропостижно въ ночь съ 5-го на 6-е января 1894 года.
1893-94_Obituaries,453,453,same,mentions,"Гофманъ, Іосифъ","Гофманъ, Іосифъ",d. 16 Nov 1893 (Moscow); b. 1854; in service from 20 Oct 1880,† 16-го ноября 1893 года.
1893-94_Obituaries,453,453,same,none,"Киселевъ, Владиміръ Васильевичъ","Киселевъ, Владиміръ Васильевичъ",d. 27 Dec 1893; b. 17 Sept 1847,"1-го сентября 1893 года В. В. Киселевъ оставилъ службу, а 27-го декабря того же года онъ скончался отъ прогрессивнаго паралича"
1893-94_Obituaries,453-456,453,same,none,"Кистеръ, баронъ Карлъ Карловичъ","Кистеръ, баронъ Карлъ Карловичъ","d. 2 (14) Dec 1893, Darmstadt; b. 21 Jul 1821",† 2-го декабря 1893 года.
1893-94_Obituaries,456-457,456,same,core,"Каширина, Елизавета Александровна","Каширина, Елизавета Александровна",d. 12 Feb 1894; b. 19 Apr 1844; retired 17 Feb 1876,† 12-го февраля 1894 года.
1893-94_Obituaries,457,457,same,none,"Лилѣева (Шеффердекеръ), Эмилія Августиновна","Лилѣева (Шеффердекеръ), Эмилія Августиновна",d. 4 Sept 1893; debut 15 Oct 1841; retired 1866,† 4-го сентября 1893 года.
1893-94_Obituaries,457-458,457,same,core,"Михайлова 1-я (Мозгова, по мужу Кротикова), Александра Михайловна","Михайлова 1-я (Мозгова, по мужу Кротикова), Александра Михайловна",d. night of 11/12 Dec 1893; b. 23 Mar 1865 (Moscow),† 12-го декабря 1893 года.
1893-94_Obituaries,458,458,differs,none,"Нѣмчинова, Евдокія Дмитріевна (урожденная Чистякова)","Нѣмчинова, Евдокія Дмитріевна",d. 10 Nov 1893; b. 1822; left the stage 1 Sept 1865,10-го ноября 1893 года Е. Д. Нѣмчинова скончалась въ Москвѣ
1893-94_Obituaries,458,458,same,none,"Петерсенъ (Carl Petersen), Карлъ-Іоганъ","Петерсенъ (Carl Petersen), Карлъ-Іоганъ",d. 23 Dec 1893; b. 1855,гдѣ онъ и скончался 23-го декабря 1893 года отъ прогрессивнаго паралича.
1893-94_Obituaries,459,459,same,core,"Пучковъ, Сергѣй Ивановичъ","Пучковъ, Сергѣй Ивановичъ",d. 4 Sept 1893; b. 7 Oct 1860,† 4-го сентября 1893 года.
1893-94_Obituaries,459,459,same,none,"Рудаковъ, Иванъ Ивановичъ","Рудаковъ, Иванъ Ивановичъ","d. 5 Feb 1894; b. 22 Jan 1862 (Sofiisk, Primorskaia obl.)",Молодой художникъ скончался 5-го февраля 1894 года въ С.-Петербургскомъ госпиталѣ Придворнаго вѣдомства.
1893-94_Obituaries,459,459,same,core,"Сергѣевъ (Ефимовъ), Павелъ Ефимовичъ","Сергѣевъ (Ефимовъ), Павелъ Ефимовичъ",d. 5 Mar 1894; b. 16 May 1865,5-го марта 1894 года П. Е. Сергѣевъ скончался въ Москвѣ
1893-94_Obituaries,459-460,459,same,none,"Степановъ, Петръ Григорьевичъ","Степановъ, Петръ Григорьевичъ",d. 31 Oct 1893; b. 1841,П. Г. Степановъ скончался 31-го октября 1893 года въ С.-Петербургскомъ госпиталѣ Придворнаго вѣдомства
1893-94_Obituaries,460-461,460,differs,none,"Сѣтовъ (Сетгоферъ-Сетгофъ), Іосифъ Яковлевичъ","Сѣтовъ, Іосифъ Яковлевичъ","d. 27 Dec 1893, Kiev; b. 1826 (Moscow)",† 27-го декабря 1893 года.
1893-94_Obituaries,461-462,461,same,core,"Фроловъ, Александръ Петровичъ","Фроловъ, Александръ Петровичъ",d. 24 Apr 1894; b. 1819,† 24-го апрѣля 1894 года.
1893-94_Obituaries,462-463,462,same,core,"Хамарбергъ, Иванъ Егоровичъ","Хамарбергъ, Иванъ Егоровичъ",d. night of 24/25 Feb 1894; b. 8 Jan 1838,Въ ночь съ 24-го на 25-е февраля 1894 года И. Е. Хамарбергъ скоропостижно скончался
1893-94_Obituaries,463,463,same,none,"Цвинкау (Georg-Wilhelm Zwinckau), Георгій Георгіевичъ","Цвинкау (Georg-Wilhelm Zwinckau), Георгій Георгіевичъ",d. 17 Dec 1893,17-го декабря 1893 года Г. Г. Цвинкау скончался отъ прогрессивнаго паралича.
1893-94_Obituaries,463,463,same,none,"Цисвицкій, Викторъ Львовичъ","Цисвицкій, Викторъ Львовичъ","d. 2 Oct 1893, Yalta; b. 1852","скончался отъ чахотки, 2-го октября 1893 года, въ Ялтѣ"
1893-94_Obituaries,463-464,463,same,none,"Энглундъ (Marie-Dorothea Englund), Марія Эдуардовна","Энглундъ (Marie-Dorothea Englund), Марія Эдуардовна","d. 25 May 1894, Tiflis; b. 26 May 1863",† 25-го мая 1894 года.
1893-94_Obituaries,464,464,same,none,"Ѳедотова (Шпейеръ), Анна Ивановна","Ѳедотова (Шпейеръ), Анна Ивановна",d. 19 Aug 1894; b. 1852,Скончалась А. И. Ѳедотова 19-го августа 1894 года.
1894-95_Jubilee_Efimov,331-332,331,same,core,Константинъ Пантелеевичъ Ефимовъ,Константинъ Пантелеевичъ Ефимовъ.,"50-year jubilee, 1845-1895 (benefit 10 Dec 1895, Mariinsky); b. 25 April 1829; in service from 21 March 1848",(По поводу 50-ти-лѣтія его артистической дѣятельности). 1845 г. — 1895 г.; бенефисъ 10-го декабря 1895 года
1894-95_Jubilee_Gelvig,370,370,differs,mentions,Адольфъ Ивановичъ Гельвигъ (Gustav-Adolf Helwig),Адольфъ Ивановичъ Гельвигъ.,25-year jubilee (in service from 16 Sept 1869); b. 1848; pension 12 Nov 1890,(По поводу 25-ти-лѣтія его артистической дѣятельности при Императорскихъ театрахъ). 16-го сентября 1869 года онъ поступилъ на службу
1894-95_Jubilee_Gelvig,,370,second_only,,,Павелъ Константиновичъ Григоренко.,,(По поводу 25-ти-лѣтія его артистической дѣятельности при Императорскихъ театрахъ). 8-го августа 1869 года П. К. Григоренко поступилъ на службу
1894-95_Jubilee_Gerner,371,371,same,none,Валентинъ Іосифовичъ Майеръ,Валентинъ Іосифовичъ Майеръ.,25-year jubilee (in service from 9 Oct 1869); b. 17 Jan 1841; pension 1889,(По поводу 25-ти-лѣтія его артистической дѣятельности при Императорскихъ театрахъ). 9-го октября 1869 года В. І. Майеръ поступилъ на службу
1894-95_Jubilee_Gerner,371,371,differs,core,Августъ Ѳедоровичъ Гернеръ (August-Friedrich Görner),Августъ Ѳедоровичъ Гернеръ.,25-year jubilee (in service from 1 Nov 1869); b. 3 Feb 1849; pension from 1891,"(По поводу 25-ти-лѣтія его артистической дѣятельности при Императорскихъ театрахъ). Въ томъ же году [1869], 1-го ноября, А. Ѳ. поступилъ на службу"
1894-95_Jubilee_Grigorenko,370,370,same,core,Павелъ Константиновичъ Григоренко,Павелъ Константиновичъ Григоренко.,25-year jubilee (in service from 8 Aug 1869); b. 23 June 1845; pension 8 Aug 1889,(По поводу 25-ти-лѣтія его артистической дѣятельности при Императорскихъ театрахъ). 8-го августа 1869 года П. К. Григоренко поступилъ на службу
1894-95_Jubilee_Grigorenko,,370,second_only,,,Адольфъ Ивановичъ Гельвигъ.,,(По поводу 25-ти-лѣтія его артистической дѣятельности при Императорскихъ театрахъ). 16-го сентября 1869 года онъ поступилъ на службу
1894-95_Jubilee_Morozov,368-369,368,same,mentions,Сергѣй Яковлевичъ Морозовъ,Сергѣй Яковлевичъ Морозовъ.,25-year jubilee celebrated 21 Oct 1895; b. 1850; in service from 21 Oct 1869,"(По поводу 25-ти-лѣтія его артистической дѣятельности при Императорскихъ театрахъ). XXV; 21-го октября 1895 года, въ день празднованія двадцатипятилѣтія (p. 369); опредѣленъ 21-го октября 1869 года"
1894-95_Obituaries,397,397,same,none,"Акимовъ, Ѳедоръ Фроловичъ","Акимовъ, Ѳедоръ Фроловичъ",† 2-го января 1895 г.; in service 1 March 1874 - 1 Dec 1894,† 2-го января 1895 г.
1894-95_Obituaries,397-398,397,same,core,"Андреевъ, Константинъ Александровичъ","Андреевъ, Константинъ Александровичъ","† 10-го октября 1894 г.; b. 10 April 1858; service counted from 10 April 1874, left 1 May 1894","Въ томъ же году [1894], 10-го октября, К. А. Андреевъ скончался"
1894-95_Obituaries,398,398,same,core,"Бенда, Маттіасъ Іосифовичъ","Бенда, Маттіасъ Іосифовичъ",† 7-го марта 1895 г.; in service from 15 Jan 1879,† 7-го марта 1895 г.
1894-95_Obituaries,398,398,same,none,"Бергманъ, Антонъ-Вильгельмъ","Бергманъ, Антонъ-Вильгельмъ","† 21-го марта 1895 г. (Kassel); b. 1859; engaged 1 Sept 1882, dismissed 1 Jan 1887",21-го марта 1895 года А. В. Бергманъ скончался въ Касселѣ
1894-95_Obituaries,398,398,same,core,"Брюнинъ, Гавріилъ Алексѣевичъ","Брюнинъ, Гавріилъ Алексѣевичъ",† January 1895 (day not given; suicide); in service 11 March 1851 - 1871,Въ январѣ 1895 года Г. А. Брюнинъ окончилъ жизнь самоубійствомъ
1894-95_Obituaries,399-400,399,same,mentions,Вейкманъ Іеронимъ (Hieronymus Weickmann),Вейкманъ Іеронимъ (Hieronymus Weickmann),"† 14-го апрѣля 1895 года (14/26 April, Nuremberg); b. 26 Jan 1825; in service 1 May 1855 - 1 Sept 1890",† 14-го апрѣля 1895 года.
1894-95_Obituaries,400,400,same,none,"фанъ-Вельсенеръ, Теодоръ (Théodore-Louis-André Van-Welssenaers)","фанъ-Вельсенеръ, Теодоръ (Théodore-Louis-André Van-Welssenaers)",† 16-го мая 1895 г.; b. 1824; in service from 15 Dec 1852,16-го мая 1895 года Т. фанъ-Вельсенеръ скончался
1894-95_Obituaries,400,400,same,none,"Видеманъ, Регина-Марія (Marie Wiedemann)","Видеманъ, Регина-Марія (Marie Wiedemann)","† 13-го сентября 1894 г., aged 86; b. 1808 Riga; in service from 20 Aug 1836",Скончалась Р. Видеманъ 13-го сентября 1894 года
1894-95_Obituaries,400-401,400,same,core,"Волковъ, Василій Васильевичъ","Волковъ, Василій Васильевичъ",† 20-го августа 1895 года; b. 24 Dec 1872; in service from 1 June 1890,† 20-го августа 1895 года.
1894-95_Obituaries,401,401,same,none,"Галандеръ (Мейнцъ), Агата-Доротея (Agathe Galander Meinsz)","Галандеръ (Мейнцъ), Агата-Доротея (Agathe Galander Meinsz)","† 4-го іюля 1895 года, aged 82; in service 18 March 1847 - 23 March 1867",4-го іюля 1895 года А. Мейнцъ-Галандеръ скончалась
1894-95_Obituaries,401,401,same,core,"Горохова, Анна Николаевна","Горохова, Анна Николаевна",† 7-го апрѣля 1895 года; b. 10 Sept 1846; ballet 31 March 1863 - 1 Oct 1883; drama 1885-87,7-го апрѣля 1895 года А. Н. Горохова скончалась въ Москвѣ
1894-95_Obituaries,401-402,401,same,none,"Грунъ, Ефремъ Карловичъ","Грунъ, Ефремъ Карловичъ",† 18-го апрѣля 1895 года; b. 1832; in service 15 Nov 1878 - 1 Jan 1887,18-го апрѣля 1895 года Е. К. Грунъ скончался
1894-95_Obituaries,402,402,same,none,"Дельтомбъ, Огюстъ (Auguste Deltombe)","Дельтомбъ, Огюстъ (Auguste Deltombe)",† 3-го сентября 1894 г. (Paris); b. 1827; in service 28 Aug 1879 - 1 Sept 1886,† 3-го сентября 1894 г.
1894-95_Obituaries,402,402,same,core,"Дороѳеевъ, Іосифъ Александровичъ","Дороѳеевъ, Іосифъ Александровичъ",† 28-го ноября 1894 г. (Gatchina); b. 31 March 1864; in service from 1883 (seniority from 31 March 1880),† 28-го ноября 1894 г.
1894-95_Obituaries,402-403,402,same,none,"Дубковъ, Николай Николаевичъ","Дубковъ, Николай Николаевичъ",† 15-го сентября 1894 года; b. 5 Dec 1835; in service 1860 - 1 May 1892,15-го сентября 1894 года Н. Н. Дубковъ скоропостижно скончался
1894-95_Obituaries,403,403,same,none,"Журинъ, Николай Алексѣевичъ","Журинъ, Николай Алексѣевичъ","† 10-го ноября 1894 г. (suicide, Chardzhui); b. 17 April 1847; in service 1868-1879",† 10-го ноября 1894 г.
1894-95_Obituaries,404,404,same,mentions,"Ивановъ (Барцалъ), Иванъ Ивановичъ","Ивановъ (Барцалъ), Иванъ Ивановичъ",† 10-го мая 1895 г.; in service from 18 Aug 1881,† 10-го мая 1895 г.
1894-95_Obituaries,404-405,404,same,none,"Карпова (Нестеровская), Евдокія Илларіоновна","Карпова (Нестеровская), Евдокія Илларіоновна",† 20-го ноября 1894 г.; b. 24 Feb 1845; in service from 28 March 1865,† 20-го ноября 1894 г.
1894-95_Obituaries,405,405,same,none,"Крюгеръ, Оскаръ-Адольфъ (Oscar-Adolf Krüger)","Крюгеръ, Оскаръ-Адольфъ (Oscar-Adolf Krüger)","† 9-го іюля 1895 г. (drowned, Oranienbaum); in service from 1 Sept 1891",† 9-го іюля 1895 г.
1894-95_Obituaries,405-406,405,same,core,"Легатъ, Густавъ Ивановичъ","Легатъ, Густавъ Ивановичъ",† 20-го августа 1895 г.; b. 20 Jan 1837; in service 27 March 1857 - 1875 and 6 March 1882 - 15 Oct 1886,† 20-го августа 1895 г.
1894-95_Obituaries,406-407,406,same,none,"Маннъ, Ипполитъ Александровичъ","Маннъ, Ипполитъ Александровичъ",† 10-го декабря 1894 г.; b. 29 Jan 1823,† 10-го декабря 1894 г.
1894-95_Obituaries,407-408,407,same,mentions,"Медвѣдева, Акулина Дмитріевна","Медвѣдева, Акулина Дмитріевна","† 31-го іюля 1895 г., aged 99; b. 31 May 1796; in service 1814/1816 - 1 June 1822",† 31-го іюля 1895 г.
1894-95_Obituaries,408-409,408,same,none,"Михайловская (Лейброкъ), Жозефина Августовна","Михайловская (Лейброкъ), Жозефина Августовна",† 22-го марта 1895 г.; b. 1842; opera 13 Nov 1863 - 13 Nov 1871; drama from 1 July 1882,† 22-го марта 1895 г.
1894-95_Obituaries,409,409,same,none,"Моцейкевичъ, Михаилъ Варѳоломеевичъ","Моцейкевичъ, Михаилъ Варѳоломеевичъ",† 11-го января 1895 года; b. 24 Sept 1848; in service 1 Sept 1881 - 1 Dec 1894,11-го января 1895 года М. В. Моцейкевичъ скончался
1894-95_Obituaries,409,409,same,none,"Нестеровъ, Григорій Михайловичъ","Нестеровъ, Григорій Михайловичъ",† 2-го февраля 1895 года; b. 1821; in service 1 Oct 1872 - 1 May 1892,Скончался Г. М. Нестеровъ 2-го февраля 1895 года
1894-95_Obituaries,409,409,same,none,"Николаевскій, Павелъ Михайловичъ","Николаевскій, Павелъ Михайловичъ",† 25-го октября 1894 года; b. 1841; in service 1 Sept 1864 - 1 Sept 1884,25-го октября 1894 года П. М. Николаевскій скончался въ Петербургѣ
1894-95_Obituaries,409-410,409,same,none,"Новиковъ, Павелъ Евтихіевичъ","Новиковъ, Павелъ Евтихіевичъ","† 9-го мая 1895 года (Pechory, Pskov gub.); b. 2 Jan 1834; in service 1 Sept 1849 - 1 Oct 1882",П. Е. Новиковъ скончался 9-го мая 1895 года
1894-95_Obituaries,410-411,410,same,mentions,"Орловъ, Иванъ Сергѣевичъ","Орловъ, Иванъ Сергѣевичъ",† 10-го августа 1895 года; b. 1822; at the School 29 Jan 1854 - 1 Sept 1887,10-го августа 1895 года И. С. Орловъ скончался въ С.-Петербургѣ
1894-95_Obituaries,411,411,same,none,"Пономаревъ, Павелъ Ивановичъ","Пономаревъ, Павелъ Ивановичъ",† 16-го августа 1895 года; b. 1836; in service 15 March 1858 - 1 Sept 1882,Скончался П. И. Пономаревъ 16-го августа 1895 года.
1894-95_Obituaries,411,411,same,none,"Рамзе, Эмилій-Вильгельмъ (Wilhelm Ramsöe)","Рамзе, Эмилій-Вильгельмъ (Wilhelm Ramsöe)","† 15-го апрѣля 1895 года (Denmark), aged 58; in service 1 Oct 1877 - 10 Dec 1894",15-го апрѣля 1895 года Э.-В. Рамзе скончался въ Даніи
1894-95_Obituaries,411-412,411,same,none,"Селиверстовъ, Михаилъ Арсеніевичъ","Селиверстовъ, Михаилъ Арсеніевичъ",† 4-го марта 1895 года; b. 1841; in service 1 Oct 1872 - 1 Sept 1887,4-го марта 1895 года М. А. Селиверстовъ скончался въ С.-Петербургѣ
1894-95_Obituaries,412,412,same,core,"Сергѣева, Анна Дмитріевна","Сергѣева, Анна Дмитріевна",† 25-го марта 1895 г.; b. 28 Jan 1849; Moscow ballet 28 Feb 1878 - 1 Oct 1883,† 25-го марта 1895 г.
1894-95_Obituaries,412-413,412,same,core,"Смирнова (Бѣляева), Евгенія Дмитріевна","Смирнова (Бѣляева), Евгенія Дмитріевна",† 17-го апрѣля 1895 года; b. 19 Dec 1862; in service from 19 Dec 1878 (graduated 1880),"до своей кончины, послѣдовавшей 17-го апрѣля 1895 года"
1894-95_Obituaries,413,413,same,none,"Смирновъ, Павелъ Петровичъ","Смирновъ, Павелъ Петровичъ",† 1-го іюня 1895 года; b. 13 Jan 1855; in service 16 Sept 1873 - 24 June 1892,Скончался П. П. Смирновъ 1-го іюня 1895 года
1894-95_Obituaries,413,413,same,none,"Степанова, Анна Гурьевна","Степанова, Анна Гурьевна",† въ 1895 г. (Caucasus; day not given); b. 11 Jan 1848; in service 4 June 1867 - 4 June 1887,† въ 1895 г.
1894-95_Obituaries,414,414,same,none,"Степановъ, Павелъ Яковлевичъ","Степановъ, Павелъ Яковлевичъ",† 9-го іюня 1895 года; b. 1834; in service from 16 May 1856,П. Я. Степановъ скончался 9-го іюня 1895 года
1894-95_Obituaries,414-415,414,same,core,"Стуколкинъ 1-й, Тимоѳей Алексѣевичъ","Стуколкинъ 1-й, Тимоѳей Алексѣевичъ",† 18-го сентября 1894 г.; b. 24 April 1829; in service from 21 March 1848 (seniority 26 April 1845); 50-year jubilee planned for spring 1895,† 18-го сентября 1894 г.
1894-95_Obituaries,415-416,415,same,core,"Стуколкинъ 2-й, Левъ Петровичъ","Стуколкинъ 2-й, Левъ Петровичъ",† 20-го мая 1895 г.; b. 19 Feb 1837; in service 19 Feb 1853 (graduated 1857) - 1 May 1884,† 20-го мая 1895 г.
1894-95_Obituaries,416-417,416,same,core,"Татариновъ, Николай Ивановичъ","Татариновъ, Николай Ивановичъ",† 27-го января 1895 г.; b. 30 Sept 1859; in service from 7 June 1879 (seniority 30 Sept 1875),† 27-го января 1895 г.
1894-95_Obituaries,417,417,same,none,"Томсонъ (Волкова), Марія Павловна","Томсонъ (Волкова), Марія Павловна",† 5-го апрѣля 1895 г.; b. 1868; in service 1 May 1891 - 1 May 1892,† 5-го апрѣля 1895 г.
1894-95_Obituaries,417-418,417,same,none,"Франке 2-й, Ѳедоръ Юльевичъ","Франке 2-й, Ѳедоръ Юльевичъ",† 18-го апрѣля 1895 г.; b. 1840; opera orchestra from 1 Oct 1873; 25-year jubilee 1 Sept 1893,† 18-го апрѣля 1895 г.
1894-95_Obituaries,418,418,same,none,"Хлѣбникова 1-я, Наталья Егоровна","Хлѣбникова 1-я, Наталья Егоровна",† 30-го іюля 1895 г. (night of 29-30 July); b. 1850; in service 8 June 1869 - 1 June 1883,† 30-го іюля 1895 г. (text: въ ночь съ 29-го на 30-е іюля 1895 года)
1894-95_Obituaries,418-421,418,same,none,"Ѳедотовъ, Александръ Филипповичъ","Ѳедотовъ, Александръ Филипповичъ",† 11-го февраля 1895 г.; b. 4 Nov 1841,† 11-го февраля 1895 г.
1895-96_Obituaries,484-486,484,same,none,"Алексѣевъ (Киленинъ), Александръ Алексѣевичъ","Алексѣевъ (Киленинъ), Александръ Алексѣевичъ",† 7-го декабря 1895 г. (Moscow); born 1822,† 7-го декабря 1895 г.
1895-96_Obituaries,486,486,same,core,"Амосова (Гуляева), Варвара Ивановна","Амосова (Гуляева), Варвара Ивановна","† 9-го октября 1895 г. (SP), 85 лѣтъ отъ роду; service 1 May 1826 – 11 Feb 1863","В. И. Амосова скончалась въ С.-Петербургѣ, 9-го октября 1895 года"
1895-96_Obituaries,486-487,486,same,none,"Андреевъ, Иванъ Петровичъ","Андреевъ, Иванъ Петровичъ",† 15-го іюня 1896 г. (Лисій Носъ); born 3 Feb 1847,† 15-го іюня 1896 г.
1895-96_Obituaries,488,488,same,none,"Арсеньевъ, Алексѣй Александровичъ","Арсеньевъ, Алексѣй Александровичъ",† 7-го марта 1896 г. (Moscow); born 1850,"7-го марта 1896 года, состоя на службѣ, А. А. Арсеньевъ скончался въ Москвѣ"
1895-96_Obituaries,488,488,same,none,"Бекке (Eugen Becke), Евгеній Генриховичъ (Андреевичъ)","Бекке (Eugen Becke), Евгеній Генриховичъ (Андреевичъ)","† 17-го января 1896 г. (SP), 39 лѣтъ",17-го января 1896 года Е. Г. Бекке скончался
1895-96_Obituaries,488-489,488,same,none,"Бергамаско, Карлъ Ивановичъ","Бергамаско, Карлъ Ивановичъ","† 10-го мая 1896 г. (SP), 66 лѣтъ",10-го мая 1896 года скончался въ С.-Петербургѣ; caption † 10-го мая 1896 г.
1895-96_Obituaries,489,489,same,none,"Бочарскій, Николай Матвѣевичъ","Бочарскій, Николай Матвѣевичъ",† 28-го мая 1896 г.; born 1855,28-го мая 1896 года онъ скончался
1895-96_Obituaries,489-490,489,same,core,"Бочкина, Ольга Григорьевна","Бочкина, Ольга Григорьевна",† 11-го февраля 1896 г. (Moscow); born 9 July 1865,† 11-го февраля 1896 г.
1895-96_Obituaries,490,490,same,none,"Ватерстраатъ (Carl-Friedrich-Wilhelm Waterstraat), Ѳедоръ Ивановичъ","Ватерстраатъ (Carl-Friedrich-Wilhelm Waterstraat), Ѳедоръ Ивановичъ",† 12-го мая 1896 г. (SP); born 5 Apr 1835,"7-го мая 1896 года ... уволенъ отъ службы, а 12-го числа того же мѣсяца онъ скончался"
1895-96_Obituaries,491,491,same,none,"Гавриловъ, Александръ Ивановичъ","Гавриловъ, Александръ Ивановичъ",† 12-го декабря 1895 г. (SP); born 27 Nov 1814,12-го декабря 1895 года А. И. Гавриловъ скончался
1895-96_Obituaries,491-492,491,same,none,"Гебгардтъ (Joseph-Eduard Gebhardt), Эдуардъ Карловичъ","Гебгардтъ (Joseph-Eduard Gebhardt), Эдуардъ Карловичъ",† 30-го апрѣля 1896 г. (SP); born 29 Dec 1861,30-го апрѣля 1896 года Э. К. Гебгардтъ скончался
1895-96_Obituaries,492-495,492,same,none,"Горбуновъ, Иванъ Ѳедоровичъ","Горбуновъ, Иванъ Ѳедоровичъ",† 24-го декабря 1895 г.,† 24-го декабря 1895 г.
1895-96_Obituaries,495-496,495,same,none,"Грибенъ, Августъ Ѳедоровичъ","Грибенъ, Августъ Ѳедоровичъ","† 17-го марта 1896 г. (SP), на 52-мъ году жизни",17-го марта 1896 года А. Ѳ. Грибенъ скончался
1895-96_Obituaries,496,496,same,none,"Гуляевъ (Ивановъ), Степанъ Дмитріевичъ","Гуляевъ (Ивановъ), Степанъ Дмитріевичъ","† 9-го апрѣля 1896 г. (SP), 62-хъ лѣтъ",9-го апрѣля 1896 года С. Д. Гуляевъ скончался
1895-96_Obituaries,496,496,same,none,"Дубровинъ (Ватсонъ), Василій Ѳомичъ","Дубровинъ (Ватсонъ), Василій Ѳомичъ",† 5-го января 1896 г. (Moscow),† 5-го января 1896 г.
1895-96_Obituaries,497,497,same,none,"Закаспійская (Каратыгина), Варвара Николаевна","Закаспійская (Каратыгина), Варвара Николаевна",Въ сентябрѣ 1895 года (no day printed); born 13 Sept 1831,Въ сентябрѣ 1895 года В. Н. Закаспійская скончалась
1895-96_Obituaries,497,497,same,none,"Захаревскій, Владиміръ Григорьевичъ","Захаревскій, Владиміръ Григорьевичъ","† 3-го мая 1896 г. (SP), на 47-мъ году жизни",3-го мая 1896 года В. Г. Захаревскій скончался
1895-96_Obituaries,497-498,497,same,core,"Золотаренко, Петръ Петровичъ","Золотаренко, Петръ Петровичъ","† 17-го октября 1895 г. (Moscow), aged 39",† 17-го октября 1895 г.
1895-96_Obituaries,498,498,same,none,"Каннегиссеръ (Kannegiesser), Адольфъ","Каннегиссеръ (Kannegiesser), Адольфъ",† 9-го марта 1896 г. (SP); born April 1819,9-го марта 1896 года Адольфъ Каннегиссеръ скончался
1895-96_Obituaries,498,498,same,none,"Константиновъ, Николай Ивановичъ","Константиновъ, Николай Ивановичъ","† 7-го августа 1896 г. (Tver'), aged 34",7-го августа 1896 года онъ скончался
1895-96_Obituaries,498,498,same,core,"Корсакъ (Рейхель), Вѣра Алексѣевна","Корсакъ (Рейхель), Вѣра Алексѣевна",† 19-го февраля 1896 г. (SP); born 7 June 1869,† 19-го февраля 1896 г.
1895-96_Obituaries,499,499,same,none,"Кузнецовъ, Яковъ Дмитріевичъ","Кузнецовъ, Яковъ Дмитріевичъ",† 31-го марта 1896 г. (Moscow),† 31-го марта 1896 г.
1895-96_Obituaries,499-501,499,same,none,"Леонова, Дарья Михайловна","Леонова, Дарья Михайловна",† 25-го января 1896 г. (SP); born 9 Mar 1829,"† Д. М. Леонова 25-го января 1896 г. (caption, next page)"
1895-96_Obituaries,501-502,501,same,none,"Лола (Гвоздикова), Ольга Дмитріевна","Лола (Гвоздикова), Ольга Дмитріевна","† 15-го мая 1896 г. (Romny, Poltava gub.; suicide); born 10 July 1860",† 15-го мая 1896 г.
1895-96_Obituaries,502,502,same,core,"Малютинъ, Михаилъ Константиновичъ","Малютинъ, Михаилъ Константиновичъ","† 7-го февраля 1896 г. (Tikhvin), 67-ми лѣтъ",7-го февраля 1896 года М. К. Малютинъ скончался
1895-96_Obituaries,502,502,same,core,"Мессарошъ, Марія Николаевна","Мессарошъ, Марія Николаевна",† 20-го іюня 1896 г. (Shuvalovo); born 15 Nov 1877,† 20-го іюня 1896 г.
1895-96_Obituaries,503,503,same,core,"Никитинъ, Сергѣй Герасимовичъ","Никитинъ, Сергѣй Герасимовичъ","† 23-го іюля 1896 г. (Moscow), 35 лѣтъ отъ роду",† 23-го іюля 1896 г.
1895-96_Obituaries,503,503,same,none,"Павловская (Бергманъ), Елена Карловна","Павловская (Бергманъ), Елена Карловна",† 2-го октября 1895 г. (Moscow),† 2-го октября 1895 г.
1895-96_Obituaries,503-504,503,same,core,"Пановъ, Викторъ Николаевичъ","Пановъ, Викторъ Николаевичъ","Въ сентябрѣ 1895 года (no day printed; Moscow), на 58-мъ году жизни",Въ сентябрѣ 1895 года В. Н. Пановъ скончался въ Москвѣ
1895-96_Obituaries,504,504,same,core,"Пуни, Николай Цезаревичъ","Пуни, Николай Цезаревичъ",† 7-го іюня 1896 г. (SP); born 28 Dec 1863,7-го іюня 1896 года Н. Ц. Пуни скончался
1895-96_Obituaries,504,504,same,core,"Станкевичъ, Владиміръ Александровичъ","Станкевичъ, Владиміръ Александровичъ",«въ сезенѣ 1895—1896 гг.» (no date printed; Simbirsk); born 20 Aug 1855,"В. А. Станкевичъ скончался въ сезенѣ 1895—1896 гг., въ городѣ Симбирскѣ"
1895-96_Obituaries,504,504,same,core,"Степанова, Олимпіада Никитична","Степанова, Олимпіада Никитична",† 16-го апрѣля 1896 г. (SP); born 22 July 1856,16-го апрѣля 1896 года О. Н. Степанова скончалась
1895-96_Obituaries,504-505,504,same,core,"Степановъ, Владиміръ Ивановичъ","Степановъ, Владиміръ Ивановичъ","† 16-го января 1896 г. (Moscow, Mariinskaya hospital); born 17 June 1866",† 16-го января 1896 г.
1895-96_Obituaries,505,505,same,none,"Тепферъ, Германъ","Тепферъ, Германъ","† 24-го мая 1896 г. (Moscow), на 42-мъ году",24-го мая 1896 года Г. Тепферъ скончался въ Москвѣ
1895-96_Obituaries,506,506,same,none,"Христофоровъ, Александръ Тарасовичъ","Христофоровъ, Александръ Тарасовичъ",† 30-го сентября 1895 г. (SP); born 20 Apr 1839,30-го сентября того же года [1895] А. Т. Христофоровъ скончался
1895-96_Obituaries,506,506,same,none,"Шварцъ, Фридрихъ","Шварцъ, Фридрихъ","† 12-го марта 1896 г. (SP), 65-ти лѣтъ",12-го марта 1896 года Фр. Шварцъ умеръ
1895-96_Obituaries,506,506,same,none,"Шенекерль (Wilhelm Schönekerl), Василій Андреевичъ","Шенекерль (Wilhelm Schönekerl), Василій Андреевичъ","«9-го декабря» (no year printed; presumably 1895) (SP), на 61-мъ году",9-го декабря В. А. Шенекерль скончался (no year printed)
1895-96_Obituaries,506,506,same,none,"Энгель (Иванова), Анна Андреевна","Энгель (Иванова), Анна Андреевна",† 14-го іюня 1896 г. (SP); born 2 Feb 1842,"А. А. Энгель скончалась въ С.-Петербургѣ, 14-го іюня 1896 года"
1895-96_Obituaries,507-508,507,same,none,"Яблочкинъ, Александръ Александровичъ","Яблочкинъ, Александръ Александровичъ",† 1-го ноября 1895 г. (SP); born 1824,Скончался А. А. Яблочкинъ 1-го ноября 1895 года (p. 508)
1899-00_Jubillees,145,145,same,core,"Аистовъ, Николай Сергѣевичъ","Аистовъ, Николай Сергѣевичъ",b. 4 March 1853; entered service 19 May 1874; benefit for 25 years' service 21 November 1899,21 ноября 1899 года въ награду за 25-ти-лѣтнюю службу назначенъ бенефисъ
1899-00_Jubillees,145,145,same,none,"Андріе, Шарль","Андріе, Шарль",engaged from 1 September 1875; full benefit for 25 years' service 29 January 1900,29-го января 1900 года ему назначенъ въ награду за 25-ти-лѣтнюю службу полный бенефисъ
1899-00_Jubillees,145-146,145,same,core,"Ивановъ, Левъ Ивановичъ","Ивановъ, Левъ Ивановичъ",b. 18 February 1834; service counted from 18 February 1850; benefit for 50 years' service 5 December 1899,5-го декабря 1899 года въ награду за 50-ти-лѣтнюю службу при Дирекціи назначенъ бенефисъ
1899-00_Jubillees,146,146,same,none,"Кандратьевъ, Геннадій Петровичъ","Кандратьевъ, Геннадій Петровичъ",b. 1835; entered service 1 August 1864; benefit for 25 years 30 January 1890; farewell benefit for 35 years' service 11 February 1900,11-го февраля 1900 года въ награду за 35-ти-лѣтнюю службу и въ виду оставленія имъ службы назначенъ прощальный бенефисъ
1899-00_Jubillees,146,146,same,none,"Макшеевъ, Владиміръ Александровичъ","Макшеевъ, Владиміръ Александровичъ",b. 16 May 1843; entered service 1 March 1874; half-benefit for 25 years' service 25 November 1899,за 25-ти-лѣтнюю службу 25-го ноября 1899 года
1899-00_Jubillees,146,146,same,core,"Рябовъ, Степанъ Яковлевичъ","Рябовъ, Степанъ Яковлевичъ",aged 68; entered service 1 June 1850; benefit at the Bolshoi for 50 years' service 21 November 1899,За 50-ти-лѣтнюю службу награжденъ бенефисомъ на Большомъ театрѣ 21-го ноября 1899 г.
1899-00_Obituaries,147,147,same,core,"Рюминъ, Иванъ Ивановичъ","Рюминъ, Иванъ Ивановичъ",b. 9 June 1837; d. 2 September 1899,Умеръ 2-го сентября 1899 года.
1899-00_Obituaries,147-148,147,same,core,"Блау, Василій Александровичъ",Блау. Василій Александровичъ,b. 27 December 1837; entered service 27 March 1857; d. 19 November 1899,Умеръ 19-го ноября 1899 года.
1899-00_Obituaries,148,148,same,none,"Громчевскій, Николай Никодимовичъ","Громчевскій, Николай Никодимовичъ",b. 9 May 1861; entered service 1 May 1887; d. 24 July 1899,Умеръ 24-го іюля 1899 г.
1899-00_Obituaries,148,148,same,none,"Логановскій, Константинъ Николаевичъ","Логановскій, Константинъ Николаевичъ",b. 29 January 1854; court service from 28 March 1866; opera chorister from 1 September 1882; d. 22 August 1899,22-го августа 1899 года умеръ.
1899-00_Obituaries,148,148,same,none,"Морозовъ, Ефимъ Яковлевичъ","Морозовъ, Ефимъ Яковлевичъ",b. 2 September 1839; entered service 16 April 1861; d. 27 February 1900,Умеръ 27-го февраля 1900 года.
1899-00_Obituaries,148,148,same,none,"Рокотовъ, Владиміръ Дмитріевичъ","Рокотовъ, Владиміръ Дмитріевичъ","«род. 1-го февраля 1888 года, опредѣленъ на службу Дирекціи»; d. 14 April 1900",Умеръ 14-го апрѣля 1900 года.
1899-00_Obituaries,148,148,same,none,"Садовскій, Карлъ Карловичъ","Садовскій, Карлъ Карловичъ",b. 19 October 1864; entered service 1 September 1882; d. 16 June 1900,Умеръ 16-го іюня 1900 года.
1899-00_Obituaries,148-[149],148,same,none,"Медвѣдева, Надежда Михайловна, по мужу Гайпукова","Медвѣдева, Надежда Михайловна, по мужу Гайпукова",b. 6 October 1832; entered service 6 October 1848; benefit for 50 years' service 20 January 1899; d. 24 September 1899,"умерла, состоя на службѣ, 24-го сентября 1899 года"
1899-00_Obituaries,[149],(unnumbered; follows 148),same,none,"Петровъ, Василій Венедиктовичъ","Петровъ, Василій Венедиктовичъ",b. 22 January 1852; entered service 1 November 1876; d. 22 September 1899,"Умеръ на службѣ, 22-го сентября 1899 года."
1899-00_Obituaries,[149],(unnumbered; follows 148),same,none,"Нальхановъ, Сергѣй Николаевичъ","Нальхановъ, Сергѣй Николаевичъ",b. 13 September 1867; entered service 16 October 1897; d. 7 May 1900,"Умеръ на службѣ, 7-го мая 1900 года."
1900-01_Obituary_Kuznetsov,304-305,304,same_reordered,core,"Кузнецовъ, Д. И.",Д. И. КУЗНЕЦОВЪ.,"b. 1827; d. 12 May 1901, Moscow; pensioned off in the 1882-1883 reforms","12-го мая 1901 года, въ Москвѣ скончался"
1901-02_Supplement3_ObituaryLevIvanov,"[unnumbered plate], 67-68",(unnumbered plate),same_reordered,core,"Ивановъ, Левъ Ивановичъ",Левъ Ивановичъ Ивановъ.,b. 1834; † 11 December 1901,
1901-02_Supplement3_ObituaryLevIvanov,,67,second_only,,,Левъ Ивановичъ Ивановъ.,,† 11 декабря 1901 г.
1907-08_Jubilee_Glazunov,272-273,272,same_reordered,mentions,"Глазуновъ, А. К.",А. К. Глазуновъ,"b. 29 July 1865; 25th anniversary of musical activity (first performance 17 March 1882), celebrated 27 January [1907]",27-го января Петербургскій музыкальный міръ торжественно отпраздновалъ его двадцатипятилѣтній юбилей творческой дѣятельности
1907-08_Jubilee_Glazunov,,273,second_only,,,С. В. Рахманиновъ.,,
1907-08_Jubilee_Rachmaninov,,273,second_only,,,С. В. Рахманиновъ.,,
1907-08_Obituary_Arbenin,292,,first_only,none,"Панчинъ, А. С. [tail of entry]",,not on scanned portion (25 years on the stage),
1907-08_Obituary_Arbenin,292-293,292,same_reordered,mentions,"Арбенинъ (Гильдебрантъ), Николай Ѳедоровичъ",Николай Ѳедоровичъ Арбенинъ (Гильдебрантъ).,"b. 1863, Iur'ev; death date not given in the text",
1907-08_Obituary_Arensky,[285]-286,(unnumbered; precedes 286),same_reordered,mentions,"Аренскій, Антонъ Степановичъ",Антонъ Степановичъ Аренскій.,"b. 1861, Novgorod; d. 12 February 1906",Скончался онъ 12 февраля 1906 г.
1907-08_Obituary_Arensky,286,286,same_reordered,none,"Бларамбергъ, П. И.",П. И. Бларамбергъ.,"b. 17 September 1841, Orenburg; death date not on scanned portion",
1907-08_Obituary_Bogdanov,294,294,same_reordered,core,"Богдановъ, А. [А. А.]",А. Богдановъ.,"entered service 11 February 1846; d. 10 October 1907, St Petersburg",скончался 10-го октября 1907 года.
1907-08_Obituary_Bogdanov,294,294,differs,none,"Лентовскій, Михаилъ Валентиновичъ",Памяти Михаила Валентиновича Лентовскаго.,b. 1843; death date not on scanned portion,
1908-09_Jubilees,143,143,same_reordered,none,"Авранекъ, Ульрихъ Іосифовичъ",Ульрихъ Іосифовичъ Авранекъ,"25-лѣтіе службы, 10-го декабря",10-го декабря
1908-09_Jubilees,143-145,143,same_reordered,none,"Альтани, Ипполитъ Карловичъ",Ипполитъ Карловичъ Альтани,25-лѣтіе дирижерской дѣятельности; at Moscow since 1882-83,
1908-09_Jubilees,145,145,same_reordered,core,"Арендсъ, Андрей Федоровичъ",Андрей Федоровичъ Арендсъ,"25-лѣтній юбилей; b. Moscow 2 марта 1855; violinist 1883, ballet conductor 1906",
1908-09_Jubilees,146,146,same_reordered,none,"Ауэръ, Левъ Семеновичъ",Левъ Семеновичъ Ауэръ,"сорокалѣтіе музыкальной дѣятельности, 14-го декабря 1908; b. 1845 (Hungary)",14-го декабря 1908 г.
1908-09_Jubilees,147-148,147,same_reordered,none,"Боборыкинъ, Петръ Дмитріевичъ",Петръ Дмитріевичъ Боборыкинъ,50-тилѣтіе литературной дѣятельности; b. 15 августа 1836,
1908-09_Jubilees,148-150,148,same_reordered,mentions,"Васильева, Надежда Сергѣевна",Надежда Сергѣевна Васильева,"сорокалѣтіе сценической дѣятельности, 35-лѣтіе on Imperial stage; заслуженная артистка 2 апрѣля 1908",
1908-09_Jubilees,150-152,150,differs,none,"Горевъ, Θедоръ Петровичъ",Ѳедоръ Петровичъ Горевъ,40-лѣтіе сценической дѣятельности,
1908-09_Jubilees,152-153,152,same_reordered,none,"Звягина, Лидія Юрьевна",Лидія Юрьевна Звягина,20-лѣтіе оперной дѣятельности; прощальный бенефисъ 18 ноября,18 ноября
1908-09_Jubilees,153-154,153,same_reordered,none,"Ипполитовъ-Ивановъ, Михаилъ Михайловичъ",Михаилъ Михайловичъ Ипполитовъ-Ивановъ,"25-тилѣтіе композиторской дѣятельности, 23 января; b. Гатчина 1859",23 января
1908-09_Jubilees,154-156,154,same_reordered,core,"Каратыгина, Клеопатра Александровна",Клеопатра Александровна Каратыгина,"сорокалѣтіе end Aug 1909 on drama stage; ""46 лѣтъ"" counting ballet service from age 16",Въ концѣ августа 1909 года
1908-09_Jubilees,157-158,157,same_reordered,mentions,"Козаченко, Георгій Александровичъ",Георгій Александровичъ Козаченко,35-лѣтіе музыкальной дѣятельности and 25-лѣтіе завѣдыванія хоромъ; b. SP 20 апрѣля 1858,
1908-09_Jubilees,158,158,same_reordered,none,"Кореневъ, Николай Алексѣевичъ",Николай Алексѣевичъ Кореневъ,25-лѣтіе службы въ театрѣ; joined 1884,
1908-09_Jubilees,158-159,158,same_reordered,mentions,"Кюи, Цезарь Антоновичъ",Цезарь Антоновичъ Кюи,50-лѣтіе музыкальной дѣятельности; b. Вильна 6 января 1835,
1908-09_Jubilees,159-160,159,same_reordered,none,"Кюнеръ, Василій Васильевичъ",Василій Васильевичъ Кюнеръ,50-лѣтіе дѣятельности 23 апрѣля; b. Штутгардъ 1-го (13) апрѣля 1840,23 апрѣля
1908-09_Jubilees,160-161,160,same_reordered,none,"Лукка, Паулина",Паулина Лукка,b. 1841 Vienna; left stage 1887; no jubilee occasion stated in text,
1908-09_Jubilees,161-162,161,same_reordered,none,"Направникъ, Эдуардъ Францевичъ",Эдуардъ Францевичъ Направникъ,45-лѣтіе музыкальной дѣятельности; b. 12 августа 1839 (Bohemia),
1908-09_Jubilees,162-163,162,differs,core,"Павлова, Анна Матвѣевна (2-я)",Анна Матвѣевна Павлова,"10-лѣтіе артистической дѣятельности, celebrated 18 ноября 1909 at Mariinsky; in ballet from 1 іюля 1899",18 ноября 1909 г.
1908-09_Jubilees,163-167,163,same_reordered,none,"Правдинъ, Осипъ Андреевичъ",Осипъ Андреевичъ Правдинъ,"b. SP 16 іюня 1846; Maly debut 5 марта 1878; ""На сценѣ я 32 года""; forty-year stage career",
1908-09_Jubilees,167-168,167,same_reordered,none,"Патти, Аделина",Аделина Патти,50-лѣтіе артистической карьеры; b. 1839,
1908-09_Jubilees,168-169,168,same_reordered,core,"Преображенская, Ольга Осиповна",Ольга Осиповна Преображенская,двадцатилѣтіе пребыванія въ балетѣ; jubilee performance 29 ноября (year not printed; presumably 1909) in «Талисманъ» as Норита,на дняхъ
1908-09_Jubilees,170-172,,first_only,none,"Садовская, О. О. (Лазарева-Садовская)",,40-лѣтіе деятельности 29 декабря 1909; debut 20 декабря 1869; 28 years at Maly,
1908-09_Jubilees,172-174,172,same_reordered,none,"Сальвини, Томазо",Томазо Сальвини,80-лѣтіе рожденія; b. 1 января 1829; left stage Oct 1903,
1908-09_Jubilees,175-176,175,same_reordered,none,"Садовской, Михаилъ Провичъ",Михаилъ Провичъ Садовской,сорокалѣтіе пребыванія на сценѣ Малаго театра; b. 12 ноября 1847; Maly debut 17 октября 1869,
1908-09_Jubilees,176-177,176,differs,none,"Соловьевъ, Николай Θеопемптовичъ",Николай Ѳеопемптовичъ Соловьевъ,"40-лѣтіе критической и композиторской дѣятельности, май 1908; b. Петрозаводскъ 27-го апрѣля 1846",Въ маѣ 1908 г.
1908-09_Jubilees,177-178,177,same_reordered,none,"Суворинъ, Алексѣй Сергѣевичъ",Алексѣй Сергѣевичъ Суворинъ,"50-лѣтіе литературной и сценической дѣятельности, celebrated 27 Февраля; b. 11 Сентября 1834",
1908-09_Jubilees,178-179,178,same_reordered,none,"Ходотовъ, Николай Николаевичъ",Николай Николаевичъ Ходотовъ,10-лѣтіе сценической дѣятельности на Императорской сценѣ; graduated theatre school 1898,
1908-09_Jubilees,,170,second_only,,,О. О. Садовская,,29 декабря 1909 года
1908-09_Obituaries,121,,first_only,none,Димитрій Ростовскій (святитель),,"200-лѣтіе кончины, 27-го октября [1909]; † 28-го октября 1709 г.",
1908-09_Obituaries,122-123,122,same_reordered,mentions,"Всеволожскій, Иванъ Александровичъ",ИВАНЪ АЛЕКСАНДРОВИЧЪ ВСЕВОЛОЖСКІЙ.,"† 29 октября 1909 г., на 75-мъ году жизни",† 29 октября 1909 г.
1908-09_Obituaries,123-124,123,same_reordered,none,"Билибинъ, Викторъ Викторовичъ",ВИКТОРЪ ВИКТОРОВИЧЪ БИЛИБИНЪ.,† 31 мая 1908 г.; род. 1859,† 31 мая 1908 г.
1908-09_Obituaries,124-125,124,same_reordered,none,"Вейнбергъ, Петръ Исаевичъ",ПЕТРЪ ИСАЕВИЧЪ ВЕЙНБЕРГЪ.,† 3 іюля 1908 г.,† 3 іюля 1908 г.
1908-09_Obituaries,125-126,125,same_reordered,none,"Владиславлевъ, Михаилъ Петровичъ",МИХАИЛЪ ПЕТРОВИЧЪ ВЛАДИСЛАВЛЕВЪ.,"† 9 октября 1909 г., на 82-мъ году; on stage 1846-1870",† 9 октября 1909 г.
1908-09_Obituaries,126-127,126,same_reordered,core,"Гельцеръ, Василій Ѳедоровичъ",ВАСИЛІЙ ѲЕДОРОВИЧЪ ГЕЛЬЦЕРЪ.,† 30 декабря 1908 г.; род. 1840; in Bolshoi troupe 1856-1906,† 30 декабря 1908 г.
1908-09_Obituaries,127,127,same_reordered,none,"Грессеръ, Гавріилъ Николаевичъ",ГАВРІИЛЪ НИКОЛАЕВИЧЪ ГРЕССЕРЪ.,† 1 ноября 1909 г.; debut 12 апрѣля 1889 г.,† 1 ноября 1909 г.
1908-09_Obituaries,128-131,128,same_reordered,none,"Левинскій, Іосифъ",ІОСИФЪ ЛЕВИНСКІЙ.,died Nov 1908 (text: 'умершій въ ноябрѣ 1908 года'),умершій въ ноябрѣ 1908 года
1908-09_Obituaries,131-132,131,same_reordered,none,"Ленскій, Александръ Павловичъ",АЛЕКСАНДРЪ ПАВЛОВИЧЪ ЛЕНСКІЙ.,† 13 октября 1908 года; род. 1847,† 13 октября 1908 года.
1908-09_Obituaries,132-133,132,same_reordered,none,"Михѣевъ, Василій Михайловичъ",ВАСИЛІЙ МИХАЙЛОВИЧЪ МИХѢЕВЪ.,† 8 мая 1908 г.; род. 1863,† 8 мая 1908 г.
1908-09_Obituaries,133-134,133,same_reordered,none,"Парамоновъ, Ѳедоръ Андреевичъ",ѲЕДОРЪ АНДРЕЕВИЧЪ ПАРАМОНОВЪ.,† 12 декабря 1908 года; род. 1870; Maly from 1891,† 12 декабря 1908 года.
1908-09_Obituaries,134-135,134,same_reordered,none,"Потѣхинъ, Алексѣй Антиповичъ",АЛЕКСѢЙ АНТИПОВИЧЪ ПОТѢХИНЪ.,† 16 октября 1908 года,† 16 октября 1908 года.
1908-09_Obituaries,135,135,same_reordered,none,"Ремизовъ, Владиміръ Сергѣевичъ",ВЛАДИМІРЪ СЕРГѢЕВИЧЪ РЕМИЗОВЪ.,† 10 января 1909 года; service 1882-1904,† 10 января 1909 года.
1908-09_Obituaries,136,136,same_reordered,none,"Ридаль (Волковъ), Александръ Адріановичъ",АЛЕКСАНДРЪ АДРІАНОВИЧЪ РИДАЛЬ (ВОЛКОВЪ).,† 20 ноября 1908 года; Alexandrinsky from 1 сент. 1895 г.,† 20 ноября 1908 года.
1908-09_Obituaries,136,136,same_reordered,none,"Чюмина, Ольга Николаевна",ОЛЬГА НИКОЛАЕВНА ЧЮМИНА.,† 24 августа 1909 г.; род. 26 декабря 1864,† 24 августа 1909 г.
1908-09_Obituaries,137-138,137,same_reordered,none,"Шубертъ, Александра Ивановна",АЛЕКСАНДРА ИВАНОВНА ШУБЕРТЪ.,"† 11 января 1908 г., на 82 году",† 11 января 1908 г.
1908-09_Obituaries,139,139,same_reordered,none,"Юмашевъ, Николай Тарасовичъ",НИКОЛАЙ ТАРАСОВИЧЪ ЮМАШЕВЪ.,† 5 октября 1908 г.,† 5 октября 1908 г.
1908-09_Obituaries,,121,second_only,,,НѢСКОЛЬКО СЛОВЪ ПАМЯТИ ДВУХСОТЛѢТІЯ СВЯТИТЕЛЯ ДИМИТРІЯ РОСТОВСКАГО.,,27-го октября исполнилось 200-лѣтіе кончины святителя Дмитрія Ростовскаго ... скончался 28-го октября 1709 г.
1910-11_Jubilees,121,121,same_reordered,none,"Аполлонскій, Р. Б.",Р. Б. Аполлонскій,21 мая 1911 г.; 30-ти-лѣтіе службы,21 мая 1911 г.
1910-11_Jubilees,121-122,121,same_reordered,none,"Буренинъ, В. П.",В. П. Буренинъ,24 ноября 1911 г.; 50-лѣтіе литературной дѣятельности; род. 1841,24 ноября 1911 г.
1910-11_Jubilees,122-123,122,same_reordered,core,"Вальцъ, К. Ѳ.",К. Ѳ. Вальцъ,3 октября т. г. [1911]; 50-ти-лѣтіе службы,3 октября т. г.
1910-11_Jubilees,123,123,same_reordered,none,"Глѣбова, М. М.",М. М. Глѣбова,декабрь 1911 г.; 50-лѣтіе сценической дѣятельности,Въ декабрѣ 1911 г.
1910-11_Jubilees,123-124,123,same_reordered,none,"Далматовъ, В. П.",В. П. Далматовъ,сентябрь 1911; 20-ти-лѣтіе служенія,Въ сентябрѣ 1911 года
1910-11_Jubilees,124,124,same_reordered,none,"Долина, М. И.",М. И. Долина,24 апрѣля 1911 г.; 25 лѣтъ со дебюта,24 апрѣля 1911 г.
1910-11_Jubilees,125,125,same_reordered,none,"Корвинъ-Круковской, Ю. В.",Ю. В. Корвинъ-Круковской,1 іюня 1911 г.; 25-ти-лѣтіе службы,1 іюня 1911 г.
1910-11_Jubilees,125,125,same_reordered,none,"Крушевскій, Э. А.",Э. А. Крушевскій,ноябрь текущаго года; 35 лѣтъ службы; род. 10 октября 1857,Въ ноябрѣ текущаго года
1910-11_Jubilees,126,126,same_reordered,core,"Кшессинская, М. Ф.",М. Ф. Кшессинская,февраль 1911 г.; 20-ти-лѣтіе сценической дѣятельности (начала въ 1891 году),Въ февралѣ 1911 г.
1910-11_Jubilees,126-127,126,same_reordered,none,"Мичурина, В. А.",В. А. Мичурина,въ настоящемъ году; 25-ти-лѣтіе службы (принята 1886 г.),Въ настоящемъ году
1910-11_Jubilees,127-128,127,same_reordered,mentions,"Никулина, Н. А.",Н. А. Никулина,15 декабря [1911]; 50-ти лѣтіе службы; debut 6 декабря 1860 г.,15 декабря
1910-11_Jubilees,128,128,same_reordered,core,"Плещеевъ, А. А.",А. А. Плещеевъ,октябрь т. г. [1911]; 35 лѣтъ литературной дѣятельности; род. 1858,Въ октябрѣ т. г.
1910-11_Jubilees,128-129,128,same_reordered,none,"Поссартъ, Эрнстъ",Эрнстъ Поссартъ,этомъ году [1911]; 50-ти лѣтній юбилей; род. 1841,въ этомъ году
1910-11_Jubilees,129-130,129,same_reordered,none,"Рыбаковъ, К. Н.",К. Н. Рыбаковъ,40-лѣтіе сценической дѣятельности (принятъ 1871 г.),
1910-11_Jubilees,130-131,130,same_reordered,none,"Серебряковъ, К. Т.",К. Т. Серебряковъ,6 декабря 1911 г.; 25-ти лѣтняя дѣятельность; debut 8 апрѣля 1887; род. 5 іюня 1852,6 декабря 1911 г.
1910-11_Jubilees,131,131,same_reordered,none,"Ѳедотова, Г. Н.",Г. Н. Ѳедотова,8 января 1912 г. (чествованіе); род. 10 мая 1846,8 января 1912 г.
1910-11_Jubilees,132,132,same_reordered,none,"Чириковъ, Е. Н.",Е. Н. Чириковъ,6 января 1911 г.; 25-ти лѣтіе,6 января 1911 г.
1910-11_Obituaries,135,135,same_reordered,none,"Блюменталь-Тамаринъ, А. Э.",А. Э. Блюменталь-Тамаринъ,† 1 декабря 1911 г.,1 декабря 1911 г.
1910-11_Obituaries,135,135,same_reordered,core,"Борхардтъ, М. Ф.",М. Ф. Борхардтъ,† 22 февраля 1911 г.,22 февраля 1911 г.
1910-11_Obituaries,136,136,same_reordered,none,"Бѣлинскій, В. Г.",В. Г. Бѣлинскій,"100 лѣтъ со дня рожденія, 30 мая 1911 г. (род. 1811, † 26 мая 1848)",30 мая 1911 г. [centenary]; скончавшагося 26 мая 1848 г.
1910-11_Obituaries,136-137,136,same_reordered,none,"Вержбиловичъ, А. В.",А. В. Вержбиловичъ,† 2 марта 1911 г.; род. 27 декабря 1849,2 марта 1911 г.
1910-11_Obituaries,137,137,same_reordered,none,"Гаазе, Фридрихъ",Фридрихъ Гаазе,въ началѣ этого года [1911],Въ началѣ этого года
1910-11_Obituaries,137-138,137,same_reordered,none,"Гартманнъ, Эрнстъ",Эрнстъ Гартманнъ,"сентябрь 1911 г., на 67 году",Въ сентябрѣ 1911 г.
1910-11_Obituaries,138,138,same_reordered,none,"Главачъ, В. И.",В. И. Главачъ,† 9 марта 1911 г.; род. 1849,9 марта 1911 г.
1910-11_Obituaries,138-139,138,differs,none,«Ревизоръ» Н. В. Гоголя — 75-ти лѣтіе со дня первой постановки,75-ти лѣтіе со дня первой постановки „Ревизора“ Н. В. Гоголя,19 апрѣля 1911 г.,19 апрѣля 1911 г.
1910-11_Obituaries,139,139,same_reordered,none,"Давыдовъ, А. Д.",А. Д. Давыдовъ,† 20 января 1911 г.; род. 4 января 1849,20 января 1911 г.
1910-11_Obituaries,140,140,same_reordered,none,"Добролюбовъ, Н. А.",Н. А. Добролюбовъ,"50 лѣтъ со смерти, † 17 ноября 1861 г.",17 ноября 1861 г.
1910-11_Obituaries,140-141,140,same_reordered,none,"Жюдикъ, Анна",Анна Жюдикъ,† 1 апрѣля 1911 г.; род. 1846,1 апрѣля 1911 г.
1910-11_Obituaries,141,141,same_reordered,none,"Каваками, Окохиро",Окохиро Каваками,недавно [1911],Недавно
1910-11_Obituaries,142,142,same_reordered,none,"Ладновскій, Болеславъ",Болеславъ Ладновскій,"октябрь 1911 г., 68 лѣтъ",Въ октябрѣ 1911 г.
1910-11_Obituaries,142,142,same_reordered,none,"Ломоносовъ, М. В.",М. В. Ломоносовъ,"200-лѣтіе со дня рожденія, 8 ноября 1911 (чествованіе); † 4 апрѣля 1765",8 ноября 1911 г. [bicentenary]; умершаго 4 апрѣля 1765 г.
1910-11_Obituaries,142,142,same_reordered,core,"Лукьяновъ, С. И.",С. И. Лукьяновъ,† 23 февраля [1911]; on stage from 1877,23 февраля
1910-11_Obituaries,143,143,same_reordered,none,"Малеръ, Густавъ",Густавъ Малеръ,апрѣль 1911 г.; род. 1860,Въ апрѣлѣ 1911 г.
1910-11_Obituaries,143-144,143,same_reordered,none,"Максимовъ, А. М.",А. М. Максимовъ,50 лѣтъ со дня кончины (1861 г.),(1861 г.)
1910-11_Obituaries,144-145,144,same_reordered,none,"Милославскій (Фридебургъ), Н. К.",Н. К. Милославскій (Фридебургъ),"сто лѣтъ со дня рожденія, 8 мая 1911 г. (род. 1811)",8 мая 1911 г. [centenary]
1910-11_Obituaries,145,145,same_reordered,none,"Мазуровская, М. В.",М. В. Мазуровская,май 1911 г.; род. 1858,Въ маѣ 1911 г.
1910-11_Obituaries,145-146,145,same_reordered,none,"Макаровъ-Юневъ, А. Ф.",А. Ф. Макаровъ-Юневъ,† 29 января 1911 г.,29 января 1911 г.
1910-11_Obituaries,146,146,same_reordered,none,"Моттль, Феликсъ",Феликсъ Моттль,іюнь 1911 г.,Въ іюнѣ 1911 г.
1910-11_Obituaries,146-147,146,same_reordered,none,"Мясницкій (Барышевъ), И. И.",И. И. Мясницкій (Барышевъ),іюнь 1911 г.,Въ іюнѣ 1911 г.
1910-11_Obituaries,147,147,differs,none,"Островскій, А. Н. — 25-ти-лѣтіе со дня кончины",25-ти-лѣтіе со дня кончины А. Н. Островскаго,2 іюня 1911 г.,2 іюня 1911 г.
1910-11_Obituaries,147-148,147,same_reordered,none,"Понизовскій, Л. Ѳ.",Л. Ѳ. Понизовскій,"† 5 іюня 1911 г., на 67 году",5 іюня 1911 г.
1910-11_Obituaries,148,148,same_reordered,none,"Сахаръ, Я. Ѳ.",Я. Ѳ. Сахаръ,февраль 1911 г.,Въ февралѣ 1911 г.
1910-11_Obituaries,148,148,same_reordered,none,"Свендсенъ, Іоганнъ",Іоганнъ Свендсенъ,начало іюня 1911 г.,Въ началѣ іюня 1911 г.
1910-11_Obituaries,148-149,148,same_reordered,none,"Соленикъ, К. Т.",К. Т. Соленикъ,"сто лѣтъ со дня рожденія, май 1911; † 7 октября 1851 г.",Въ маѣ 1911 г. [centenary]; скончавшагося 7 октября 1851 г.
1910-11_Obituaries,149,149,same_reordered,none,"Стрижевскій, А. И.",А. И. Стрижевскій,† 12 ноября 1911 г.; 23 years' service,12 ноября 1911 г.
1910-11_Obituaries,149,149,same_reordered,none,"Шарпантье, А. Л.",А. Л. Шарпантье,"† 15 сентября 1911 г., 65 лѣтъ",15 сентября 1911 г.
1910-11_Obituaries,150,150,same_reordered,core,"Шашкинъ, В. А.",В. А. Шашкинъ,† 1 января 1911 г.; on stage from 1862,1 января 1911 г.
1910-11_Obituaries,150-151,150,same_reordered,none,"Шевченко, Т. Г.",Т. Г. Шевченко,"50 лѣтъ со дня кончины, 26 февраля 1911 (род. 25 февраля 1814)",26 февраля 1911 г. [50th anniv.]; кончины въ 1861 г.
1910-11_Obituaries,151-152,151,same_reordered,none,"Щегловъ (Леонтьевъ), И. Л.",И. Л. Щегловъ (Леонтьевъ),† 3 іюня 1911 г.; род. 1856,3 іюня 1911 г.
