page_id,printed_folio
review_1890-91_MSK_ballet_p000,237
review_1890-91_MSK_ballet_p006,243
review_1890-91_SP_all_p075,195
review_1890-91_SP_all_p083,203
review_1890-91_SP_all_p084,204
review_1891-92_MSK_ballet_p006,241
review_1891-92_SP_ballet_p000,163
review_1891-92_SP_ballet_p011,174
review_1892-93_MSK_ballet_p008,339
review_1892-93_MSK_ballet_p009,340
review_1892-93_SP_ballet_p016,236
review_1892-93_SP_ballet_p019,239
review_1892-93_SP_opera_p000,162
review_1892-93_SP_opera_p038,199
review_1892-93_SP_opera_p051,212
review_1892-93_SP_opera_p057,218
review_1893-94_MSK_ballet_p003,367
review_1893-94_MSK_ballet_p012,376
review_1893-94_SP_ballet_p002,232
review_1893-94_SP_ballet_p025,255
review_1893-94_SP_opera_p041,229
review_1894-95_MSK_ballet_p008,322
review_1894-95_MSK_opera_p034,314
review_1894-95_SP_ballet_p004,198
review_1894-95_SP_ballet_p011,205
review_1894-95_SP_ballet_p021,215
review_1894-95_SP_opera_p000,166
review_1895-96_MSK_ballet_p000,350
review_1895-96_MSK_ballet_p002,352
review_1895-96_MSK_ballet_p014,364
review_1895-96_SP_ballet_p017,249
review_1895-96_SP_ballet_p027,259
review_1896-97_MSK_ballet_p015,380
review_1896-97_SP_ballet_p008,238
review_1896-97_SP_ballet_p028,259
review_1897-98_MSK_ballet_p018,390
review_1897-98_MSK_ballet_p022,394
review_1897-98_SP_ballet_p000,236
review_1897-98_SP_ballet_p014,250
review_1897-98_SP_ballet_p035,271
review_1897-98_SP_ballet_p040,276
review_1899-00_MSK_all_p007,191
review_1899-00_MSK_all_p021,205
review_1899-00_SP_ballet_p010,96
review_1899-00_SP_ballet_p015,99
review_1899-00_SP_ballet_p030,111
review_1900-01_MSK_opera_p019,255
review_1900-01_MSK_opera_p020,256
review_1900-01_MSK_opera_p023,259
review_1900-01_SP_ballet_p008,161
review_1900-01_SP_ballet_p020,173
review_1900-01_SP_ballet_p030,186
review_1901-02_SP_ballet_p008,174
review_1901-02_SP_ballet_p024,190
review_1901-02_SP_ballet_p030,196
review_1902-03_MSK_ballet_p021,243
review_1902-03_MSK_opera_p000,205
review_1902-03_MSK_opera_p008,213
review_1902-03_SP_ballet_p012,154
review_1902-03_SP_opera_p029,136
review_1903-04_MSK_ballet_p019,198
review_1903-04_SP_ballet_p011,115
review_1904-05_SP_ballet_p015,120
review_1905-06_MSK_ballet_p017,226
review_1905-06_MSK_ballet_p018,227
review_1905-06_SP_ballet_p007,133
review_1905-06_SP_ballet_p008,134
review_1905-06_SP_ballet_p009,135
review_1906-07_MSK_ballet_p006,238
review_1906-07_SP_ballet_p005,152
review_1907-08_SP_ballet_p009,99
review_1907-08_SP_ballet_p015,105
review_1908-09_MSK_ballet_p001,158
review_1908-09_SP_ballet_p003,119
review_1910-11_SP_ballet_p004,137
review_1910-11_SP_ballet_p005,138
review_1910-11_SP_opera_p002,113
review_1910-11_SP_opera_p009,120
review_1910-11_SP_opera_p014,125
review_1891-92_SP_ballet_p017,180
review_1893-94_SP_ballet_p023,253
review_1899-00_MSK_all_p022,206
review_1900-01_MSK_opera_p007,243
review_1900-01_MSK_opera_p013,249
review_1901-02_SP_ballet_p009,175
review_1902-03_MSK_opera_p013,218
review_1907-08_SP_ballet_p014,104
