season,entity_type,family_name,first_name,patronymic,rank_or_title,instrument,subject_taught,institution,heading_path,tenure_note_text,page_id,entry_id
1890-91,Administrators,Всеволожской,Николай,Дмитріевичъ,"губ. секр., въ званіи камеръ-юнкера",,,СПИСОКЪ личнаго состава театральнаго управленія.,Дирекція Императорскихъ театровъ / И. д. чиновника особыхъ порученій при директорѣ,съ 1 августа 1887 г.). † 4 іюня 1891 г.,administration_1890-91_p000,administration_1890-91_p000__e002
1890-91,Administrators,Соллогубъ,Ѳедоръ,Львовичъ,графъ,,,СПИСОКЪ личнаго состава театральнаго управленія.,Московская Контора Императорскихъ театровъ / Монтировочная часть / Художникъ,съ 18 октября 1889 г.). † 29 октября 1890 г.,administration_1890-91_p002,administration_1890-91_p002__e017
1890-91,Administrators,Спиро,Максимиліанъ,Іосифовичъ,надв. сов.,,,СПИСОКЪ личнаго состава театральнаго управленія.,Московская Контора Императорскихъ театровъ / Хозяйственное отдѣленіе / Экзекуторъ и журналистъ,съ 1 августа 1882 г.). † 21 іюля 1891 г.,administration_1890-91_p002,administration_1890-91_p002__e010
1890-91,BalletArtists,Бондыревъ,Алексѣй,Никитичъ,,,,Ежегодникъ Императорскихъ театровъ,Артисты:,(съ 7 марта 1865 г.). Въ балетахъ—22. Всего—22 раза. Въ томъ числѣ: Конекъ-горбунокъ (Конекъ-горбунокъ—4; Петръ—1); Коппелія (бургомистръ—3); Сатанилла (Повелитель духовъ—3); Эсмеральда (судья—7). † 4 февраля 1891 г.,balletartists_1890-91_MSK_p005,balletartists_1890-91_MSK_p005__e021
1890-91,BalletArtists,Лицъ,Марія,Семеновна,,,,Списокъ артистовъ Императорскихъ театровъ,,(съ 1 августа 1880 г.). † 18 октября 1890 г.,balletartists_1890-91_SP_p003,balletartists_1890-91_SP_p003__e010
1890-91,Musicians,Горшковъ,Викторъ Адріановичъ,,,Ударные инструменты,,Оркестры.,Оперный оркестръ. / Музыканты,(съ 19 сентября 1882 г.). Ударные инструменты. † 12 августа 1891 г.,musicians_1890-91_MSK_p001,musicians_1890-91_MSK_p001__e012
1890-91,Musicians,Лойко,Иванъ Фелиціановичъ,,,Скрипка,,Оркестры.,Оперный оркестръ. / Музыканты,(съ 30 января 1879 г.). Скрипка. † 4 іюня 1891 г.,musicians_1890-91_MSK_p001,musicians_1890-91_MSK_p001__e036
1890-91,Musicians,Соловьевъ,Илья,Епифановичъ,,Корнетъ,,Оркестръ Александринскаго театра.,Музыканты,(съ 1 сентября 1868 г.). † 4 октября 1890 г.,musicians_1890-91_SP_p005,musicians_1890-91_SP_p005__e010
1890-91,Musicians,Фишкинъ,Іосифъ,Сергѣевичъ,,Віолончель,,Оркестры.,Оперный оркестръ. / Музыканты,съ 1 февраля 1878 г.). † 8 іюля 1891 г.,musicians_1890-91_MSK_p002,musicians_1890-91_MSK_p002__e017
1890-91,ProductionTeam,Кашликовъ,Николай,Егоровичъ,,,,Списокъ личнаго состава служащихъ по монтировочной части.,С.-ПЕТЕРБУРГЪ / Отдѣлъ гардеробный / Парикмахеры / Французская драматическая труппа,(съ 1 сентября 1856 г.). Мужскіе парики. † 31 мая 1891 г.,productionteam_1890-91_p001,productionteam_1890-91_p001__e025
1890-91,ProductionTeam,Никифоровъ,Михаилъ,Никифоровичъ,,,,Списокъ личнаго состава служащихъ по монтировочной части.,С.-ПЕТЕРБУРГЪ / Отдѣлъ гардеробный / Парикмахеры / Оперная труппа,(съ 1 сентября 1861 г.). Мужскіе парики. † 18 января 1891 г.,productionteam_1890-91_p001,productionteam_1890-91_p001__e017
1891-92,Administrators,Краснопольскій,Петръ,Всеволодовичъ,надв. сов.,,,СПИСОКЪ личнаго состава театральнаго управленія.,С.-Петербургская Контора Императорскихъ театровъ / Распорядительное отдѣленіе / Журналистъ,съ 1 іюня 1874 г. † 28 мая 1892 г.,administration_1891-92_p000,administration_1891-92_p000__e009
1891-92,Musicians,Брауэръ,Василій,Густавовичъ,,Вторая скрипка,,Оркестръ Михайловскаго театра.,Музыканты,(съ 1 сентября 1876 г.). Вторая скрипка. † 15 августа 1892 г.,musicians_1891-92_SP_p005,musicians_1891-92_SP_p005__e006
1891-92,Musicians,Головацкій,Николай,Михайловичъ,,Флейта,,Оркестръ Михайловскаго театра.,Музыканты,(съ 1 ноября 1887 г.). Флейта. † 6 февраля 1892 г.,musicians_1891-92_SP_p005,musicians_1891-92_SP_p005__e010
1891-92,Musicians,Христофоровъ,Николай,Іосифовичъ,,,,Оркестры.,Завѣдывающій Центральной Музыкальной Библіотекой,съ 3 апрѣля 1854 г.). † 27 февраля 1892 г.,musicians_1891-92_SP_p000,musicians_1891-92_SP_p000__e002
1891-92,Musicians,Шестаковъ,Адріанъ,Ефимовичъ,,Альтъ,,Оркестръ Александринскаго театра.,Музыканты,(съ 16 августа 1874 г.). Альтъ. † 30 сентября 1891 г.,musicians_1891-92_SP_p004,musicians_1891-92_SP_p004__e041
1891-92,ProductionTeam,Васильевъ,Василій,Васильевичъ,,,,Списокъ личнаго состава служащихъ по монтировочной части.,С.-ПЕТЕРБУРГЪ / Отдѣлъ декораціонный / Декораторы,съ 1 января 1891 г.). † 12 марта 1892 г.,productionteam_1891-92_p000,productionteam_1891-92_p000__e003
1891-92,ProductionTeam,Екимовъ,Василій,Егоровичъ,,,,Списокъ личнаго состава служащихъ по монтировочной части.,С.-ПЕТЕРБУРГЪ / Отдѣлъ декораціонный / Помощники декораторовъ,съ 1 октября 1887 г.). † 9 января 1892 г.,productionteam_1891-92_p000,productionteam_1891-92_p000__e011
1891-92,TheaterSchoolStaff,Волковъ,Николай,Ивановичъ,,,Танцы,Списокъ личнаго состава преподавателей и служащихъ въ Императорскихъ Театральныхъ Училищахъ.,С.-Петербургское Театральное Училище / Преподаватели / а) Балетное отдѣленіе,съ 1 октября 1855 г. † 14 сентября 1891 г.,theaterschoolstaff_1891-92_p001,theaterschoolstaff_1891-92_p001__e016
1891-92,TheaterSchoolStaff,Дьяконовъ,Василій,Ивановичъ,,,,Списокъ личнаго состава преподавателей и служащихъ въ Императорскихъ Театральныхъ Училищахъ.,С.-Петербургское Театральное Училище / Причтъ церкви Училища / Дьяконъ,(съ 25 мая 1864 г.). † 22 іюня 1892 г.,theaterschoolstaff_1891-92_p000,theaterschoolstaff_1891-92_p000__e013
1891-92,TheaterSchoolStaff,Ѳедоровъ,Александръ,Ѳедоровичъ,,,Исторія драмы и театра,Списокъ личнаго состава преподавателей и служащихъ въ Императорскихъ Театральныхъ Училищахъ.,Императорское Московское Театральное Училище / Преподаватели / б) Драматическіе курсы,съ 1 сентября 1888 г.). † 5 іюня 1892 г.,theaterschoolstaff_1891-92_p005,theaterschoolstaff_1891-92_p005__e009
1891-92,TheaterSchoolStaff,Ѳедоровъ,Александръ,Ѳедоровичъ,,,Русскій языкъ и словесность,Списокъ личнаго состава преподавателей и служащихъ въ Императорскихъ Театральныхъ Училищахъ.,Императорское Московское Театральное Училище / Преподаватели / а) Балетное отдѣленіе,съ 12 января 1873 г.). † 5 іюня 1892 г.,theaterschoolstaff_1891-92_p004,theaterschoolstaff_1891-92_p004__e026
1891-92,TheaterSchoolStaff,Ѳедоровъ,Александръ,Ѳедоровичъ,,,,Списокъ личнаго состава преподавателей и служащихъ въ Императорскихъ Театральныхъ Училищахъ.,Императорское Московское Театральное Училище / Почетные члены конференціи,† 5 іюня 1892 г.,theaterschoolstaff_1891-92_p003,theaterschoolstaff_1891-92_p003__e008
1892-93,Administrators,Борншейнъ,Адольфъ,Константиновичъ,колл. секр.,,,СПИСОКЪ личнаго состава театральнаго управленія.,С.-Петербургская Контора Императорскихъ театровъ / Канцелярскіе чиновники Конторы,съ 1 ноября 1873 г.). † 12 іюля 1893 г.,administration_1892-93_p002,administration_1892-93_p002__e002
1892-93,Administrators,Масальскій,Ѳеодосій,Константиновичъ,колл. асс.,,,СПИСОКЪ личнаго состава театральнаго управленія.,С.-Петербургская Контора Императорскихъ театровъ / Канцелярскіе чиновники Конторы / Причисленный къ Конторѣ,съ 1 января 1889 г.). † 4 декабря 1892 г.,administration_1892-93_p002,administration_1892-93_p002__e009
1892-93,Administrators,Тарасовъ,Николай,Григорьевичъ,тит. сов.,,,СПИСОКЪ личнаго состава театральнаго управленія.,С.-Петербургская Контора Императорскихъ театровъ / Монтировочная часть / Дѣлопроизводители,(съ 1 декабря 1855 г.). † 20 февраля 1893 г.,administration_1892-93_p001,administration_1892-93_p001__e017
1892-93,Administrators,Ѳедотовъ,Василій,Ивановичъ,ст. сов.,,,СПИСОКЪ личнаго состава театральнаго управленія.,С.-Петербургская Контора Императорскихъ театровъ / Врачебная часть / Дежурные врачи,(съ 28 января 1872 г.). † 30 октября 1892 г.,administration_1892-93_p001,administration_1892-93_p001__e035
1892-93,Musicians,Гейнъ,Юлій,,,Скрипка,,Оркестры.,Оперный оркестръ. Музыканты,съ 12 іюня 1872 г.). Скрипка. † 6 октября 1892 г.,musicians_1892-93_MSK_p000,musicians_1892-93_MSK_p000__e023
1892-93,Musicians,Дровинъ,Антонъ,Фердинандовичъ,,Вальдгорнъ,,Оркестръ Михайловскаго театра.,Музыканты,(съ 1 сентября 1884 г.). † 3 октября 1892 г.,musicians_1892-93_SP_p004,musicians_1892-93_SP_p004__e015
1892-93,Musicians,Ефимовъ,Василій,Ивановичъ,,Скрипка,,Оркестры.,Оперный оркестръ. Музыканты,съ 4 декабря 1878 г.). † 21 іюля 1893 г.,musicians_1892-93_MSK_p001,musicians_1892-93_MSK_p001__e003
1892-93,Musicians,Мейеръ,Іоганъ-Фридрихъ,,,,,Оркестры.,Балетный оркестръ / Репетиторы,съ 1 мая 1855 г.). † 28 марта 1893 г.,musicians_1892-93_SP_p002,musicians_1892-93_SP_p002__e029
1892-93,Musicians,Мирчке,Эрнестъ,,,Ударные инструменты,,Оркестры.,Оперный оркестръ. Музыканты,съ 16 сентября 1891 г.). † 31 августа 1893 г.,musicians_1892-93_MSK_p001,musicians_1892-93_MSK_p001__e023
1892-93,Musicians,Пфейферъ,Ѳедоръ,Іосифовичъ,,Контрабасъ,,Оркестръ Михайловскаго театра.,Музыканты,(съ 16 августа 1872 г.). Контрабасъ. † 17 декабря 1892 г.,musicians_1892-93_SP_p005,musicians_1892-93_SP_p005__e011
1892-93,Musicians,Фрей,Германъ,Христіановичъ,,Альтъ,,Оркестръ Александринскаго театра.,Музыканты,(съ 1 ноября 1877 г.). † 1 марта 1893 г.,musicians_1892-93_SP_p004,musicians_1892-93_SP_p004__e045
1892-93,ProductionTeam,Бьенвеню,Сильванъ,,Парики для всѣхъ труппъ.,,,Списокъ личнаго состава служащихъ по монтировочной части.,МОСКВА / Отдѣлъ гардеробный / Парикмахеръ,съ 1 іюля 1865 г.). † 11 февраля 1893 г.,productionteam_1892-93_p004,productionteam_1892-93_p004__e008
1892-93,ProductionTeam,Кунъ 2-й,Альбертъ,Карловичъ,,,,Списокъ личнаго состава служащихъ по монтировочной части.,МОСКВА / Отдѣлъ освѣтительный / Большой театръ / Помощникъ завѣдывающаго освѣщеніемъ,съ 18 іюня 1882 г.). † 2 октября 1892 г.,productionteam_1892-93_p004,productionteam_1892-93_p004__e001
1892-93,ProductionTeam,Хомяковъ,Петръ,Михайловичъ,,,,Списокъ личнаго состава служащихъ по монтировочной части.,МОСКВА / Отдѣлъ гардеробный / Мѣстные гардеробы / Гардеробмейстеры / Малый театръ,съ 25 января 1871 г.). † 17 января 1893 г.,productionteam_1892-93_p004,productionteam_1892-93_p004__e015
1892-93,TheaterSchoolStaff,Кудрявцевъ,Александръ,Александровичъ,,,Исторія драмы и театра,Списокъ личнаго состава преподавателей и служащихъ въ Императорскихъ Театральныхъ Училищахъ.,Императорское Московское Театральное Училище / Преподаватели / б) Драматическіе курсы,съ 1 сентября 1892 г.). † 8 марта 1893 г.,theaterschoolstaff_1892-93_p003,theaterschoolstaff_1892-93_p003__e015
1893-94,BalletArtists,Пучковъ,Сергѣй,Ивановичъ,,,,Списокъ артистовъ Императорскихъ театровъ,,(съ 7 октября 1876 г.). † 4 сентября 1893 г.,balletartists_1893-94_SP_p007,balletartists_1893-94_SP_p007__e017
1893-94,Musicians,Альбрехтъ,Евгеній,Карловичъ,,,,Оркестры.,Инспекторъ музыки и завѣдывающій Центральной Музыкальной Библіотекой,съ 1 октября 1860 г.). † 28 января 1894 г.,musicians_1893-94_SP_p000,musicians_1893-94_SP_p000__e001
1893-94,Musicians,Большаковъ,Іосифъ,Владиміровичъ,,Скрипка,,Оркестры.,Оркестръ оперы и балета. Музыканты,съ 19 сентября 1882 г. † 7 іюня 1894 г.,musicians_1893-94_MSK_p000,musicians_1893-94_MSK_p000__e016
1893-94,Musicians,Гоппе,Василій,Васильевичъ,,Туба,,Оркестры.,Музыканты,съ 1 сентября 1884 г. † 6 января 1894 г.,musicians_1893-94_SP_p001,musicians_1893-94_SP_p001__e013
1893-94,Musicians,Гофманъ,Іосифъ,,,Скрипка,,Оркестры.,Оркестръ оперы и балета. Музыканты,съ 20 октября 1880 г. † 16 ноября 1893 г.,musicians_1893-94_MSK_p001,musicians_1893-94_MSK_p001__e011
1893-94,Musicians,Петерсенъ,Карлъ,Карловичъ,,Гобой,,Оркестръ Михайловскаго театра.,Музыканты,(съ 1 ноября 1879 г.). † 23 декабря 1893 г.,musicians_1893-94_SP_p004,musicians_1893-94_SP_p004__e026
1893-94,TheaterSchoolStaff,Бостремъ,Ольга,Ѳедоровна,,,,Списокъ личнаго состава преподавателей и служащихъ въ Императорскихъ Театральныхъ Училищахъ.,С.-Петербургское Театральное Училище / Инспектриса,(съ 1 іюня 1887 г.). † 8 марта 1894 г.,theaterschoolstaff_1893-94_p000,theaterschoolstaff_1893-94_p000__e009
1893-94,TheaterSchoolStaff,Добрынинъ,Константинъ,Львовичъ,,,Математика,Списокъ личнаго состава преподавателей и служащихъ въ Императорскихъ Театральныхъ Училищахъ.,Императорское Московское Театральное Училище / Преподаватели / а) Балетное отдѣленіе,(съ 19 сентября 1885 г.). † 8 іюня 1894 г.,theaterschoolstaff_1893-94_p002,theaterschoolstaff_1893-94_p002__e028
1894-95,BalletArtists,Доровеевъ,Іосифъ,Александровичъ,,,,Ежегодникъ Императорскихъ театровъ,,(съ 31 марта 1880 г.). † 28 ноября 1894 г.,balletartists_1894-95_SP_p006,balletartists_1894-95_SP_p006__e007
1894-95,Musicians,Бенда,Маттіасъ,,,Ударные инструменты,,Оркестры.,Оркестръ оперы и балета. Музыканты,(съ 15 января 1879 г.) † 7 марта 1895 г.,musicians_1894-95_MSK_p000,musicians_1894-95_MSK_p000__e012
1894-95,Musicians,Крюгеръ,Оскаръ,,,Вальдгорнъ,,Оркестръ Малаго театра.,Музыканты,(съ 1 сентября 1891 г.). † 9 іюля 1895 г.,musicians_1894-95_MSK_p003,musicians_1894-95_MSK_p003__e013
1894-95,Musicians,Франке 2-й,Ѳедоръ,Юліевичъ,,Вальдгорнъ,,Оркестры.,Музыканты,(съ 1 августа 1868 г.). † 18 апрѣля 1895 г.,musicians_1894-95_SP_p002,musicians_1894-95_SP_p002__e034
1894-95,ProductionTeam,Бочаровъ 1-й,Михаилъ,Ильичъ,академикъ,,,Списокъ личнаго состава служащихъ по монтировочной части.,С.-ПЕТЕРБУРГЪ / Отдѣлъ декораціонный / Декораторы,съ 1 іюня 1864 г.). † 13 іюля 1895 г.,productionteam_1894-95_p000,productionteam_1894-95_p000__e002
1894-95,TheaterSchoolStaff,Маннъ,Ипполитъ,Александровичъ,,,,Списокъ личнаго состава преподавателей и служащихъ въ Императорскихъ Театральныхъ Училищахъ.,С.-Петербургское Театральное Училище / Почетные члены конференціи,† 10 декабря 1894 г.,theaterschoolstaff_1894-95_p000,theaterschoolstaff_1894-95_p000__e004
1894-95,TheaterSchoolStaff,Ѳедотовъ,Александръ,Филипповичъ,,,Практика драматическаго искусства,Списокъ личнаго состава преподавателей и служащихъ въ Императорскихъ Театральныхъ Училищахъ.,С.-Петербургское Театральное Училище / Преподаватели / б) Драматическіе курсы,(съ 1 сентября 1893 г.) † 11 февраля 1895 г.,theaterschoolstaff_1894-95_p002,theaterschoolstaff_1894-95_p002__e034
1895-96,BalletArtists,Степановъ,Владиміръ,Ивановичъ,,,,Списокъ артистовъ Императорскихъ театровъ,Артисты,съ 11 мая 1885 г. † 16 января 1896 г.,balletartists_1895-96_SP_p008,balletartists_1895-96_SP_p008__e014
1895-96,Musicians,Бекке,Евгеній,Андреевичъ,,Литавры,,Оркестръ Михайловскаго театра.,Музыканты,съ 20 октября 1879 г.). † 17 января 1896 г.,musicians_1895-96_SP_p004,musicians_1895-96_SP_p004__e001
1895-96,Musicians,Бочарскій,Николай,Матвѣевичъ,,Кларнетъ,,Оркестръ Михайловскаго театра.,Музыканты,съ 1 сентября 1881 г.). † 28 мая 1896 г.,musicians_1895-96_SP_p004,musicians_1895-96_SP_p004__e004
1895-96,Musicians,Гебгардъ,Эдуардъ,Карловичъ,,Фаготъ,,Оркестръ Александринскаго театра.,Музыканты,(съ 1 сентября 1885 г.). † 30 апрѣля 1896 г.,musicians_1895-96_SP_p003,musicians_1895-96_SP_p003__e013
1895-96,Musicians,Грибенъ,Августъ,Ѳедоровичъ,,Ударные инструменты,,Оркестры.,Музыканты,(съ 1 мая 1862 г.). Ударные инструменты. † 17 марта 1896 г.,musicians_1895-96_SP_p001,musicians_1895-96_SP_p001__e010
1895-96,Musicians,Захаревскій,Владиміръ,Григорьевичъ,,Кларнетъ,,Оркестръ Александринскаго театра.,Музыканты,(съ 1 іюля 1869 г.). † 3 мая 1896 г.,musicians_1895-96_SP_p003,musicians_1895-96_SP_p003__e018
1895-96,Musicians,Шварцъ,Ѳедоръ,Ѳедоровичъ,,Вальдгорнъ,,Оркестры.,Музыканты,(съ 1 сентября 1882 г.). Вальдгорнъ. † 12 марта 1896 г.,musicians_1895-96_SP_p002,musicians_1895-96_SP_p002__e037
1895-96,Musicians,Шенекерль,Василій,Андреевичъ,,Туба,,Оркестры.,Музыканты,(съ 19 сентября 1861 г.). Туба. † 9 декабря 1895 г.,musicians_1895-96_SP_p002,musicians_1895-96_SP_p002__e039
1895-96,ProductionTeam,Андреевъ,Иванъ,Петровичъ,,,,Списокъ личнаго состава служащихъ по монтировочной части.,С.-ПЕТЕРБУРГЪ / Отдѣлъ декораціонный / Декораторы,съ 29 декабря 1862 г. † 15 іюня 1896 г.,productionteam_1895-96_p000,productionteam_1895-96_p000__e001
1895-96,TheaterSchoolStaff,Богородскій,Александръ,Николаевичъ,,,Законъ Божій,Списокъ личнаго состава преподавателей и служащихъ въ Императорскихъ Театральныхъ Училищахъ.,Императорское Московское Театральное Училище / Преподаватели / а) Балетное отдѣленіе,(священникъ церкви Училища) † 9 сентября 1896 г.,theaterschoolstaff_1895-96_p003,theaterschoolstaff_1895-96_p003__e002
1895-96,TheaterSchoolStaff,Богородскій,Александръ,Николаевичъ,,,,Списокъ личнаго состава преподавателей и служащихъ въ Императорскихъ Театральныхъ Училищахъ.,Императорское Московское Театральное Училище / Причтъ церкви Училища / Священникъ,(съ 14 октября 1863 г.). † 9 сентября 1896 г.,theaterschoolstaff_1895-96_p002,theaterschoolstaff_1895-96_p002__e011
1895-96,TheaterSchoolStaff,Карпова,Ольга,Александровна,,,,Списокъ личнаго состава преподавателей и служащихъ въ Императорскихъ Театральныхъ Училищахъ.,Императорское Московское Театральное Училище / Фельдшерица,(съ 17 сентября 1884 г.). † 4 января 1896 г.,theaterschoolstaff_1895-96_p002,theaterschoolstaff_1895-96_p002__e014
1895-96,TheaterSchoolStaff,Степановъ,Владиміръ,Ивановичъ,,,Теорія и зацисываніе танцевъ,Списокъ личнаго состава преподавателей и служащихъ въ Императорскихъ Театральныхъ Училищахъ.,Императорское С.-Петербургское Театральное Училище / Преподаватели / а) Балетное отдѣленіе,съ 1 сентября 1893 г. † 16 января 1896 г.,theaterschoolstaff_1895-96_p001,theaterschoolstaff_1895-96_p001__e032
1896-97,Administrators,Данчичъ,Максимъ,Михайловичъ,колл. сов.,,,СПИСОКЪ личнаго состава театральнаго управленія.,С.-Петербургская Контора Императорскихъ театровъ / Хозяйственное отдѣленіе / Завѣдывающій экипажнымъ заведеніемъ,(съ 1 іюня 1888 г.). † 16 декабря 1896 г.,administration_1896-97_p001,administration_1896-97_p001__e004
1896-97,Administrators,Поповъ,Дмитрій,Сергѣевичъ,колл. секр.,,,СПИСОКЪ личнаго состава театральнаго управленія.,Московская Контора Императорскихъ театровъ / Канцелярскіе чиновники Конторы,(съ 9 октября 1880 г.). † 15 мая 1897 г.,administration_1896-97_p003,administration_1896-97_p003__e006
1896-97,Musicians,Линднеръ,Фридрихъ,,,Гобой,,Оркестры.,Музыканты:,(съ 23 марта 1877 г.). Гобой. † 13 октября 1896 г.,musicians_1896-97_MSK_p001,musicians_1896-97_MSK_p001__e034
1896-97,Musicians,Тильпъ,Францъ,,,,,Оркестры,Старшій библіотекарь Центральной Музыкальной Библіотеки.,(съ 9 мая 1853 г.). † 21 мая 1897 г.,musicians_1896-97_SP_p004,musicians_1896-97_SP_p004__e001
1896-97,Musicians,Шпарманъ,Робертъ,,,Скрипка,,Оркестры.,Оркестръ оперы и балета. Завѣдывающій дѣлами оркестровъ и капельмейстеръ оперы. Музыканты:,съ 10 марта 1882 г. † 11 декабря 1896 г.,musicians_1896-97_MSK_p002,musicians_1896-97_MSK_p002__e038
1896-97,Musicians,Штаакъ,Константинъ,Ѳедоровичъ,,Первая скрипка,,Оркестры,Музыканты,съ 1 мая 1871 г. † 30 ноября 1896 г.,musicians_1896-97_SP_p002,musicians_1896-97_SP_p002__e044
1896-97,ProductionTeam,Шишковъ,Матвѣй,Андреевичъ,профессоръ,,,Списокъ личнаго состава служащихъ по монтировочной части.,С.-ПЕТЕРБУРГЪ / Отдѣлъ декораціонный / Декораторы,(съ 1 апрѣля 1849 г.). † 5 іюня 1897 г.,productionteam_1896-97_p000,productionteam_1896-97_p000__e006
1896-97,TheaterSchoolStaff,Бакинъ,Павелъ,Всеволодовичъ,,,Рисованіе и чистописаніе,Списокъ личнаго состава преподавателей и служащихъ въ Императорскихъ Театральныхъ Училищахъ.,Императорское Московское Театральное Училище / Преподаватели / а) Балетное отдѣленіе,(съ 3 іюня 1875 г.). † 8-го апрѣля 1897 г.,theaterschoolstaff_1896-97_p002,theaterschoolstaff_1896-97_p002__e021
1896-97,TheaterSchoolStaff,Румянцева,Александра,Николаевна,,,,Списокъ личнаго состава преподавателей и служащихъ въ Императорскихъ Театральныхъ Училищахъ.,Императорское Московское Театральное Училище / Классныя дамы,(съ 1 февраля 1892 г.). † 28-го марта 1897 г.,theaterschoolstaff_1896-97_p002,theaterschoolstaff_1896-97_p002__e020
1897-98,Administrators,Крашевскій,Николай,Антоновичъ,ст. сов.,,,СПИСОКЪ личнаго состава театральнаго управленія.,С.-Петербургская Контора Императорскихъ театровъ / Распорядительное отдѣленіе / Дѣлопроизводитель,(съ 17 ноября 1859 г.) † 8 мая 1898 г.,administration_1897-98_p000,administration_1897-98_p000__e012
1897-98,BalletArtists,Ахмакова,Клавдія,Александровна,,,,Списокъ артистовъ Императорскихъ театровъ,Артистки:,съ 30 января 1878 г. † 16 августа 1897 г.,balletartists_1897-98_SP_p001,balletartists_1897-98_SP_p001__e012
1897-98,BalletArtists,Литавкинъ,Сергѣй,Спиридоновичъ,,,,Ежегодникъ Императорскихъ театровъ,,(съ 2 іюля 1881 г.). † 17 марта 1898 г.,balletartists_1897-98_SP_p007,balletartists_1897-98_SP_p007__e003
1897-98,Musicians,Вальтеръ 2-й,Петръ,Ивановичъ,,Вторая скрипка,,Оркестры.,Музыканты,(съ 15 октября 1870 г.). † 18 іюня 1898 г.,musicians_1897-98_SP_p000,musicians_1897-98_SP_p000__e020
1897-98,Musicians,Рубинъ,Николай,Алексѣевичъ,,Труба,,Оркестръ Михайловскаго театра.,Музыканты,(съ 1 февраля 1892 г.). Труба. † 17 апрѣля 1898 г.,musicians_1897-98_SP_p004,musicians_1897-98_SP_p004__e025
1897-98,ProductionTeam,Аслинъ,Василій,Андреевичъ,,,,Списокъ личнаго состава служащихъ по монтировочной части.,С.-ПЕТЕРБУРГЪ / Отдѣлъ гардеробный / Мѣстные гардеробы / Гардеробмейстеры / Михайловскій театръ,(съ 14 мая 1868 г.). † 18 февраля 1898 г.,productionteam_1897-98_p002,productionteam_1897-98_p002__e006
1897-98,ProductionTeam,Левотъ,Генрихъ,,,,,Списокъ личнаго состава служащихъ по монтировочной части.,С.-ПЕТЕРБУРГЪ / Отдѣлъ декораціонный / Декораторы,(съ 16 мая 1885 г.). † 10 мая 1898 г.,productionteam_1897-98_p000,productionteam_1897-98_p000__e006
1897-98,ProductionTeam,Шаталовъ,Дмитрій,Ивановичъ,,,,Списокъ личнаго состава служащихъ по монтировочной части.,МОСКВА / Отдѣлъ гардеробный / Мѣстные гардеробы / Гардеробмейстеры / Малый театръ,съ 22 января 1893 г.). † 4 сентября 1897 г.,productionteam_1897-98_p003,productionteam_1897-98_p003__e015
1897-98,TheaterSchoolStaff,Соловьевъ,Александръ,Капитоновичъ,ст. сов.,,,Списокъ личнаго состава преподавателей и служащихъ въ Императорскихъ Театральныхъ Училищахъ.,Императорское С.-Петербургское Театральное Училище / Врачъ при Училищѣ,(съ 10 января 1877 г.). † 26-го февраля 1898 г.,theaterschoolstaff_1897-98_p000,theaterschoolstaff_1897-98_p000__e013
1898-99,Musicians,Абезгаузъ,Авраамъ-Борухъ,,,Фаготъ,,Оркестры,Музыканты,съ 9 октября 1887 г.). Фаготъ. † 17 апрѣля 1899 г.,musicians_1898-99_MSK_p000,musicians_1898-99_MSK_p000__e007
1898-99,ProductionTeam,Калашниковъ,Евгеній,Ивановичъ,,,,Списокъ личнаго состава служащихъ по монтировочной части.,С.-ПЕТЕРБУРГЪ / Отдѣлъ декораціонный / Машинисты и ихъ помощники / Маріинскій театръ / Старшій помощникъ машиниста,съ 1 сентября 1882 г.). † 16 января 1899 г.,productionteam_1898-99_p001,productionteam_1898-99_p001__e007
1898-99,ProductionTeam,Тимоѳеевъ,Владиміръ,Егоровичъ,,,,Списокъ личнаго состава служащихъ по монтировочной части.,С.-ПЕТЕРБУРГЪ / Отдѣлъ гардеробный / Мѣстные гардеробы / Гардеробмейстеры / Александринскій театръ,(съ 3 ноября 1856 г.). † 23 апрѣля 1899 г.,productionteam_1898-99_p002,productionteam_1898-99_p002__e011
1898-99,TheaterSchoolStaff,Дюфоръ,Юлій,Ивановичъ,,,Французскій языкъ,Списокъ личнаго состава преподавателей и служащихъ въ Императорскихъ Театральныхъ Училищахъ.,Императорское Московское Театральное Училище / Преподаватели / а) Балетное отдѣленіе,(съ 1 октября 1889 г.). † 16 іюля 1899 г.,theaterschoolstaff_1898-99_p003,theaterschoolstaff_1898-99_p003__e028
1898-99,TheaterSchoolStaff,Дюфоръ,Юлій,Ивановичъ,,,Французскій языкъ,Списокъ личнаго состава преподавателей и служащихъ въ Императорскихъ Театральныхъ Училищахъ.,Императорское Московское Театральное Училище / Преподаватели / б) Драматическіе курсы,(съ 1 октября 1889 г.). † 16 іюля 1899 г.,theaterschoolstaff_1898-99_p004,theaterschoolstaff_1898-99_p004__e006
1899-00,Administrators,Томашевскій,Леонтій,Ивановичъ,тайн. сов.,,,СПИСОКЪ личнаго состава театральнаго управленія.,С.-Петербургская Контора Императорскихъ театровъ / Врачебная часть / Дежурные врачи,(съ 17 декабря 1868 г.). † 28 сентября 1900 г.,administration_1899-00_p002,administration_1899-00_p002__e020
1899-00,BalletArtists,Блау,Василій,Александровичъ,,,,Балетная труппа.,Помощники режиссера:,(съ 27 декабря 1853 г.). † 19 ноября 1899 г.,balletartists_1899-00_SP_p000,balletartists_1899-00_SP_p000__e005
1899-00,Musicians,Нальхановъ,Сергѣй,Николаевичъ,,Гобой,,Оркестры.,Оркестръ оперы и балета / Музыканты,(съ 16 октября 1897 г.). † 7 мая 1900 г.,musicians_1899-00_MSK_p002,musicians_1899-00_MSK_p002__e004
1899-00,Musicians,Петровъ,Василій,Венедиктовичъ,,Вторая скрипка,,Оркестры.,Оркестръ оперы и балета / Музыканты,(съ 1 ноября 1876 г.). † 22 сентября 1899 г.,musicians_1899-00_MSK_p002,musicians_1899-00_MSK_p002__e013
1899-00,Musicians,Садовскій,Карлъ,Карловичъ,,Труба,,Оркестры.,Музыканты,(съ 1 сентября 1882 г.). † 16 іюня 1900 г.,musicians_1899-00_SP_p003,musicians_1899-00_SP_p003__e001
1899-00,ProductionTeam,Ковалевскій,Ѳедоръ,Ѳедоровичъ,,,,Списокъ личнаго состава служащихъ по монтировочной части.,С.-ПЕТЕРБУРГЪ / Отдѣлъ декораціонный / Машинисты-механики и ихъ помощники / Михайловскій театръ / Помощники машиниста-механика,съ 1 сентября 1882 г.). † 8 іюня 1899 г.,productionteam_1899-00_p001,productionteam_1899-00_p001__e020
1899-00,ProductionTeam,Ланге,Иванъ,Карловичъ,,,,Списокъ личнаго состава служащихъ по монтировочной части.,С.-ПЕТЕРБУРГЪ / Отдѣлъ декораціонный / Декораторы,(съ 19 января 1868 г.). † 20 мая 1900 г.,productionteam_1899-00_p000,productionteam_1899-00_p000__e005
1899-00,TheaterSchoolStaff,Григоровичъ,Дмитрій,Васильевичъ,,,,Списокъ личнаго состава преподавателей и служащихъ въ Императорскихъ Театральныхъ Училищахъ.,Императорское С.-Петербургское Театральное Училище / Почетные члены конференціи,† 22 декабря 1899 г.,theaterschoolstaff_1899-00_p000,theaterschoolstaff_1899-00_p000__e004
1899-00,TheaterSchoolStaff,Добрынина,Елена,Андреевна,,,,Списокъ личнаго состава преподавателей и служащихъ въ Императорскихъ Театральныхъ Училищахъ.,Императорское С.-Петербургское Театральное Училище / Классныя дамы,(съ 1 апрѣля 1884 г.). † 27 октября 1899 г.,theaterschoolstaff_1899-00_p001,theaterschoolstaff_1899-00_p001__e006
1899-00,TheaterSchoolStaff,Рюминъ,Иванъ,Ивановичъ,"д. ст. сов., въ званіи гофмейстера",,,Списокъ личнаго состава преподавателей и служащихъ въ Императорскихъ Театральныхъ Училищахъ.,Императорское С.-Петербургское Театральное Училище / Управляющій Училищемъ,съ 27 мая 1887 г.). † 2 сентября 1899 г.,theaterschoolstaff_1899-00_p000,theaterschoolstaff_1899-00_p000__e001
1899-00,TheaterSchoolStaff,Рюминъ,Иванъ,Ивановичъ,,,,Списокъ личнаго состава преподавателей и служащихъ въ Императорскихъ Театральныхъ Училищахъ.,Императорское Московское Театральное Училище / Почетные члены конференціи,† 2 сентября 1899 г.,theaterschoolstaff_1899-00_p003,theaterschoolstaff_1899-00_p003__e005
1900-01,Administrators,Краевскій,Владиславъ,Францевичъ,ст. сов.,,,СПИСОКЪ личнаго состава театральнаго управленія.,С.-Петербургская Контора Императорскихъ театровъ / Врачебная часть / Дежурные врачи,(съ 10 декабря 1869 г.). † 1 марта 1901 г.,administration_1900-01_p002,administration_1900-01_p002__e025
1900-01,Administrators,Лилѣевъ,Ѳедоръ,Николаевичъ,ст. сов.,,,СПИСОКЪ личнаго состава театральнаго управленія.,С.-Петербургская Контора Императорскихъ театровъ / Врачебная часть / Дежурные врачи,(съ 14 апрѣля 1895 г.). † 11 января 1901 г.,administration_1900-01_p002,administration_1900-01_p002__e026
1900-01,Administrators,Шретеръ,Викторъ,Александровичъ,д. ст. сов.,,,СПИСОКЪ личнаго состава театральнаго управленія.,С.-Петербургская Контора Императорскихъ театровъ / Хозяйственное отдѣленіе / Архитекторы,съ 9 августа 1882 г.). † 16 апрѣля 1901 г.,administration_1900-01_p001,administration_1900-01_p001__e004
1900-01,BalletArtists,Брыкинъ,Николай,Константиновичъ,,,,Списокъ артистовъ Императорскихъ театровъ,,(съ 1 сентября 1886 г.). Въ 7 балетахъ—16; въ 12 операхъ—22. Всего—38 разъ. † 15 мая 1901 г.,balletartists_1900-01_MSK_p006,balletartists_1900-01_MSK_p006__e003
1900-01,BalletArtists,Морозова,Екатерина,Михайловна,,,,Императорское С.-Петербургское Театральное Училище,Учащіяся,(съ 1 сентября 1886 г.). † 13 сентября 1900 г.,balletartists_1900-01_MSK_p003,balletartists_1900-01_MSK_p003__e010
1900-01,BalletArtists,Скорсюкъ,Марія,Сергѣевна,,,,Ежегодникъ Императорскихъ театровъ,,(съ 1 іюня 1890 г.). † 15 января 1901 г.,balletartists_1900-01_SP_p004,balletartists_1900-01_SP_p004__e020
1900-01,BalletArtists,Шебергъ,Ольга,Карловна,,,,Списокъ артистовъ Императорскихъ театровъ,Артисты,(съ 12 мая 1885 г.). † 3 декабря 1900 г.,balletartists_1900-01_SP_p005,balletartists_1900-01_SP_p005__e014
1900-01,BalletArtists,Ячменева,Марія,Сергѣевна,,,,Списокъ артистовъ Императорскихъ театровъ,Артисты:,(съ 1 сентября 1889 г.). Въ 7 балетахъ—10; въ 6 операхъ—7. Всего—17 разъ. † 2 іюня 1901 г.,balletartists_1900-01_MSK_p005,balletartists_1900-01_MSK_p005__e014
1900-01,Musicians,Рамбоусекъ,Іосифъ,,,Контрабасъ,,Оркестры.,Музыканты,съ 22 ноября 1882 г.). Контрабасъ. † 10 марта 1901 г.,musicians_1900-01_MSK_p002,musicians_1900-01_MSK_p002__e033
1900-01,Musicians,Шиманъ,Михаилъ,Викторовичъ,,Вторая скрипка,,Оркестры.,Музыканты,съ 10 марта 1882 г. † 7 декабря 1900 г.,musicians_1900-01_MSK_p003,musicians_1900-01_MSK_p003__e031
1900-01,ProductionTeam,Барановъ,Абрамъ,Ефимовичъ,,,,Списокъ личнаго состава служащихъ по монтировочной части.,МОСКВА / Отдѣлъ декораціонный / Помощники декораторовъ,съ 19 октября 1892 г.). † 30 сентября 1899 г.,productionteam_1900-01_p003,productionteam_1900-01_p003__e003
1900-01,ProductionTeam,Бойкова,Вѣра,Эдуардовна,,,,Списокъ личнаго состава служащихъ по монтировочной части.,"МОСКВА / Отдѣлъ гардеробный / Главный гардеробъ / Смотрительницы отдѣловъ / Отдѣлъ головныхъ уборовъ, обуви и бѣлья",(съ 16 октября 1885 г.). † 26 марта 1899 г.,productionteam_1900-01_p004,productionteam_1900-01_p004__e013
1900-01,ProductionTeam,Ковалевскій,Ѳедоръ,Ѳедоровичъ,,,,Списокъ личнаго состава служащихъ по монтировочной части.,С.-ПЕТЕРБУРГЪ / Отдѣлъ декораціонный / Машинисты-механики и ихъ помощники / Михайловскій театръ / Помощники машиниста-механика,съ 1 сентября 1882 г. † 8 іюня 1899 г.,productionteam_1900-01_p001,productionteam_1900-01_p001__e019
1900-01,ProductionTeam,Краюшкинъ,Николай,Владиміровичъ,,,,Списокъ личнаго состава служащихъ по монтировочной части.,МОСКВА / Отдѣлъ декораціонный / Помощники декораторовъ,съ 3 ноября 1871 г.). † 20 ноября 1898 г.,productionteam_1900-01_p003,productionteam_1900-01_p003__e005
1900-01,TheaterSchoolStaff,Головина,Матильда,Антоновна,,,,Списокъ личнаго состава преподавателей и служащихъ въ Императорскихъ Театральныхъ Училищахъ.,Императорское Московское Театральное Училище / Классныя дамы,(съ 25 января 1882 г.). † 9 іюня 1901 г.,theaterschoolstaff_1900-01_p003,theaterschoolstaff_1900-01_p003__e022
1900-01,TheaterSchoolStaff,Поповъ,Владиміръ,Васильевичъ,,,Рисованіе и гримъ,Списокъ личнаго состава преподавателей и служащихъ въ Императорскихъ Театральныхъ Училищахъ.,Императорское Московское Театральное Училище / Преподаватели / б) Драматическіе курсы,(съ 16 октября 1888 г.). † 5 октября 1900 г.,theaterschoolstaff_1900-01_p004,theaterschoolstaff_1900-01_p004__e033
1900-01,TheaterSchoolStaff,Поповъ,Владиміръ,Васильевичъ,,,Рисованіе,Списокъ личнаго состава преподавателей и служащихъ въ Императорскихъ Театральныхъ Училищахъ.,Императорское Московское Театральное Училище / Преподаватели / а) Балетное отдѣленіе,(съ 1 сентября 1899 г.). † 5 октября 1900 г.,theaterschoolstaff_1900-01_p004,theaterschoolstaff_1900-01_p004__e017
1900-01,TheaterSchoolStaff,Флеровъ,Сергѣй,Васильевичъ,,,,Списокъ личнаго состава преподавателей и служащихъ въ Императорскихъ Театральныхъ Училищахъ.,Императорское Московское Театральное Училище / Почетные члены конференціи,† 5 апрѣля 1901 г.,theaterschoolstaff_1900-01_p003,theaterschoolstaff_1900-01_p003__e008
1901-02,Administrators,Тарасовъ,Ѳедоръ,Лаврентьевичъ,надв. сов.,,,СПИСОКЪ личнаго состава театральнаго управленія.,С.-Петербургская Контора Императорскихъ театровъ / Монтировочная часть / Дѣлопроизводители монтировочнаго отдѣленія,съ 19 іюля 1869 г. † 18 августа 1902 г.,administration_1901-02_p001,administration_1901-02_p001__e022
1901-02,BalletArtists,Ивановъ,Левъ,Ивановичъ,,,,Балетная труппа.,Второй балетмейстеръ,съ 18 февраля 1850 г.). Заслуженный артистъ Императорскихъ театровъ. † 11 декабря 1901 г.,balletartists_1901-02_SP_p000,balletartists_1901-02_SP_p000__e002
1901-02,Musicians,Оглоблинъ,Иванъ,Панкратьевичъ,,,,Оркестры.,Капельмейстеръ военной музыки,съ 1 сентября 1882 г. † 11 ноября 1901 г.,musicians_1901-02_SP_p000,musicians_1901-02_SP_p000__e008
1901-02,Musicians,Палице,Іосифъ,Ивановичъ,,Вторая скрипка,,Оркестры.,,съ 19 сентября 1882 г.). † 23 мая 1902 г.,musicians_1901-02_MSK_p002,musicians_1901-02_MSK_p002__e029
1901-02,Musicians,Хиллэ,Оскаръ,Ѳедоровичъ,,Первая скрипка,,Оркестры.,Музыканты,съ 15 октября 1879 г. † 24 марта 1902 г.,musicians_1901-02_SP_p003,musicians_1901-02_SP_p003__e023
1901-02,ProductionTeam,Ивановъ,Иванъ,Ивановичъ,,,,Списокъ личнаго состава служащихъ по монтировочной части.,МОСКВА / Отдѣлъ декораціонный / Малый театръ / Ст. помощникъ машиниста,съ 19 сентября 1882 г.). † 22 февраля 1902 г.,productionteam_1901-02_p003,productionteam_1901-02_p003__e021
1901-02,ProductionTeam,Кирилловъ,Владиміръ,Ивановичъ,,,,Списокъ личнаго состава служащихъ по монтировочной части.,С.-ПЕТЕРБУРГЪ / Отдѣлъ декораціонный / Помощники декораторовъ,(съ 1 октября 1891 г.). † 27 сентября 1901 г.,productionteam_1901-02_p000,productionteam_1901-02_p000__e011
1901-02,ProductionTeam,Кунъ,Альбертъ,Францевичъ,,,,Списокъ личнаго состава служащихъ по монтировочной части.,МОСКВА / Отдѣлъ освѣтительный / Большой театръ / Завѣдывающій освѣщеніемъ,съ 11 марта 1872 г. по 12 сентября 1880 г. и съ 19 сентября 1882 г.). † 11 октября 1901 г.,productionteam_1901-02_p003,productionteam_1901-02_p003__e001
1901-02,TheaterSchoolStaff,Острогорскій,Викторъ,Петровичъ,,,Русская и иностранная литература,Списокъ личнаго состава преподавателей и служащихъ въ Императорскихъ Театральныхъ Училищахъ.,Императорское С.-Петербургское Театральное Училище / Преподаватели / б) Драматическіе курсы,† 1 апрѣля 1902 г.,theaterschoolstaff_1901-02_p002,theaterschoolstaff_1901-02_p002__e027
1902-03,BalletArtists,Симонова,Антонина,Александровна,,,,Ежегодникъ Императорскихъ театровъ,,(съ 1 іюня 1898 г.). † 30 апрѣля 1903 г.,balletartists_1902-03_SP_p004,balletartists_1902-03_SP_p004__e016
1902-03,Musicians,Козловъ,Михаилъ,Ѳедоровичъ,,,,Оркестры.,Репетиторы,(съ 16 декабря 1869 г.). † 5 ноября 1902 г.,musicians_1902-03_MSK_p000,musicians_1902-03_MSK_p000__e009
1902-03,Musicians,Ромашковъ 1-й,Капитонъ,Андреевичъ,,Контрабасъ,,Оркестры.,Музыканты,(съ 1 сентября 1883 г.). Контрабасъ. † 20 сентября 1902 г.,musicians_1902-03_MSK_p002,musicians_1902-03_MSK_p002__e023
1902-03,Musicians,Фарскій,Альбертъ,Карловичъ,,,,Оркестры.,Музыкальная библіотека / Библіотекарь,съ 1 сентября 1882 г. † 31 августа 1903 г.,musicians_1902-03_MSK_p004,musicians_1902-03_MSK_p004__e025
1902-03,Musicians,Фарскій,Альбертъ,Карловичъ,,Альтъ,,Оркестръ Малаго театра.,Музыканты,(онъ же и библіотекарь Музыкальной библіотеки) съ 1 января 1894 г. Альтъ. † 31 августа 1903 г.,musicians_1902-03_MSK_p004,musicians_1902-03_MSK_p004__e021
1902-03,ProductionTeam,Грасицкій,Петръ,Леонтьевичъ,,,,Списокъ личнаго состава служащихъ по монтировочной части.,МОСКВА / Отдѣлъ освѣтительный / Новый театръ / Завѣдывающій освѣщеніемъ,(съ 1 сентября 1888 г.). † 4 сентября 1902 г.,productionteam_1902-03_p003,productionteam_1902-03_p003__e007
1902-03,ProductionTeam,Лупановъ,Алексѣй,Родіоновичъ,,,,Списокъ личнаго состава служащихъ по монтировочной части.,С.-ПЕТЕРБУРГЪ / Отдѣлъ декораціонный / Помощники декораторовъ,"(съ 19 сентября 1862 г. по 1 сентября 1893 г., съ 1 августа 1895 г. по 1 мая 1897 г. и съ сентября 1897 г.). † 29 мая 1903 г.",productionteam_1902-03_p000,productionteam_1902-03_p000__e009
1902-03,TheaterSchoolStaff,Зрячковъ,Николай,Яковлевичъ,,,Рисованіе и чистописаніе,Списокъ личнаго состава преподавателей и служащихъ въ Императорскихъ Театральныхъ Училищахъ.,Императорское С.-Петербургское Театральное Училище / Преподаватели / а) Балетное отдѣленіе,съ 1 сентября 1881 г.). † 1 марта 1903 г.,theaterschoolstaff_1902-03_p001,theaterschoolstaff_1902-03_p001__e020
1902-03,TheaterSchoolStaff,Миронниковъ,Александръ,Васильевичъ,кол. секр.,,,Списокъ личнаго состава преподавателей и служащихъ въ Императорскихъ Театральныхъ Училищахъ.,Императорское С.-Петербургское Театральное Училище / Канцелярскій чиновникъ,(съ 21 октября 1894 г.). † 21 ноября 1902 г.,theaterschoolstaff_1902-03_p000,theaterschoolstaff_1902-03_p000__e018
1902-03,TheaterSchoolStaff,Шемаевъ,Василій,Романовичъ,,,Практика драматическаго искусства,Списокъ личнаго состава преподавателей и служащихъ въ Императорскихъ Театральныхъ Училищахъ.,Императорское С.-Петербургское Театральное Училище / Преподаватели / б) Драматическіе курсы,съ 1 сентября 1895 г.). † 1902 г.,theaterschoolstaff_1902-03_p002,theaterschoolstaff_1902-03_p002__e026
1903-04,Musicians,Барминъ,Василій,Антоновичъ,,,,Оркестры,Оркестръ оперы и балета / Репетиторы,съ 1 сентября 1864 г. по 1 сентября 1882 и съ 22 января 1885 г.). † 16 декабря 1903 г.,musicians_1903-04_MSK_p000,musicians_1903-04_MSK_p000__e007
1903-04,Musicians,Герасимовъ,Николай,Петровичъ,,Альтъ,,Оркестръ Александринскаго театра.,Музыканты,съ 8 октября 1891 г.). † 2 іюля 1904 г.,musicians_1903-04_SP_p004,musicians_1903-04_SP_p004__e005
1903-04,Musicians,Зюсъ,Францъ,,,Ударные инструменты,,Оркестры,Музыканты,съ 11 сентября 1875 г. † 11 декабря 1903 г.,musicians_1903-04_MSK_p001,musicians_1903-04_MSK_p001__e019
1903-04,Musicians,Мацулевичъ,Мечиславъ,Владиславовичъ,,Віолончель,,Оркестръ Михайловскаго театра.,Музыканты,съ 1 января 1895 г. † 29 іюня 1904 г.,musicians_1903-04_SP_p005,musicians_1903-04_SP_p005__e027
1903-04,Musicians,Фельдтъ,Павелъ,Павловичъ,,,,Оркестры,Оркестръ оперы и балета / Капельмейстеръ оперы,съ 1 сентября 1899 г.). † 28 августа 1904 г.,musicians_1903-04_MSK_p000,musicians_1903-04_MSK_p000__e003
1903-04,ProductionTeam,Сизовъ,Владиміръ,Ильичъ,,,,Списокъ личнаго состава служащихъ по монтировочной части.,МОСКВА / Отдѣлъ гардеробный / Художникъ-консультантъ,(съ 6 декабря 1902 г.). † 19 октября 1904 г.,productionteam_1903-04_p003,productionteam_1903-04_p003__e018
1903-04,TheaterSchoolStaff,Іогансонъ,Христіанъ,Петровичъ,,,,Списокъ личнаго состава преподавателей и служащихъ въ Императорскихъ Театральныхъ Училищахъ.,Императорское С.-Петербургское Театральное Училище / Почетные члены конференціи,† зимою 1904 г.,theaterschoolstaff_1903-04_p000,theaterschoolstaff_1903-04_p000__e003
1904-05,BalletArtists,Александровъ,Михаилъ,Михайловичъ,,,,Ежегодникъ Императорскихъ театровъ,,съ 1 іюня 1904 г.). Въ 3 балетахъ—6. Всего—6 разъ. † 4 августа 1905 г.,balletartists_1904-05_SP_p006,balletartists_1904-05_SP_p006__e001
1904-05,BalletArtists,Рославлева,Любовь,Андреевна,,,,Списокъ артистовъ Императорскихъ театровъ,,(съ 1 сентября 1892 г.). † 9 ноября 1904 г.,balletartists_1904-05_MSK_p003,balletartists_1904-05_MSK_p003__e025
1904-05,BalletArtists,Тройниковъ,Константинъ,Ивановичъ,,,,Списокъ артистовъ Императорскихъ театровъ,,(съ 1 сентября 1894 г. по 1 января 1896 г. и съ 16 февраля 1897 г.). † 16 марта 1905 г.,balletartists_1904-05_MSK_p008,balletartists_1904-05_MSK_p008__e003
1904-05,Musicians,Барминъ,Василій,Антоновичъ,,,,Оркестры,Репетиторы:,(съ 1 сентября 1864 г. по 1 сентября 1882 и съ 22 января 1885 г.). † 16 декабря 1903 г.,musicians_1904-05_MSK_p000,musicians_1904-05_MSK_p000__e008
1904-05,Musicians,Козловъ,Михаилъ,Ѳедоровичъ,,,,Оркестры,Репетиторы:,(съ 1 сентября 1869 г.). † 5 ноября 1902 г.,musicians_1904-05_MSK_p000,musicians_1904-05_MSK_p000__e010
1904-05,Musicians,Фельдтъ,Павелъ,Павловичъ,,,,Оркестры,Оркестръ оперы и балета / Капельмейстеръ оперы,(съ 1 сентября 1899 г.). † 28 августа 1904 г.,musicians_1904-05_MSK_p000,musicians_1904-05_MSK_p000__e003
1904-05,ProductionTeam,Сизовъ,Владиміръ,Ильичъ,,,,Списокъ личнаго состава служащихъ по монтировочной части.,МОСКВА / Отдѣлъ гардеробный / Художникъ-консультантъ,(съ 6 декабря 1902 г.). † 19 октября 1904 г.,productionteam_1904-05_p004,productionteam_1904-05_p004__e003
1904-05,TheaterSchoolStaff,Іогансонъ,Христіанъ,Петровичъ,,,,Списокъ личнаго состава преподавателей и служащихъ въ Императорскихъ Театральныхъ Училищахъ.,Императорское С.-Петербургское Театральное Училище / Почетные члены конференціи,† зимою 1904 г.,theaterschoolstaff_1904-05_p000,theaterschoolstaff_1904-05_p000__e003
1904-05,TheaterSchoolStaff,Брянцева,Александра,Яковлевна,,,,Списокъ личнаго состава преподавателей и служащихъ въ Императорскихъ Театральныхъ Училищахъ.,Императорское Московское Театральное Училище / Фельдшерицы,(съ 20 ноября 1900 г.). † 29 сентября 1904 г.,theaterschoolstaff_1904-05_p003,theaterschoolstaff_1904-05_p003__e016
1904-05,TheaterSchoolStaff,Невскій,Александръ,Максимовичъ,,,Практика драматическаго искусства,Списокъ личнаго состава преподавателей и служащихъ въ Императорскихъ Театральныхъ Училищахъ.,Императорское Московское Театральное Училище / Преподаватели / б) Драматическіе курсы,(съ 1 сентября 1891 г.). † 10 августа 1904 г.,theaterschoolstaff_1904-05_p005,theaterschoolstaff_1904-05_p005__e003
1904-05,TheaterSchoolStaff,Сизовъ,Владиміръ,Ильичъ,,,Бытовая исторія,Списокъ личнаго состава преподавателей и служащихъ въ Императорскихъ Театральныхъ Училищахъ.,Императорское Московское Театральное Училище / Преподаватели / б) Драматическіе курсы,(съ 1 сентября 1888 г.). † 19 октября 1904 г.,theaterschoolstaff_1904-05_p005,theaterschoolstaff_1904-05_p005__e006
1904-05,TheaterSchoolStaff,Сизовъ,Владиміръ,Ильичъ,,,,Списокъ личнаго состава преподавателей и служащихъ въ Императорскихъ Театральныхъ Училищахъ.,Императорское Московское Театральное Училище / Почетные члены конференціи,† 19 октября 1904 г.,theaterschoolstaff_1904-05_p003,theaterschoolstaff_1904-05_p003__e006
1904-05,TheaterSchoolStaff,Стороженко,Николай,Ильичъ,,,,Списокъ личнаго состава преподавателей и служащихъ въ Императорскихъ Театральныхъ Училищахъ.,Императорское Московское Театральное Училище / Почетные члены конференціи,† 12 января 1906 г.,theaterschoolstaff_1904-05_p003,theaterschoolstaff_1904-05_p003__e007
1905-06,Administrators,Пономаревъ,Евгеній,Петровичъ,надв. сов.,,,СПИСОКЪ личнаго состава театральнаго управленія.,С.-Петербургская Контора Императорскихъ театровъ / Монтировочная часть / Художникъ и библіотекарь монтировочной библіотеки,съ 1 февраля 1887 г.). † 3 февраля 1906 г.,administration_1905-06_p001,administration_1905-06_p001__e022
1905-06,Musicians,Бергхольцъ,Викторъ,Рудольфовичъ,,Первая скрипка,,Оркестры.,Музыканты,съ 1 сентября 1891 г.). † 22 сентября 1905 г.,musicians_1905-06_SP_p001,musicians_1905-06_SP_p001__e011
1905-06,Musicians,Галкинъ,Николай,Владиміровичъ,,,,Оркестръ Александринскаго театра.,Капельмейстеръ,(съ 22 января 1877 г.). † 8 мая 1906 г.,musicians_1905-06_SP_p004,musicians_1905-06_SP_p004__e018
1905-06,Musicians,Гримъ,Карлъ,Карловичъ,,Ударные инструменты,,Оркестры.,Музыканты,(съ 1 января 1855 г.). Ударные инструменты. † 9 марта 1906 г.,musicians_1905-06_SP_p002,musicians_1905-06_SP_p002__e004
1905-06,Musicians,Корнѣевъ,Сергѣй,Васильевичъ,,Контрабасъ,,Оркестры.,Музыканты,(съ 1 сентября 1898 г.). Контрабасъ. † 22 декабря 1905 г.,musicians_1905-06_SP_p002,musicians_1905-06_SP_p002__e022
1905-06,Musicians,Майеръ-Пирко,Германъ,Германовичъ,,Первая скрипка,,Оркестръ Михайловскаго театра.,Музыканты,съ 16 сентября 1874 г. † 12 іюня 1906 г.,musicians_1905-06_SP_p006,musicians_1905-06_SP_p006__e003
1905-06,Musicians,Шнейдеръ,Германъ,,,Контрабасъ,,Оркестры.,Музыканты,съ 19 сентября 1882 г.). Контрабасъ. † 8 января 1906 г.,musicians_1905-06_MSK_p004,musicians_1905-06_MSK_p004__e012
1905-06,TheaterSchoolStaff,Легатъ,Сергѣй,Густавовичъ,,,Танцы,Списокъ личнаго состава преподавателей и служащихъ въ Императорскихъ Театральныхъ Училищахъ.,Императорское С.-Петербургское Театральное Училище / Преподаватели / а) Балетное отдѣленіе,съ 1 сентября 1898 г.). † 18 октября 1905 г.,theaterschoolstaff_1905-06_p001,theaterschoolstaff_1905-06_p001__e019
1905-06,TheaterSchoolStaff,Теличкина,Екатерина,Дмитріевна,,,,Списокъ личнаго состава преподавателей и служащихъ въ Императорскихъ Театральныхъ Училищахъ.,Императорское Московское Театральное Училище / Классныя дамы,(съ 1 августа 1901 г.). † 28 іюня 1906 г.,theaterschoolstaff_1905-06_p003,theaterschoolstaff_1905-06_p003__e020
1906-07,Administrators,Лееръ,Евгеній,Генриховичъ,полковникъ л.-гв. Уланскаго полка,,,СПИСОКЪ личнаго состава театральнаго управленія.,С.-Петербургская Контора Императорскихъ театровъ / Хозяйственное отдѣленіе / Маріинскій театръ,съ 18 октября 1893 г. † 25 ноября 1906 г.,administration_1906-07_p001,administration_1906-07_p001__e008
1906-07,BalletArtists,Иванова 2-я,Наталья,Евдокимовна,,,,Императорское С.-Петербургское Театральное Училище,Воспитанницы,(съ 1 сентября 1897 г.). † 6 февраля 1907 г.,balletartists_1906-07_MSK_p002,balletartists_1906-07_MSK_p002__e009
1906-07,BalletArtists,Константиновъ,Петръ,Александровичъ,,,,Балетная труппа.,Репетиторы:,съ 25 іюня 1875 г. назначенъ на должн. съ 1 октября 1904 г.). † 25 декабря 1906 г.,balletartists_1906-07_SP_p000,balletartists_1906-07_SP_p000__e011
1906-07,BalletArtists,Рябовъ,Александръ,Петровичъ,,,,Ежегодникъ Императорскихъ театровъ,,съ 1 февраля 1892 г.). † 2 ноября 1906 г.,balletartists_1906-07_MSK_p007,balletartists_1906-07_MSK_p007__e004
1906-07,Musicians,Галкинъ,Николай,Владиміровичъ,,,,Ежегодникъ Императорскихъ театровъ,Оркестръ Александринскаго театра / Капельмейстеръ,съ 22 января 1877 г.). † 8 мая 1906 г.,musicians_1906-07_SP_p003,musicians_1906-07_SP_p003__e031
1906-07,Musicians,Келеръ,Эрнестъ,Іосифовичъ,,Флейта,,Оркестры,Музыканты,съ 1 декабря 1871 г.). † 4 мая 1907 г.,musicians_1906-07_SP_p001,musicians_1906-07_SP_p001__e026
1906-07,Musicians,Кириловъ,Петръ,Ивановичъ,,Віолончель,,Оркестры,Музыканты,съ 1 сентября 1902 г.). † 13 сентября 1907 г.,musicians_1906-07_SP_p001,musicians_1906-07_SP_p001__e028
1906-07,Musicians,Константиновъ,Петръ,Александровичъ,,,,Оркестры,Оркестръ оперы и балета / Репетиторы балета,съ 25 іюня 1875 г.). † 27 декабря 1906 г.,musicians_1906-07_SP_p000,musicians_1906-07_SP_p000__e006
1906-07,Musicians,Новоселовъ,Александръ,Ильичъ,,,,Оркестры,Старшій библіотекарь Центральной Музыкальной Библіотеки.,(съ 1 августа 1882 г.). †,musicians_1906-07_SP_p006,musicians_1906-07_SP_p006__e008
1906-07,Musicians,Плесковъ,Николай,Ивановичъ,,Первая скрипка,,Оркестръ Александринскаго театра.,Оркестръ Александринскаго театра / Музыканты,(съ 1 сентября 1882 г.). † 3 мая 1907 г.,musicians_1906-07_SP_p004,musicians_1906-07_SP_p004__e030
1906-07,TheaterSchoolStaff,Теличкина,Екатерина,Дмитріевна,,,,Списокъ личнаго состава преподавателей и служащихъ въ Императорскихъ Театральныхъ Училищахъ.,Императорское Московское Театральное Училище / Классныя дамы,(съ 1 августа 1901 г.). † 28 іюня 1906 г.,theaterschoolstaff_1906-07_p003,theaterschoolstaff_1906-07_p003__e019
1907-08,Administrators,Генъ,Анатолій,Александровичъ,д. ст. сов.,,,СПИСОКЪ личнаго состава театральнаго управленія.,С.-Петербургская Контора Императорскихъ театровъ / Врачебная часть / Старшій врачъ,съ 17 сентября 1882 г.; † 1907 г.,administration_1907-08_p001,administration_1907-08_p001__e023
1907-08,Administrators,Лееръ,Евгеній,Генриховичъ,полковникъ л.-гв. Уланскаго полка,,,СПИСОКЪ личнаго состава театральнаго управленія.,С.-Петербургская Контора Императорскихъ театровъ / Хозяйственное отдѣленіе / Полиціймейстеры театровъ VII кл / Маріинскій театръ,съ 18 октября 1893 г. † 25 ноября 1906 г.,administration_1907-08_p001,administration_1907-08_p001__e007
1907-08,BalletArtists,Гиллертъ,Станиславъ,Феликсовичъ,,,,Списокъ артистовъ Императорскихъ театровъ,,съ 15 іюня 1875 г. по 15 іюня 1879 г. и съ 15 октября 1889 г.). † 19 декабря 1907 г.,balletartists_1907-08_SP_p007,balletartists_1907-08_SP_p007__e001
1907-08,Musicians,Зедникъ,Меѳодій,Іосифовичъ,,Вторая скрипка,,Оркестръ Александринскаго театра.,Оркестръ Александринскаго театра / Музыканты,съ 1 октября 1900 г. † 11 апрѣля 1908 г.,musicians_1907-08_SP_p003,musicians_1907-08_SP_p003__e034
1907-08,Musicians,Кириловъ,Петръ,Ивановичъ,,Віолончель,,Оркестры.,Оркестръ оперы и балета / Музыканты,(съ 1 сентября 1902 г.). Віолончель. † 13 сентября 1907 г.,musicians_1907-08_SP_p001,musicians_1907-08_SP_p001__e027
1907-08,Musicians,Ла-Віа,Марія,,,Арфа,,Оркестры.,Оркестръ оперы и балета / Музыканты,(съ 1 марта 1907 г.). Арфа. † 14 мая 1908 г.,musicians_1907-08_SP_p001,musicians_1907-08_SP_p001__e036
1907-08,Musicians,Новоселовъ,Александръ,Ильичъ,,,,Оркестры.,Старшій библіотекарь Центральной Музыкальной Библіотеки.,съ 1 августа 1882 г.). † 5 мая 1908 г.,musicians_1907-08_SP_p004,musicians_1907-08_SP_p004__e036
1907-08,Musicians,Томсонъ,Николай,Фридриховичъ,,Валторна,,Оркестры.,Музыканты,съ 23 сентября 1898 г.). † 3 іюня 1908 г.,musicians_1907-08_MSK_p002,musicians_1907-08_MSK_p002__e034
1907-08,TheaterSchoolStaff,Генъ,Анатолій,Александровичъ,д. ст. сов.,,,Списокъ личнаго состава преподавателей и служащихъ въ Императорскихъ Театральныхъ Училищахъ.,Императорское С.-Петербургское Театральное Училище / Врачъ при Училищѣ,(съ 6 декабря 1902 г.; † 1907 г.),theaterschoolstaff_1907-08_p000,theaterschoolstaff_1907-08_p000__e012
1907-08,TheaterSchoolStaff,Теличкина,Екатерина,Дмитріевна,,,,Списокъ личнаго состава преподавателей и служащихъ въ Императорскихъ Театральныхъ Училищахъ.,Императорское Московское Театральное Училище / Классныя дамы,(съ 1 августа 1901 г.). † 28 іюня 1906 г.,theaterschoolstaff_1907-08_p003,theaterschoolstaff_1907-08_p003__e018
1909-10,BalletArtists,Петипа,Маріусъ,Ивановичъ,,,,ПЕТЕРБУРГСКАЯ БАЛЕТНАЯ ТРУППА.,Балетмейстеръ,съ 14 мая 1847 г.). † 1 іюля 1910 г.,balletartists_1909-10_SP_p000,balletartists_1909-10_SP_p000__e001
1909-10,TheaterSchoolStaff,Всеволожской,Иванъ,Александровичъ,,,,Списокъ служащихъ при Императорскихъ Театральныхъ Училищахъ лицъ.,Императорское С.-Петербургское Театральное Училище / Почетные члены конференціи,† 28 октября 1909 г.,theaterschoolstaff_1909-10_p000,theaterschoolstaff_1909-10_p000__e002
1910-11,Musicians,Михаловскій 2-й,Сигизмундъ,Викентьевичъ,,Вторая скрипка,,ПЕТЕРБУРГСКІЕ ОРКЕСТРЫ.,Оркестръ оперы и балета / Музыканты:,(съ 1 сентября 1900 г.). Вторая скрипка. † 11 мая 1911 г.,musicians_1910-11_SP_p002,musicians_1910-11_SP_p002__e016
1910-11,Musicians,Передерій,Иванъ,Васельевичъ,,Первая скрипка,,ПЕТЕРБУРГСКІЕ ОРКЕСТРЫ.,Оркестръ оперы и балета / Музыканты:,(съ 1 сентября 1896 г.). Первая скрипка. † 29 августа 1911 г.,musicians_1910-11_SP_p002,musicians_1910-11_SP_p002__e024
1910-11,Musicians,Широковъ,Гаврилъ,Ѳедоровичъ,,Вальдгорнъ,,ПЕТЕРБУРГСКІЕ ОРКЕСТРЫ.,Оркестръ оперы и балета / Музыканты:,(съ 1 сентября 1897 г.). † 25 іюня 1911 г.,musicians_1910-11_SP_p003,musicians_1910-11_SP_p003__e029
