season,family_name,orchestra,tier,basis
1896-97,Линднеръ,Оркестръ оперы и балета (Moscow),core,no. 58 in the list headed «Оркестръ оперы и балета» on p000
1896-97,Штаакъ,Оркестръ оперы и балета (SP),core,no. 113 in the list headed «Оркестръ оперы и балета» on p000
1897-98,Вальтеръ 2-й,Оркестръ оперы и балета (SP),core,no. 12 in the list under «Оркестръ оперы и балета» on the same page
1898-99,Абезгаузъ,Оркестръ оперы и балета (Moscow),core,no. 1 in the list under «Оркестръ оперы и балета» on the same page
1900-01,Рамбоусекъ,Оркестръ оперы и балета (Moscow),core,no. 70 in the list headed «Оркестръ оперы и балета» on p000
1900-01,Шиманъ,Оркестръ оперы и балета (Moscow),core,no. 106 in the list headed «Оркестръ оперы и балета» on p000
1901-02,Палице,Оркестръ оперы и балета (Moscow),core,no. 63 in the list headed «Оркестръ оперы и балета» on p000
1901-02,Хиллэ,Оркестръ оперы и балета (SP),core,no. 111 in the list headed «Оркестръ оперы и балета» on p000
1902-03,Козловъ,Оркестръ оперы и балета (Moscow),core,répétiteur under «Оркестръ оперы и балета» on the same page
1902-03,Ромашковъ 1-й,Оркестръ оперы и балета (Moscow),core,no. 78 in the list headed «Оркестръ оперы и балета» on p000
1903-04,Зюсъ,Оркестръ оперы и балета (Moscow),core,no. 39 in the list headed «Оркестръ оперы и балета» on p000
1905-06,Шнейдеръ,Оркестръ оперы и балета (Moscow),core,no. 120 in the list headed «Оркестръ оперы и балета» on p000
1905-06,Бергхольцъ,Оркестръ оперы и балета (SP),core,no. 7 in the list headed «Оркестръ оперы и балета» on p000
1905-06,Гримъ,Оркестръ оперы и балета (SP),core,no. 38 in the list headed «Оркестръ оперы и балета» on p000
1905-06,Корнѣевъ,Оркестръ оперы и балета (SP),core,no. 56 in the list headed «Оркестръ оперы и балета» on p000
1906-07,Келеръ,Оркестръ оперы и балета (SP),core,no. 48 in the list headed «Оркестръ оперы и балета» on p000
1907-08,Томсонъ,Moscow main orchestra list (opera and ballet conductors),core,no. 103 in the one numbered list under «Оркестры» whose heads are «Капельмейстеры оперы» and «Капельмейстеры балета» (p000 read on the scan 2026-10-10); the page does not print «оперы и балета»
1897-98,Рубинъ,Оркестръ Михайловскаго театра,none,institution stored for the row
1902-03,Фарскій,Оркестръ Малаго театра; also music librarian,none,institution stored for the row
1903-04,Герасимовъ,Оркестръ Александринскаго театра,none,institution stored for the row
1903-04,Мацулевичъ,Оркестръ Михайловскаго театра,none,institution stored for the row
1905-06,Галкинъ,Оркестръ Александринскаго театра (Капельмейстеръ),none,institution stored for the row
1905-06,Майеръ-Пирко,Оркестръ Михайловскаго театра,none,institution stored for the row
1896-97,Тильпъ,Центральная Музыкальная Библіотека (senior librarian),mentions,library serving all the orchestras; treated like other support staff (RG 2026-10-10)
1906-07,Новоселовъ,Центральная Музыкальная Библіотека (senior librarian),mentions,library serving all the orchestras; treated like other support staff (RG 2026-10-10)
