entry_id,summary_text,status,note
balletartists_1898-99_MSK_p005__e014,Въ 9 балетахъ—63; въ 8 операхъ—29; въ 1 драмѣ—11. Всего—93 раза.,print_not_additive,"Blind reader read the same numbers on the scan (issue #150, 2026-10-10): the print itself does not add up although one look-alike digit would fix it. Stored as printed."
balletartists_1899-00_SP_p006__e005,Въ 18 балетахъ—60; въ 8 операхъ—53. Всего—118 разъ.,print_not_additive,"Blind reader read the same numbers on the scan (issue #150, 2026-10-10): the print itself does not add up although one look-alike digit would fix it. Stored as printed."
balletartists_1900-01_SP_p009__e009,Въ 20 балетахъ—61; въ 12 операхъ—73; въ 1 драмѣ—5. Всего—189 разъ.,print_not_additive,"Blind reader read the same numbers on the scan (issue #150, 2026-10-10): the print itself does not add up although one look-alike digit would fix it. Stored as printed."
balletartists_1902-03_MSK_p000__e013,Въ 7 балетахъ—26; въ 4 операхъ—10. Всего—86 разъ.,print_not_additive,"Blind reader read the same numbers on the scan (issue #150, 2026-10-10): the print itself does not add up although one look-alike digit would fix it. Stored as printed."
balletartists_1902-03_MSK_p001__e015,Въ 6 балетахъ—25; въ 4 операхъ—11. Всего—37 разъ. Въ томъ числѣ: Эсмеральда (Колетъ-ла-Шаронь—5).,print_not_additive,"Blind reader read the same numbers on the scan (issue #150, 2026-10-10): the print itself does not add up although one look-alike digit would fix it. Stored as printed."
balletartists_1902-03_MSK_p002__e019,Въ 8 балетахъ—38; въ 7 операхъ—35; въ 2 дивертиссементахъ—3. Всего—77 разъ.,print_not_additive,"Blind reader read the same numbers on the scan (issue #150, 2026-10-10): the print itself does not add up although one look-alike digit would fix it. Stored as printed."
balletartists_1902-03_MSK_p002__e022,Въ 7 балетахъ—29; въ 6 операхъ—19. Всего—49 разъ.,print_not_additive,"Blind reader read the same numbers on the scan (issue #150, 2026-10-10): the print itself does not add up although one look-alike digit would fix it. Stored as printed."
balletartists_1902-03_MSK_p004__e002,Въ 4 балетахъ—28; въ 4 операхъ—22. Всего—51 разъ. Въ томъ числѣ: Спящая красавица (королева—4); Эсмеральда (Алонза де Гондолорье—8).,print_not_additive,"Blind reader read the same numbers on the scan (issue #150, 2026-10-10): the print itself does not add up although one look-alike digit would fix it. Stored as printed."
balletartists_1902-03_MSK_p005__e003,Въ 7 балетахъ—26; въ 10 операхъ—39; въ 2 драмахъ—10. Всего—76 разъ.,print_not_additive,"Blind reader read the same numbers on the scan (issue #150, 2026-10-10): the print itself does not add up although one look-alike digit would fix it. Stored as printed."
balletartists_1902-03_MSK_p007__e007,Въ 6 балетахъ—36; въ 9 операхъ—45. Всего—80 разъ.,print_not_additive,"Blind reader read the same numbers on the scan (issue #150, 2026-10-10): the print itself does not add up although one look-alike digit would fix it. Stored as printed."
balletartists_1903-04_MSK_p005__e002,Въ 8 балетахъ—36; въ 9 операхъ—37. Всего—78 раза. Въ томъ числѣ: Эсмеральда (слѣпой—1).,print_not_additive,"Blind reader read the same numbers on the scan (issue #150, 2026-10-10): the print itself does not add up although one look-alike digit would fix it. Stored as printed."
balletartists_1906-07_MSK_p003__e013,Въ 12 балетахъ—48; въ 1 дивертиссментѣ—1; въ 5 операхъ—34. Всего—93 раза. Въ томъ числѣ: Донъ Кихотъ (Китри—1); Коппелія (подруга Сванильды—1); Спящая красавица (фея кандидъ—1); Тщетная предосторожность (подруга Лизы—3).,print_not_additive,"Blind reader read the same numbers on the scan (issue #150, 2026-10-10): the print itself does not add up although one look-alike digit would fix it. Stored as printed."
balletartists_1906-07_MSK_p007__e010,Въ 10 балетахъ—39; въ 1 дивертисментѣ —1; въ 4 операхъ—19. Всего—58 разъ.,print_not_additive,"Blind reader read the same numbers on the scan (issue #150, 2026-10-10): the print itself does not add up although one look-alike digit would fix it. Stored as printed."
balletartists_1907-08_MSK_p001__e011,Въ 10 балетахъ—47; въ 4 дивертиссментахъ—5; въ 15 операхъ—99. Всего—150 разъ.,print_not_additive,"Blind reader read the same numbers on the scan (issue #150, 2026-10-10): the print itself does not add up although one look-alike digit would fix it. Stored as printed."
balletartists_1895-96_MSK_p003__e021,"Въ 7 балетахъ—20; въ 2 операхъ—3. Кромѣ того, въ С.-Петербургѣ въ 3 балетахъ—9. Всего — 32 раза. Въ томъ числѣ: Ацисъ и Галатея (Галатея—1); Данта (Данта—3; Куанонъ—2); Капризы бабочки (бабочка — 3); Кипрская статуя (Галатея—3); Коппелія (Сванильда — 8); Прелестная жемчужина (розовая жемчужина—2); Хрустальный башмачекъ (Сандриліона—4).",rows_omit_second_city_block,"Two-city entry: the printed text adds up (20+3+9=32, «Кромѣ того, въ С.-Петербургѣ въ 3 балетахъ—9») but the stored credit rows hold only the first city's block. Text scan-read (issue #150); rows left as extracted."
balletartists_1901-02_MSK_p000__e023,Въ 6 балетахъ—18; въ 1 оперѣ—1; въ дивертиссементахъ—3. Всего—22 раза. Въ томъ числѣ: Волшебный башмачекъ (Сандриліона—2); Донъ-Кихотъ Ламанчскій (Китри — 3); Конекъ-горбунокъ (царь-дѣвица — 4); Привалъ кавалеріи (Тереза—3); Спящая красавица (Аврора—2). Кромѣ того въ С.-Петербургѣ: въ 3 балетахъ—6. Всего—6 разъ. Въ томъ числѣ: Баядерка (Никія — 3); Привалъ кавалеріи (Тереза—1); Раймонда (Раймонда—2).,rows_ok_check_limit,"Rows are right (18+1+3=22; a second «Кромѣ того» block 6=6). The checker's #23 repair uses the first occurrence of a label, so it mis-repairs the second block; issue #150."
