name_printed,role_category,creator_key,form_status,evidence
І. Байера,,baier,confirmed,
І. Байеръ,,baier,confirmed,
І. Мендеса,,mendes,confirmed,
Іосифа Байеръ,,baier,confirmed,
А. А. Горскаго,,gorsky,confirmed,
А. А. Горскимъ,,gorsky,confirmed,
А. Адама,,adam,confirmed,
А. В. Кадлеца,,kadlec,confirmed,
А. В. Кадлецъ,,kadlec,confirmed,
А. Вицентини,,vicentini,confirmed,
А. Глазунова,,glazunov,confirmed,
А. К. Глазунова,,glazunov,confirmed,
А. Корещенко,,koreshchenko,confirmed,
А. Н. Богданова,,bogdanov_an,confirmed,
А. Н. Корещенко,,koreshchenko,confirmed,
А. Фридмана,,fridman,confirmed,
А. Ю. Симона,,simon,confirmed,
Адама,,adam,confirmed,
Адольфа Адама,,adam,confirmed,
Альб. Вицентини,,vicentini,confirmed,
Аржини,,argini,confirmed,
Асрейтера,,asreiter,confirmed,
Асрейтеръ,,asreiter,confirmed,
Б. Шель,,schell,confirmed,
Б. Шеля,,schell,confirmed,
Байрона,,byron,confirmed,
Бенуа,,benoist,confirmed,
Бернаделли,,bernardelli,confirmed,
Бернарделли,,bernardelli,confirmed,
Брамса,,brahms,confirmed,
Бургмюллера,,burgmuller,confirmed,
В. А. Крыловымъ,,krylov_va,confirmed,
В. Г. Врангель,,vrangel,confirmed,
В. Г. Врангеля,,vrangel,confirmed,
В. И. Лангаммера,,langammer,confirmed,
Венанси,,venanzi,confirmed,
Виктора Гюго,,hugo,confirmed,
Г. Гауль,,gaul,confirmed,
Г. Гертеля,,hertel,confirmed,
Г. Крозе,,croze,confirmed,
Г. Минкуса,,minkus,confirmed,
Г. Мюльендорфера,,muhlendorfer,confirmed,
Г. Оге,,auguste,confirmed,
Г. Острембингера,,ostrembinger,confirmed,
Г. Сенъ-Жоржа,,saint_georges,confirmed,
Г. Шимана,,schiemann,confirmed,
Г. Э. Конюса,,konius,confirmed,
Гауль,,gaul,confirmed,
Гертеля,,hertel,confirmed,
Гершеля,,hertel,proposed,printed for the same works credited Гертеля/Г. Гертеля: Тщетная предосторожность (MSK 1903-05) and Приключенія Флика и Флока (MSK 1890-94); a print variant?
Гофмана,,hoffmann,confirmed,
Гримма,,grimm,confirmed,
Г⁂,,vsevolozhsky,confirmed,
Даль-Аржине,,dallargine,confirmed,
Делиба,,delibes,confirmed,
Дельдевеза,,deldevez,confirmed,
Доберваля,,dauberval,confirmed,
Добервиля,,dauberval,confirmed,
Е. Гондинэ,,gondinet,confirmed,
Ершова,,ershov,confirmed,
Ж. Барбье,,barbier,confirmed,
Ж. Перро,,perrot,confirmed,
Жана Петипа,,petipa_j,confirmed,
И. Армсгеймера,,armsgeimer,confirmed,
И. Армсгеймеръ,,armsgeimer,confirmed,
И. И. Армсгеймера,,armsgeimer,confirmed,
И. И. Армсгеймеръ,,armsgeimer,confirmed,
И. Монплезира,,monplaisir,confirmed,
И. Ю. Трубецкаго,,trubetskoy,confirmed,
И. Ю. Трубецкого,,trubetskoy,confirmed,
Иванова,,ivanov_l,confirmed,
К. А. Тарновскаго,,tarnovsky_ka,confirmed,
К. В.,,valts,proposed,"Хрустальный башмачекъ (MSK): ""соч. К. В. и А. Н. Богданова"" 1890-91 and ""программа К. В."" 1892-95, but ""соч. К. Ѳ. Вальца"" for the same ballet 1895-97: К. В. = К. Вальцъ?"
К. Вальца,,valts,confirmed,
К. Даль'Арджинэ,,dallargine,confirmed,
К. Лядова,,lyadov_k,confirmed,
К. Лядовымъ,,lyadov_k,confirmed,
К. Сенсъ-Санса,,saint_saens,confirmed,
К. Сенъ-Санса,,saint_saens,confirmed,
К. Ѳ. Вальца,,valts,confirmed,
Коралли,,coralli,confirmed,
Крозе,,croze,confirmed,
Л. Делиба,,delibes,confirmed,
Л. И. Иванова,,ivanov_l,confirmed,
Л. И. Ивановымъ,,ivanov_l,confirmed,
Л. Иванова,,ivanov_l,confirmed,
Л. Ивановымъ,,ivanov_l,confirmed,
Л. Минкуса,,minkus,confirmed,
Л. Пашковой,,pashkova,confirmed,
Лео Делиба,,delibes,confirmed,
Лидіи Пашковой,,pashkova,confirmed,
М. И Петипа,,petipa_m,confirmed,
М. И. Петипа,,petipa_m,confirmed,
М. И. Чайковскаго,,tchaikovsky_mod,proposed,"""программа М. И. Чайковскаго и М. И. Петипа"", Калькабрино 1892-93 SP; the same ballet prints ""Мод. И. Чайковскаго"" in 1890-92: М. = Модестъ, not П. (composer)?"
М. М. Иванова,,ivanov_mm,confirmed,
М. М. Попелло-Давыдова,,popello,confirmed,
М. Петипа,,petipa_m,confirmed,
М. Фокина,,fokin,confirmed,
Мазилье,,mazilier,confirmed,
Маріуса Петипа,,petipa_m,confirmed,
Мендеса,,mendes,confirmed,
Мерантъ,,merante,confirmed,
Минкуса,,minkus,confirmed,
Мод. И. Чайковскаго,,tchaikovsky_mod,confirmed,
Монплезира,,monplaisir,confirmed,
Моренго,,morengo,confirmed,
Мюльдорфера,,muhlendorfer,proposed,"Волшебный башмачекъ (Сандрильона), MSK 1899-1903, with the same team as Хрустальный башмачекъ (MSK 1890-97): К. Вальцъ + Шиманъ (4th act); the same composer under a variant spelling?"
Мюльендорфера,,muhlendorfer,confirmed,
Н. Кроткова,,krotkov,confirmed,
Н. С. Кроткова,,krotkov,confirmed,
Н. Ѳ. Манохинымъ,,manokhin,confirmed,
Нюитера,,nuitter,confirmed,
Нюитеръ,,nuitter,confirmed,
П. А. Гердта,,gerdt,confirmed,
П. А. Гердтомъ,,gerdt,confirmed,
П. А. Гердтъ,,gerdt,confirmed,
П. Ершова,,ershov,confirmed,
П. И Чайковскаго,,tchaikovsky_p,confirmed,
П. И. Чайковскаго,,tchaikovsky_p,confirmed,
П. П. Золотаренко,,zolotarenko_pp,confirmed,
П. П. Шенка,,schenk,confirmed,
П. Пашковой,,pashkova,confirmed,
Перро,author,perrot,confirmed,"bare ""Перро"" after соч. = the choreographer"
Перро,source,perrault,confirmed,"""сказки/сказокъ Перро"" = the source author"
Петипа,,petipa_m,confirmed,
Пуни,,pugni,confirmed,
Пушкина,,pushkin,confirmed,
Р. Дриго,,drigo,confirmed,
Рейзингера,,reisinger,confirmed,
Рихарда Дриго,,drigo,confirmed,
С. Леона,,saint_leon,confirmed,
С. Н. Худекова,,khudekov,confirmed,
С. П. Соколова,,sokolov_sp,confirmed,
Сенъ Жоржа,,saint_georges,confirmed,
Сенъ Леона,,saint_leon,confirmed,
Сенъ-Жоржа,,saint_georges,confirmed,
Сенъ-Леона,,saint_leon,confirmed,
Сенъ-Санса,,saint_saens,confirmed,
Сервантеса,,cervantes,confirmed,
Т. Готье,,gautier,confirmed,
Тальони,,taglioni,confirmed,
Тальони (отца),,taglioni_father,confirmed,
Теофила Готье,,gautier,confirmed,
Теофиля Готье,,gautier,confirmed,
Ф. Гауль,,gaul,confirmed,
Ф. Гауля,,gaul,confirmed,
Фуше,,foucher,confirmed,
Фушера,,foucher,confirmed,
Хлюстина,,khlyustin,confirmed,
Ц. Пуни,,pugni,confirmed,
Ш. Нюитера,,nuitter,confirmed,
Шимана,,schiemann,confirmed,
Шнейцгеффера,,schneitzhoeffer,confirmed,
Штеймана,,steiman,confirmed,
Щимана,,schiemann,proposed,"""музыка 4-го д. Щимана"", Волшебный башмачекъ (MSK 1900-01); Щ for Ш, a print slip?"
Э. Гофмана,,hoffmann,confirmed,
Э. Грабе,,grabe,confirmed,
Э. Келеръ,,keller,confirmed,
Э. Чекетти,,cecchetti,confirmed,
Эрнесто Келера,,keller,confirmed,
Ю. Гербера,,gerber_yu,confirmed,
Ю. Н. Померанцева,,pomerantsev,confirmed,
Ю. Перро,,perrot,confirmed,
и. Асрейтера,,asreiter,confirmed,
⁂,,asterism_shalosti,confirmed,
