creator_key,display_name,roster_person_id,roster_link_status,evidence
adam,"Адамъ, Адольфъ",,,"printed ""Адольфа Адама"", ""А. Адама"", ""Адама"""
argini,Аржини,,,"Индія (Moscow 1890-92) only. Possibly the same as Даль-Аржине (Брама); not merged, different printed forms and works"
armsgeimer,,9ee64e16-67da-49c0-8fae-585a79333054,confirmed,"printed И. / И. И. Армсгеймеръ; roster Армсгеймеръ, Иванъ Ивановичъ (Musicians 1890-91..1905-06), the only Армсгеймеръ, initials agree"
asreiter,Асрейтеръ,,,"Фея куколъ; ""и. Асрейтера"" (1904-05 SP) is RG's ruled slip for И."
baier,"Байеръ, Іосифъ",,,"printed ""Іосифа Байеръ"", ""І. Байера/Байеръ"""
byron,"Байронъ, лордъ",,,"source: ""поэмы лорда Байрона"" (Корсаръ)"
barbier,"Барбье, Ж.",,,
benoist,Бенуа,,,"music, Сатанилла"
bernardelli,Бернаделли,,,"printed Бернаделли ×5 (1892-97), Бернарделли ×1 (1897-98); Волшебная флейта. RG read the 1896-97 SP letter as е; physical check pending"
bogdanov_an,"Богдановъ, А. Н.",,,"only 1890-91 Moscow Хрустальный башмачекъ ""соч. К. В. и А. Н. Богданова""; no А. Н. Богдановъ on the roster"
brahms,Брамсъ,,,
burgmuller,Бургмюллеръ,,,Пери (1897-98 MSK); the reading was fixed in the 2026-10-02 second read
valts,,14d717ee-2ec8-4fcd-97ef-f021381ef19d,confirmed,"printed К. Ѳ. / К. Вальцъ; roster Вальцъ, Карлъ Ѳедоровичъ (ProductionTeam 1890-91..1909-10), initials agree"
venanzi,Венанси,,,Индія
vicentini,"Вицентини, Альб.",,,printed А. / Альб.
vrangel,"Врангель, баронъ В. Г.",,,
gaul,"Гауль, Ф.",,,"printed Ф. Гауль(я) ×5, Гауль ×2, Г. Гауль ×1 (1904-05 SP); Фея куколъ throughout"
gerber_yu,"Герберъ, Ю.",,,"Папоротникъ (1892-93). Roster has Герберъ, Александръ Юліевичъ (ballet répétiteur) - different initial, not linked"
gerdt,,1c95a130-bc85-4ef9-ac98-5cbd399c8533,confirmed,"printed П. А. Гердтъ/Гердта/Гердтомъ (staging); roster Гердтъ, Павелъ Андреевичъ, initials agree"
hertel,"Гертель, Г.",,,printed Гертеля / Г. Гертеля; also Гершеля (see forms)
glazunov,"Глазуновъ, А. К.",,,
gondinet,"Гондинэ, Е.",,,"source: ""составлено по Е. Гондинэ"" (Приказъ короля)"
gorsky,,9a5dd1c5-a407-4795-aa37-2c3f4d012c4d,confirmed,"printed А. А. Горскаго/Горскимъ; roster Горскій, Александръ Алексѣевичъ, initials agree"
gautier,"Готье, Теофиль",,,printed Т. / Теофила / Теофиля Готье
hoffmann,"Гофманъ, Э.",,,source (Щелкунчикъ)
grabe,"Грабе, Э.",,,
grimm,Гриммъ,,,"source: ""сказокъ Пушкина и Гримма"""
hugo,"Гюго, Викторъ",,,"source (Эсмеральда, Moscow)"
vsevolozhsky,,4901868d-421e-4e87-9d3d-fe17a8068966,rg_identified,"printed ""Г⁂"" (Волшебное зеркало 1902-05 SP); RG identified Г⁂ as И. А. Всеволожскій (2026-09-28), roster Всеволожскій, Иванъ Александровичъ"
dallargine,"Даль-Аржине, К.",,,"printed Даль-Аржине, К. Даль'Арджинэ (Брама)"
delibes,"Делибъ, Лео",,,"printed Лео / Л. Делиба, Делиба"
deldevez,Дельдевезъ,,,Пахита; RG ruled the damaged final letter an а (2026-09-28)
dauberval,Доберваль,,,"printed Доберваля ×17, Добервиля ×2 (1903-05 MSK); Тщетная предосторожность throughout"
drigo,,8439db56-94d7-467d-9e81-0f48815d9dd8,confirmed,"printed Р. / Рихарда Дриго; roster Дриго, Ричардъ Евгеніевичъ, the only Дриго"
ershov,"Ершовъ, П.",,,source (Конекъ-Горбунокъ)
saint_georges,Сенъ-Жоржъ,,,"printed Сенъ-Жоржа, Сенъ Жоржа, Г. Сенъ-Жоржа"
zolotarenko_pp,"Золотаренко, П. П.",,,"Кольцо любви (MSK 1892-94). Roster has TWO П. П.: Золотаренко 2-й Павелъ Петровичъ and Золотаренко Петръ Петровичъ (Капельмейстеръ); not linked, RG to decide; RG, 2026-10-05 (review page): not sure; left unlinked"
ivanov_l,,a3f51b5c-ccc8-45af-9a8c-738247cbe325,confirmed,"printed Л. И. / Л. Иванова/Ивановымъ, and bare ""Иванова"" beside Петипа in Пробужденіе Флоры (credited ""М. И. Петипа и Л. И. Иванова"" in other seasons); roster Ивановъ, Левъ Ивановичъ (2nd ballet master)"
ivanov_mm,"Ивановъ, М. М.",,,"music, Весталка; no М. М. Ивановъ on the roster"
kadlec,,0beee957-d662-492a-92e1-a3b545b11ffa,confirmed,"printed А. В. Кадлецъ/Кадлеца; roster Кадлецъ, Андрей Вячеславовичъ, initials agree"
keller,,c5677456-c600-4d00-ac58-4ee3d95abedc,confirmed,"printed Э. Келеръ / Эрнесто Келера (Клоринда, MSK); roster Келеръ, Эрнестъ Іосифовичъ (Musicians), first name agrees"
konius,"Конюсъ, Г. Э.",,,"Даита; roster has only Конюсъ, Юлій Эдуардовичъ - different initial, not linked"
coralli,Коралли,,,
koreshchenko,"Корещенко, А. Н.",,,
croze,"Крозе, Г.",,,
krotkov,,a45473b1-8fcd-4536-b140-40d7e6b881dd,confirmed,"printed Н. С. / Н. Кроткова; roster Кротковъ, Николай Сергѣевичъ (Капельмейстеръ), initials agree"
krylov_va,"Крыловъ, В. А.",,,"Кольцо любви, ""составлена … В. А. Крыловымъ""; not on the roster"
langammer,,c2c9265b-2bfb-412a-8c4e-f5d4f98ee3a7,confirmed,"printed В. И. Лангаммера; roster Лангаммеръ, Владиміръ Ивановичъ, initials agree"
lyadov_k,"Лядовъ, К.",,,"Сатанилла: ""музыка … К. Лядова"" / ""инструментована К. Лядовымъ"""
mazilier,Мазилье,,,
manokhin,,2dc4e6a0-354e-4e13-b223-f07851d31a02,confirmed,"printed Н. Ѳ. Манохинымъ; roster Манохинъ, Николай Ѳедоровичъ, initials agree"
mendes,,9c254014-128d-4dfb-ae2b-d63828f9fd97,confirmed,"printed І. Мендеса / Мендеса; roster Мендесъ, Іосифъ (BalletArtists/School ""Танцы""), initial agrees"
merante,Мерантъ,,,
minkus,"Минкусъ, Л.",,,"printed Л. Минкуса, Минкуса, Г. Минкуса (×3)"
monplaisir,"Монплезиръ, И.",,,"printed И. Монплезира, г-на Монплезира"
morengo,Моренго,,,
muhlendorfer,"Мюльендорферъ, Г.",,,"Хрустальный башмачекъ (MSK 1890-97); also Мюльдорфера (see forms); RG, 2026-10-05: = Мюльдорферъ (1899-1903) = Wilhelm Carl Mühldorfer, Wikidata Q4310066 (1837-1919, conductor/composer)"
nuitter,"Нюитеръ, Ш.",,,"printed Нюитера, Нюитеръ, Ш. Нюитера"
auguste,"Оге, Г.",,,
ostrembinger,"Острембингеръ, Г.",,,
pashkova,"Пашкова, Лидія",,,"printed Лидіи / Л. Пашковой; П. Пашковой ×1 (1904-05 SP Раймонда, the П is clear in the print)"
perrot,"Перро, Ж.",,,"AUTHOR Perro: printed Ж. / Ю. Перро, and bare ""Перро"" after соч. (Эсмеральда, Катарина…). Not the source author (see perrault)"
perrault,Перро,,,"SOURCE Perro: ""сказки/сказокъ Перро"" (Спящая красавица, Синяя борода)"
petipa_m,,e0434497-c14f-49dd-a670-bcbbe102a127,confirmed,"printed М. И. / М. / Маріуса / bare Петипа; roster Петипа, Маріусъ Ивановичъ 1890-91..1907-08 (a second record covers 1908-10, a roster duplicate -> RG merge batch)"
petipa_j,"Петипа, Жанъ",,,"""соч. Жана Петипа"" (1 entry)"
pomerantsev,"Померанцевъ, Ю. Н.",,,
popello,"Попелло-Давыдовъ, М. М.",,,
pugni,"Пуни, Ц.",,,"printed Ц. Пуни / Пуни. Roster has Пуни, Николай Цезаревичъ (BalletArtists), a different person"
pushkin,Пушкинъ,,,source
reisinger,Рейзингеръ,,,Лебединое озеро (MSK)
saint_leon,Сенъ-Леонъ,,,"printed Сенъ-Леона, Сенъ Леона, С. Леона"
saint_saens,"Сенъ-Сансъ, К.",,,"printed К. Сенъ-Санса, Сенъ-Санса, К. Сенсъ-Санса (×1, print slip)"
cervantes,Сервантесъ,,,source
simon,,191c79e7-184e-4803-992a-14022b0c67f0,confirmed,"printed А. Ю. Симона; roster Симонъ, Антонъ Юльевичъ (Musicians), initials agree"
sokolov_sp,"Соколовъ, С. П.",,,Папоротникъ; no С. П. Соколовъ on the roster
taglioni_father,Тальони (отецъ),,,"printed ""Тальони (отца)"" - Сильфида (SP 1891-93)"
taglioni,Тальони,,,"printed bare ""Тальони"" - only Приключенія Флика и Флока (MSK 1890-94). The print distinguishes this from ""Тальони (отца)"""
tarnovsky_ka,"Тарновскій, К. А.",,,"Талисманъ; roster has only Тарновскій, Николай Александровичъ - different initial, not linked"
trubetskoy,"Трубецкой, князь И. Ю.",,,printed Трубецкаго ×10 / Трубецкого ×6
fokin,,5cef3dd5-b1c4-4d61-a8ef-78bd26538bd8,confirmed,"printed М. Фокина; roster Фокинъ, Михаилъ Михайловичъ, initial agrees"
fridman,"Фридманъ, А.",07f4b474-8f6f-4e5c-a8ff-69f9e8425097,rg_identified,"Шалость Амура (SP 1890-91). Roster Фридманъ, Александръ Александровичъ (BalletArtists 1890-94) - initial agrees, but a dancer as composer is unconfirmed: RG; RG, 2026-10-05 (review page): same person (""probably same person, but intriguing that he was both a dancer AND composer"")"
foucher,Фуше,,,"printed Фушера ×9, Фуше ×4; Пахита"
khlyustin,,724f643a-83a8-4284-9e38-d97dd5288dc1,confirmed,"printed Хлюстина (staging, MSK 1901-02); roster Хлюстинъ, Иванъ Николаевичъ (MSK ballet), the only Хлюстинъ"
khudekov,"Худековъ, С. Н.",,,Весталка
tchaikovsky_p,"Чайковскій, П. И.",,,
tchaikovsky_mod,"Чайковскій, Мод. И.",,,"""программа Мод. И. Чайковскаго и М. И. Петипа"" (Калькабрино)"
cecchetti,,09350cda-ddf5-44b3-8b3e-d0db2e5e1259,confirmed,"printed Э. Чекетти (staging, Коппелія 1901-02); roster Чекетти, Энрико Цезаревичъ. NB roster also has Чекетти, Генрихъ Цезаревичъ (BalletArtists) - likely the same man, roster duplicate -> RG merge batch"
schell,"Шель, Б.",,,printed Б. Шеля / Б. Шель
schenk,"Шенкъ, П. П.",06f426ad-acbd-4b52-b10c-632436642146,rg_identified,"Синяя борода (music). Roster Шенкъ, Петръ Петровичъ (Administrators, civil ranks 1890-1910) - initials agree, an official as composer is plausible but unconfirmed: RG; RG, 2026-10-05 (review page): same person"
schiemann,"Шиманъ, Г.",6dbf9fdb-3ac0-42e7-b8a7-870fbfbb7a79,proposed,"Хрустальный башмачекъ / Волшебный башмачекъ (MSK 1890-91..1900-01). PROPOSED, not confirmed (RG 2026-10-10: follow up later, do not assume it is correct): roster Шиманъ, Михаилъ Викторовичъ, violin, Moscow opera and ballet orchestra, in service from 10 марта 1882, † 7 декабря 1900 -- the credits stop when he dies. The lists print ""Г. Мюльендорфера и Г. Шимана""; Мюльендорферъ is Wilhelm, so the Г. is the honorific, not an initial. Alternative for the 1900-01 credit only (""музыка 4-го д. Щимана""): the 1900-01 review prints ""Мюльдорфера и А. Симона"". See uncertain_person_identities.md #21"
schneitzhoeffer,Шнейцгефферъ,,,"Сильфида: ""Шнейцгеффера и друг."""
steiman,Штейманъ,,,
asterism_shalosti,⁂ (Шалости сверчка),,,"""музыка ⁂"" (MSK 1897-98); unidentified (RG)"
arensky,"Аренскій, А.",,,"Египетскія ночи (SP 1908-11), music; printed А. Аренскаго / А Аренскаго"
ilyinsky_aa,"Ильинскій, А. А.",,,"Нуръ и Анитра (MSK 1908-09), libretto+music; roster has only Ильинская, Елизавета Ивановна"
benois_alexandre,"Бенуа, Александръ",,,"Павильонъ Армиды (SP 1908-11), author; NOT the same as benoist (François Benoist, music of Сатанилла)"
shcherbachev,"Щербачевъ, А. В.",,,"Евника/Эвника (SP 1908-11), libretto+music; no roster match"
stenbock_fermor,"Стенбокъ-Ферморъ, И. В., графъ",,,"Евника/Эвника (SP 1908-11), libretto; printed with honorific графа; no roster match"
cherepnin,"Черепнинъ, Н. Н.",,,"Павильонъ Армиды (SP 1908-11), music; no roster match"
schumann,"Шуманъ, Р.",,,"Карнавалъ (SP 1910-11), music"
chopin,"Шопенъ, Ф.",,,"Шопеніана (SP 1908-11), music"
flaubert,"Флоберъ, Г.",,,"Саламбо (MSK 1909-11), source"
aksakov,"Аксаковъ, С. Т.",,,"Аленькій цвѣточекъ (SP 1908-09, MSK 1910-11), source"
brugsch,Брукшъ,,,"Дочь фараона (MSK 1908-09): ""либретто вновь обработано по соч. Брукша"" = Heinrich Brugsch, Egyptologist (source)"
hartmann_fa,"Гартманъ, Ѳ. А.",,,"Аленькій цвѣточекъ (SP 1908-09, MSK 1910-11), music; no roster match"
marzhetsky,,204c7725-93e5-4c85-886a-305afbe67092,confirmed,"printed П. А. Маржецкаго, libretto of Аленькій цвѣточекъ; roster Маржецкій, Павелъ Александровичъ (SP ballet, 1890-1909, at times under Балетмейстеры), initials agree and his own 1908-09 roster entry names Аленькій цвѣточекъ"
keller_m,,2884550f-5d2f-496c-88b7-32d7360c8071,confirmed,"printed М. Келера, orchestration of Шопеніана (SP 1908-11); roster Келеръ, Морицъ Ѳедоровичъ, SP Капельмейстеръ 1898-1908, initial agrees. Roster also has an unmerged duplicate Келеръ, Морисъ Ѳедоровичъ (ad393322)"
arends_af,,bedb704a-eaa4-4c7f-b6e8-61f1f0f7e36a,confirmed,"printed А. Ф. Арендса, music of Саламбо (MSK 1909-11); roster Арендсъ, Андрей Федоровичъ, Moscow Капельмейстеры балета 1906-08, initials agree"
schmidt,Шмидтъ,,,"Два вора (MSK 1907-08), ""соч. Шмидта и другихъ"" (author). Forename unprinted; not identified"
davydov_aa,"Давыдовъ, А. А.",,,"Принцъ-садовникъ (SP 1907-08), music ""А. А. Давыдова"". Not identified; not the same as Попелло-Давыдовъ, М. М. (different initials)"
