page_id,date_text,theater,time_of_day,receipts_text_verbatim,corrected_rubles,corrected_kopecks,corrected_total_kopecks,raw_parsed_total_kopecks,basis,confirmed
repertoire_1892-93_pair012,8 Вторн.,Михайловскій,unspecified,1225 q. 27 к.,1225,27,122527,,q. printed where the rubles marker р. belongs,print confirmed on the scan (docs/eval/genuine_print_typos.md; issue #109 checks 2026-09-29)
repertoire_1899-00_p009,28 Четвергь.,Новый театръ,unspecified,"276 р, 98 к.",276,98,27698,27600,punctuation printed after р instead of a period (raw parse dropped the kopecks),print confirmed on the scan (docs/eval/genuine_print_typos.md; issue #109 checks 2026-09-29)
repertoire_1899-00_p011,3 Среда.,Новый театръ,unspecified,1062 р. 71 к;,1062,71,106271,106200,punctuation after к instead of a period (raw parse dropped the kopecks),print confirmed on the scan (docs/eval/genuine_print_typos.md; issue #109 checks 2026-09-29)
repertoire_1899-00_p017,8 Среда.,Малый театръ,unspecified,"800 р, 06 к.",800,6,80006,80000,punctuation printed after р instead of a period (raw parse dropped the kopecks),print confirmed on the scan (docs/eval/genuine_print_typos.md; issue #109 checks 2026-09-29)
repertoire_1900-01_p002,19 Вторн.,Михайловскій театръ,unspecified,911 р. 22¹/₂ к.,911,22,91122,91100,"half-kopeck printed as a raised-1 fraction (¹/₂); raw parse dropped the kopecks; stored whole kopecks, like other ½ figures",print confirmed on the scan (docs/eval/genuine_print_typos.md; issue #109 checks 2026-09-29)
repertoire_1900-01_p008,2 Четверг.,Михайловскій театръ,unspecified,"1155 р, 72½ к.",1155,72,115572,115500,punctuation printed after р instead of a period (raw parse dropped the kopecks),print confirmed on the scan (docs/eval/genuine_print_typos.md; issue #109 checks 2026-09-29)
repertoire_1900-01_p012,23 Четвергъ.,Александринскій театръ,unspecified,994 р- 75 к.,994,75,99475,99400,punctuation printed after р instead of a period (raw parse dropped the kopecks),print confirmed on the scan (docs/eval/genuine_print_typos.md; issue #109 checks 2026-09-29)
repertoire_1901-02_p007,19 Пятница.,Новый театръ,unspecified,292 р. 04 р.,292,4,29204,29200,р. printed where the kopecks marker к. belongs (raw parse dropped the kopecks),print confirmed on the scan (docs/eval/genuine_print_typos.md; issue #109 checks 2026-09-29)
repertoire_1901-02_p011,11 Воскрес.,Малый театръ,evening,912 р. 02 г.,912,2,91202,91200,г. printed where the kopecks marker к. belongs (raw parse dropped the kopecks),print confirmed on the scan (docs/eval/genuine_print_typos.md; issue #109 checks 2026-09-29)
repertoire_1901-02_p011,8 Четвергъ,Новый театръ,unspecified,263 д. 64 к.,263,64,26364,,д. printed where the rubles marker р. belongs,print confirmed on the scan (docs/eval/genuine_print_typos.md; issue #109 checks 2026-09-29)
repertoire_1901-02_p025,23 Среда.,Новый театръ,unspecified,297 р. 87 р.,297,87,29787,29700,р. printed where the kopecks marker к. belongs (raw parse dropped the kopecks),print confirmed on the scan (docs/eval/genuine_print_typos.md; issue #109 checks 2026-09-29)
repertoire_1901-02_p025,27 Воскрес.,Новый театръ,morning,478 р. 86 р.,478,86,47886,47800,р. printed where the kopecks marker к. belongs (raw parse dropped the kopecks),print confirmed on the scan (docs/eval/genuine_print_typos.md; issue #109 checks 2026-09-29)
repertoire_1901-02_p026,11 Понед.,Михайловскій театръ,unspecified,1495 д. 25 к.,1495,25,149525,,д. printed where the rubles marker р. belongs,print confirmed on the scan (docs/eval/genuine_print_typos.md; issue #109 checks 2026-09-29)
repertoire_1901-02_p029,18 Понед.,Большой театръ,unspecified,7166 р. 87 г.,7166,87,716687,716600,г. printed where the kopecks marker к. belongs (raw parse dropped the kopecks),print confirmed on the scan (docs/eval/genuine_print_typos.md; issue #109 checks 2026-09-29)
repertoire_1901-02_p029,24 Воскрес.,Большой театръ,morning,"1958 р, 57 к.",1958,57,195857,195800,punctuation printed after р instead of a period (raw parse dropped the kopecks),print confirmed on the scan (docs/eval/genuine_print_typos.md; issue #109 checks 2026-09-29)
repertoire_1901-02_p032,27 Среда.,Александринскій театръ,unspecified,1792 р. 19¹ ₂ к.,1792,19,179219,179200,"half-kopeck printed as a raised-1 fraction (¹); raw parse dropped the kopecks; stored whole kopecks, like other ½ figures",print confirmed on the scan (docs/eval/genuine_print_typos.md; issue #109 checks 2026-09-29)
repertoire_1901-02_p032,3 Среда.,Александринскій театръ,unspecified,2528 р. 84¹⁄₂ к.,2528,84,252884,252800,"half-kopeck printed as a raised-1 fraction (¹⁄₂); raw parse dropped the kopecks; stored whole kopecks, like other ½ figures",print confirmed on the scan (docs/eval/genuine_print_typos.md; issue #109 checks 2026-09-29)
repertoire_1902-03_p003,15 Воскрес.,Новый театръ,unspecified,"1421 р, 46 к.",1421,46,142146,142100,punctuation printed after р instead of a period (raw parse dropped the kopecks),print confirmed on the scan (docs/eval/genuine_print_typos.md; issue #109 checks 2026-09-29)
repertoire_1902-03_p005,30 Понед.,Малый театръ,unspecified,1483 р. 49 р.,1483,49,148349,148300,р. printed where the kopecks marker к. belongs (raw parse dropped the kopecks),print confirmed on the scan (docs/eval/genuine_print_typos.md; issue #109 checks 2026-09-29)
repertoire_1902-03_p008,22 Вторникъ.,Александринскій театръ,unspecified,1939 р. 33 г.,1939,33,193933,193900,г. printed where the kopecks marker к. belongs (raw parse dropped the kopecks),print confirmed on the scan (docs/eval/genuine_print_typos.md; issue #109 checks 2026-09-29)
repertoire_1902-03_p009,24 Четвергъ.,Малый театр,unspecified,1556 р- 42 к.,1556,42,155642,155600,punctuation printed after р instead of a period (raw parse dropped the kopecks),print confirmed on the scan (docs/eval/genuine_print_typos.md; issue #109 checks 2026-09-29)
repertoire_1902-03_p016,16 Понед.,Михайловскій театръ,unspecified,270 р. 25 г.,270,25,27025,27000,г. printed where the kopecks marker к. belongs (raw parse dropped the kopecks),print confirmed on the scan (docs/eval/genuine_print_typos.md; issue #109 checks 2026-09-29)
repertoire_1902-03_p017,8 Воскрес.,Малый театръ,unspecified,1413 р. 58 р.,1413,58,141358,141300,р. printed where the kopecks marker к. belongs (raw parse dropped the kopecks),print confirmed on the scan (docs/eval/genuine_print_typos.md; issue #109 checks 2026-09-29)
repertoire_1902-03_p018,2 Четвергъ.,Александринскій театръ,unspecified,19 22 р. 34 к.,1922,34,192234,,space printed inside the rubles figure,print confirmed on the scan (docs/eval/genuine_print_typos.md; issue #109 checks 2026-09-29)
repertoire_1902-03_p019,1 Среда.,Новый театръ,unspecified,876 к. 18 к.,876,18,87618,,к. printed where the rubles marker р. belongs,print confirmed on the scan (docs/eval/genuine_print_typos.md; issue #109 checks 2026-09-29)
repertoire_1902-03_p035,27 Воскрес.,Малый театръ,unspecified,703 р. 99 р.,703,99,70399,70300,р. printed where the kopecks marker к. belongs (raw parse dropped the kopecks),print confirmed on the scan (docs/eval/genuine_print_typos.md; issue #109 checks 2026-09-29)
repertoire_1903-04_p011,9 Воскрес.,Новый театръ,evening,856 р. 11 р.,856,11,85611,85600,р. printed where the kopecks marker к. belongs (raw parse dropped the kopecks),print confirmed on the scan (docs/eval/genuine_print_typos.md; issue #109 checks 2026-09-29)
repertoire_1904-05_p004,1 Пятница.,Михайловскій театръ,unspecified,557 р: 75 к:,557,75,55775,55700,punctuation printed after р instead of a period (raw parse dropped the kopecks),print confirmed on the scan (docs/eval/genuine_print_typos.md; issue #109 checks 2026-09-29)
repertoire_1904-05_p009,19 Вторн.,Малый театръ,unspecified,736 к. 49 к.,736,49,73649,,к. printed where the rubles marker р. belongs,print confirmed on the scan (docs/eval/genuine_print_typos.md; issue #109 checks 2026-09-29)
repertoire_1904-05_p016,10 Пятница.,Александринскій театръ,unspecified,"1132 р, 91 к.",1132,91,113291,113200,punctuation printed after р instead of a period (raw parse dropped the kopecks),print confirmed on the scan (docs/eval/genuine_print_typos.md; issue #109 checks 2026-09-29)
repertoire_1905-06_p005,23 Пятница.,Малый театръ,unspecified,720 р. 97 р.,720,97,72097,72000,р. printed where the kopecks marker к. belongs (raw parse dropped the kopecks),print confirmed on the scan (docs/eval/genuine_print_typos.md; issue #109 checks 2026-09-29)
repertoire_1905-06_p005,29 Четвергъ.,Малый театръ,unspecified,"552 р, 74 к.",552,74,55274,55200,punctuation printed after р instead of a period (raw parse dropped the kopecks),print confirmed on the scan (docs/eval/genuine_print_typos.md; issue #109 checks 2026-09-29)
repertoire_1905-06_p008,18 Вторникъ.,Александринскій театръ,unspecified,586 р. 82 л.,586,82,58682,58600,л. printed where the kopecks marker к. belongs (raw parse dropped the kopecks),print confirmed on the scan (docs/eval/genuine_print_typos.md; issue #109 checks 2026-09-29)
repertoire_1905-06_p014,15 Вторн.,Михайловскій театръ,unspecified,1177 р. 77¹|₂ к.,1177,77,117777,117700,"half-kopeck printed as a raised-1 fraction (¹|₂); raw parse dropped the kopecks; stored whole kopecks, like other ½ figures",print confirmed on the scan (docs/eval/genuine_print_typos.md; issue #109 checks 2026-09-29)
repertoire_1905-06_p014,22 Вторн.,Михайловскій театръ,unspecified,1071 р. 77¹|₂ к.,1071,77,107177,107100,"half-kopeck printed as a raised-1 fraction (¹|₂); raw parse dropped the kopecks; stored whole kopecks, like other ½ figures",print confirmed on the scan (docs/eval/genuine_print_typos.md; issue #109 checks 2026-09-29)
repertoire_1905-06_p017,4 Воскрес.,Новый театръ,morning,323 к. 37 к.,323,37,32337,,к. printed where the rubles marker р. belongs,print confirmed on the scan (docs/eval/genuine_print_typos.md; issue #109 checks 2026-09-29)
repertoire_1905-06_p018,8 Четвергъ.,Александринскій театръ,unspecified,1667 г. 46 к.,1667,46,166746,,г. printed where the rubles marker р. belongs,print confirmed on the scan (docs/eval/genuine_print_typos.md; issue #109 checks 2026-09-29)
repertoire_1905-06_p025,8 Воскрес.,Новый театръ,morning,"403 р, 01 к.",403,1,40301,40300,punctuation printed after р instead of a period (raw parse dropped the kopecks),print confirmed on the scan (docs/eval/genuine_print_typos.md; issue #109 checks 2026-09-29)
repertoire_1905-06_p028,31 Среда.,Михайловскій театръ,unspecified,1714 р. 52¹|₂ к.,1714,52,171452,171400,"half-kopeck printed as a raised-1 fraction (¹|₂); raw parse dropped the kopecks; stored whole kopecks, like other ½ figures",print confirmed on the scan (docs/eval/genuine_print_typos.md; issue #109 checks 2026-09-29)
repertoire_1905-06_p030,7 Вторн.,Михайловскій театръ,unspecified,1377 р. 52¹|₂ к.,1377,52,137752,137700,"half-kopeck printed as a raised-1 fraction (¹|₂); raw parse dropped the kopecks; stored whole kopecks, like other ½ figures",print confirmed on the scan (docs/eval/genuine_print_typos.md; issue #109 checks 2026-09-29)
repertoire_1905-06_p043,16 Воскрес.,Новый театръ,morning,79 к. 02 к.,79,2,7902,,к. printed where the rubles marker р. belongs,print confirmed on the scan (docs/eval/genuine_print_typos.md; issue #109 checks 2026-09-29)
repertoire_1906-07_p021,15 Пятница,Малый театръ,unspecified,1041 и. 53 к.,1041,53,104153,,и. printed where the rubles marker р. belongs,print confirmed on the scan (docs/eval/genuine_print_typos.md; issue #109 checks 2026-09-29)
repertoire_1906-07_p023,27 Среда.,Новый театр,unspecified,701 г. 06 к.,701,6,70106,,г. printed where the rubles marker р. belongs,print confirmed on the scan (docs/eval/genuine_print_typos.md; issue #109 checks 2026-09-29)
repertoire_1906-07_p027,16 Вторн.,Большой театръ,unspecified,13.472 р. 22 к.,13472,22,1347222,1322,"thousands separator ""."" printed in the rubles figure (raw parse read 13)",print confirmed on the scan (docs/eval/genuine_print_typos.md; issue #109 checks 2026-09-29)
repertoire_1906-07_p033,20 Вторн.,Новый театръ,unspecified,190 р. 98 р.,190,98,19098,19000,р. printed where the kopecks marker к. belongs (raw parse dropped the kopecks),print confirmed on the scan (docs/eval/genuine_print_typos.md; issue #109 checks 2026-09-29)
repertoire_1906-07_p035,3 Суббота,Новый театръ,morning,433 к. 45 к.,433,45,43345,,к. printed where the rubles marker р. belongs,print confirmed on the scan (docs/eval/genuine_print_typos.md; issue #109 checks 2026-09-29)
repertoire_1907-08_p000,5 Среда.,Александринскій театръ,unspecified,1055 к. 04 к.,1055,4,105504,,к. printed where the rubles marker р. belongs,print confirmed on the scan (docs/eval/genuine_print_typos.md; issue #109 checks 2026-09-29)
repertoire_1907-08_p009,19 Пятница.,Малый театръ,unspecified,1497 р. 75 р.,1497,75,149775,149700,р. printed where the kopecks marker к. belongs (raw parse dropped the kopecks),print confirmed on the scan (docs/eval/genuine_print_typos.md; issue #109 checks 2026-09-29)
repertoire_1907-08_p024,8 Вторн.,Александринскій театръ,unspecified,1107 к. 62 к.,1107,62,110762,,к. printed where the rubles marker р. belongs,print confirmed on the scan (docs/eval/genuine_print_typos.md; issue #109 checks 2026-09-29)
repertoire_1908-09_p004,8 Понед.,Большой театръ,unspecified,3049 р. 78 р.,3049,78,304978,304900,р. printed where the kopecks marker к. belongs (raw parse dropped the kopecks),print confirmed on the scan (docs/eval/genuine_print_typos.md; issue #109 checks 2026-09-29)
repertoire_1908-09_p007,7 Вторн.,Маріинскій театръ,unspecified,"3493 р. 40 к,",3493,40,349340,349300,punctuation after к instead of a period (raw parse dropped the kopecks),print confirmed on the scan (docs/eval/genuine_print_typos.md; issue #109 checks 2026-09-29)
repertoire_1908-09_p023,14 Воскрес.,Маріинскій театръ,morning,"2650 р, 28 к.",2650,28,265028,265000,punctuation printed after р instead of a period (raw parse dropped the kopecks),print confirmed on the scan (docs/eval/genuine_print_typos.md; issue #109 checks 2026-09-29)
repertoire_1908-09_p024,18 Четвергъ.,Малый театръ,unspecified,366 р. 54 р.,366,54,36654,36600,р. printed where the kopecks marker к. belongs (raw parse dropped the kopecks),print confirmed on the scan (docs/eval/genuine_print_typos.md; issue #109 checks 2026-09-29)
repertoire_1908-09_p024,20 Суббота.,Малый театръ,unspecified,777 р. 33 р.,777,33,77733,77700,р. printed where the kopecks marker к. belongs (raw parse dropped the kopecks),print confirmed on the scan (docs/eval/genuine_print_typos.md; issue #109 checks 2026-09-29)
repertoire_1908-09_p025,28 Воскрес.,Маріинскій театръ,morning,"2286 р, 28 к.",2286,28,228628,228600,punctuation printed after р instead of a period (raw parse dropped the kopecks),print confirmed on the scan (docs/eval/genuine_print_typos.md; issue #109 checks 2026-09-29)
repertoire_1908-09_p045,31 Вторн.,Маріинскій театръ,unspecified,"2686 р, 15 к.",2686,15,268615,268600,punctuation printed after р instead of a period (raw parse dropped the kopecks),print confirmed on the scan (docs/eval/genuine_print_typos.md; issue #109 checks 2026-09-29)
repertoire_1909-10_p016,8 Воскрес.,Большой театръ,evening,2466 о. 88 к.,2466,88,246688,,о. printed where the rubles marker р. belongs,print confirmed on the scan (docs/eval/genuine_print_typos.md; issue #142 check 2026-10-09)
repertoire_1909-10_p050,21 Среда.,Малый театръ,unspecified,1425 к. 60 к.,1425,60,142560,,к. printed where the rubles marker р. belongs,print confirmed on the scan (docs/eval/genuine_print_typos.md; issue #142 check 2026-10-09)
repertoire_1910-11_p023,19 Воскрес.,Михайловскій театръ,unspecified,901 с. 80 к.,901,80,90180,,с. printed where the rubles marker р. belongs,print confirmed on the scan (docs/eval/genuine_print_typos.md; issue #142 check 2026-10-09)
