фонд/опись,дело,группа,why_of_interest,заголовок,крайние даты (RGIA),даты по описи (прочитано вручную),количество листов,ссылка,batch,date_requested,date_received,notes
Ф. 497 Оп. 18,Д. 159,Ежегодник,"Part of the Directorate's editorial archive for the «Ежегодник императорских театров» (дела 159–203 are one contiguous block), the publication the dissertation transcribes. Sales and subscriptions.",Переписка о продаже и подписка на журнал: «Ежегодник императорских театров».,,,,https://fgurgia.ru/object/2390739277,1,2026-09-22,2026-10-09,119 PDF pages; photos of a monitor (moiré); file in ~/Downloads/497-18-159.pdf
Ф. 497 Оп. 18,Д. 160,Ежегодник,"Part of the Directorate's editorial archive for the «Ежегодник императорских театров» (дела 159–203 are one contiguous block), the publication the dissertation transcribes. Sales via the Moscow office.","Переписка с московской конторой, о продаже журнала «Ежегодник императорских театров».",,,,https://fgurgia.ru/object/2390739297,1,2026-09-22,,
Ф. 497 Оп. 18,Д. 161,Ежегодник,"Part of the Directorate's editorial archive for the «Ежегодник императорских театров» (дела 159–203 are one contiguous block), the publication the dissertation transcribes. Sending the Ежегодник to the Warsaw theatres.","Переписка Дирекции с государственными – варшавскими театрами, о высылке журнала «Ежегодник».",,,,https://fgurgia.ru/object/2390739317,1,2026-09-22,,
Ф. 497 Оп. 18,Д. 162,Ежегодник,"Part of the Directorate's editorial archive for the «Ежегодник императорских театров» (дела 159–203 are one contiguous block), the publication the dissertation transcribes. Print runs of editions 1–4.","Списки количества выпусков «Ежегодника» по 1, 2, 3, 4 изданию.",,,,https://fgurgia.ru/object/2390739337,1,2026-09-22,,
Ф. 497 Оп. 18,Д. 163,Ежегодник,"Part of the Directorate's editorial archive for the «Ежегодник императорских театров» (дела 159–203 are one contiguous block), the publication the dissertation transcribes. Receiving contributions, distributing copies, payments.","О присылке материалов для журнала, рассылке изданий, и уплате денег по «Ежегоднику императорских театров».",,,,https://fgurgia.ru/object/2390739357,1,2026-09-22,,
Ф. 497 Оп. 18,Д. 164,Ежегодник,"Part of the Directorate's editorial archive for the «Ежегодник императорских театров» (дела 159–203 are one contiguous block), the publication the dissertation transcribes. Copies sold.",Переписка о количестве проданных экземпляров журнала: «Ежегодника императорских театров».,,,,https://fgurgia.ru/object/2390739382,1,2026-09-22,,
Ф. 497 Оп. 18,Д. 165,Ежегодник,"Part of the Directorate's editorial archive for the «Ежегодник императорских театров» (дела 159–203 are one contiguous block), the publication the dissertation transcribes. Publication accounts, 1899–1900 (per title).","Счета 1899-1900 гг., расходы по изданию «Ежегодника».",,,,https://fgurgia.ru/object/2390739402,1,2026-09-22,,
Ф. 497 Оп. 18,Д. 166,Ежегодник,"Part of the Directorate's editorial archive for the «Ежегодник императорских театров» (дела 159–203 are one contiguous block), the publication the dissertation transcribes. Publication budgets.",Сметы и проекты смет по изданию журнала: «Ежегодника императорских театров».,,,,https://fgurgia.ru/object/2390739422,1,2026-09-22,,
Ф. 497 Оп. 18,Д. 167,Ежегодник,"Part of the Directorate's editorial archive for the «Ежегодник императорских театров» (дела 159–203 are one contiguous block), the publication the dissertation transcribes. List of illustrations.",Список рисунков для журнала: «Ежегодник императорских театров» (не датированы).,,,,https://fgurgia.ru/object/5598671,,,,
Ф. 497 Оп. 18,Д. 168,Ежегодник,"Part of the Directorate's editorial archive for the «Ежегодник императорских театров» (дела 159–203 are one contiguous block), the publication the dissertation transcribes. Authors' fees, prices, artists' photographs, railway kiosk sales.","По «Ежегоднику императорских театров» о выплате гонорара за статьи, снижения цен на издания, фотограф. артистов для журнала, о продаже «Ежегодника» в киосках железных  дорог и другие (исходящие бумаги).",,,,https://fgurgia.ru/object/3675463,1,2026-09-22,,
Ф. 497 Оп. 18,Д. 169,Ежегодник,"Part of the Directorate's editorial archive for the «Ежегодник императорских театров» (дела 159–203 are one contiguous block), the publication the dissertation transcribes. Ministry credit of 5336 р. 72 к. for the publication.","Разрешение министерства двора об открытии кредита издательству  журнала «Ежегодник императорских театров» в размере 5336 р. 72 к., и о вычетах с подписчиков дирекции денег за журнал «Ежегодник».",,,,https://fgurgia.ru/object/2390739442,1,2026-09-22,,
Ф. 497 Оп. 18,Д. 170,Ежегодник,"Part of the Directorate's editorial archive for the «Ежегодник императорских театров» (дела 159–203 are one contiguous block), the publication the dissertation transcribes. Article materials: German troupe.",Материалы напечатанных статей в журнале «Ежегодник императорских театров» по немецкой труппе.,,,,https://fgurgia.ru/object/2390739462,,,,
Ф. 497 Оп. 18,Д. 171,Ежегодник,"Part of the Directorate's editorial archive for the «Ежегодник императорских театров» (дела 159–203 are one contiguous block), the publication the dissertation transcribes. Article materials: Moscow Russian drama troupe (title omits the word Ежегодник but sits in the block).",Материалы статей по московской русской драматической труппе.,,,,https://fgurgia.ru/object/2390739482,,,,
Ф. 497 Оп. 18,Д. 172,Ежегодник,"Part of the Directorate's editorial archive for the «Ежегодник императорских театров» (дела 159–203 are one contiguous block), the publication the dissertation transcribes. Article materials: SPb Russian drama troupe.",Материалы статей напечатанных в журнале: «Ежегодник императорских театров» по С.П.Б. русской драматической труппе.,,,,https://fgurgia.ru/object/2390739502,,,,
Ф. 497 Оп. 18,Д. 173,Ежегодник,"Part of the Directorate's editorial archive for the «Ежегодник императорских театров» (дела 159–203 are one contiguous block), the publication the dissertation transcribes. List of French plays (in the block; title omits Ежегодник).",Список французских пьес по драме.,,,,https://fgurgia.ru/object/2390739522,,,,
Ф. 497 Оп. 18,Д. 174,Ежегодник,"Part of the Directorate's editorial archive for the «Ежегодник императорских театров» (дела 159–203 are one contiguous block), the publication the dissertation transcribes. Article materials: French troupe.",Материалы статей напечатанных в журнале: «Ежегодник императорских театров» по французской труппе.,,,,https://fgurgia.ru/object/2390739542,,,,
Ф. 497 Оп. 18,Д. 175,Ежегодник,"Part of the Directorate's editorial archive for the «Ежегодник императорских театров» (дела 159–203 are one contiguous block), the publication the dissertation transcribes. Article materials: Moscow ballet troupe (drafts).",Материалы напечатанных статей в журнале: «Ежегодник императорских театров» по московской балетной труппе (черновики).,,,,https://fgurgia.ru/object/2390739562,,,,
Ф. 497 Оп. 18,Д. 176,Ежегодник,"Part of the Directorate's editorial archive for the «Ежегодник императорских театров» (дела 159–203 are one contiguous block), the publication the dissertation transcribes. Article materials: opera, ballet, drama troupes, orchestra and staging staff.","Материалы напечатанных статей в журнале: «Ежегодник императорских театров» по оперной балетной, драматической труппе оркестра, и служащих монтировочной части.",,,,https://fgurgia.ru/object/2390739582,,,,
Ф. 497 Оп. 18,Д. 177,Ежегодник,"Part of the Directorate's editorial archive for the «Ежегодник императорских театров» (дела 159–203 are one contiguous block), the publication the dissertation transcribes. Article materials: SPb and Moscow opera troupes.",Материалы статей напечатанных в журнале: «Ежегодник императорских театров»  по оперным труппам Петербурга и Москвы за сезон.,,,,https://fgurgia.ru/object/2390739605,,,,
Ф. 497 Оп. 18,Д. 178,Ежегодник,"Part of the Directorate's editorial archive for the «Ежегодник императорских театров» (дела 159–203 are one contiguous block), the publication the dissertation transcribes. Article materials: Moscow ballet troupe.",Материалы напечатанных статей в журнале «Ежегодник императорских театров» по балетной труппе московских театров за сезон.,,,,https://fgurgia.ru/object/2390739625,,,,
Ф. 497 Оп. 18,Д. 179,Ежегодник,"Part of the Directorate's editorial archive for the «Ежегодник императорских театров» (дела 159–203 are one contiguous block), the publication the dissertation transcribes. List of artists and plays performed in SPb and Moscow (in the block).",Список артистов и пьес сыгранных в спектаклях в Петербурге и Москве.,,,,https://fgurgia.ru/object/5623029,,,,
Ф. 497 Оп. 18,Д. 180,Ежегодник,"Part of the Directorate's editorial archive for the «Ежегодник императорских театров» (дела 159–203 are one contiguous block), the publication the dissertation transcribes. Article materials: opera troupes.",. Материалы статей напечатанных в журнале: «Ежегодник императорских театров» по оперным труппам Петербурга и Москвы за сезон.,,,,https://fgurgia.ru/object/2390739645,,,,
Ф. 497 Оп. 18,Д. 181,Ежегодник,"Part of the Directorate's editorial archive for the «Ежегодник императорских театров» (дела 159–203 are one contiguous block), the publication the dissertation transcribes. Copies per season, 1891–1896 (per title).",Список количества журнала: «Ежегодник императорских театров» за сезоны  1891 г. – 1896 г.,,,,https://fgurgia.ru/object/2390739665,1,2026-09-22,,
Ф. 497 Оп. 18,Д. 182,Ежегодник,"Part of the Directorate's editorial archive for the «Ежегодник императорских театров» (дела 159–203 are one contiguous block), the publication the dissertation transcribes. Illustrations for season 1891–92 (per title).",Список рисунков журнала: «Ежегодник императорских театров» сезона 1891-1892 г.,,,,https://fgurgia.ru/object/2390739685,,,,
Ф. 497 Оп. 18,Д. 183,Ежегодник,"Part of the Directorate's editorial archive for the «Ежегодник императорских театров» (дела 159–203 are one contiguous block), the publication the dissertation transcribes. Proof pulls of illustrations (160 листов).",Пробные оттиски рисунков для «Ежегодника императорских театров».,,,160,https://fgurgia.ru/object/2390739708,,,,
Ф. 497 Оп. 18,Д. 184,Ежегодник,"Part of the Directorate's editorial archive for the «Ежегодник императорских театров» (дела 159–203 are one contiguous block), the publication the dissertation transcribes. Proof pulls of illustrations.",Пробные оттиски рисунков журнала: «Ежегодник императорских театров».,,,,https://fgurgia.ru/object/2390739728,,,,
Ф. 497 Оп. 18,Д. 185,Ежегодник,"Part of the Directorate's editorial archive for the «Ежегодник императорских театров» (дела 159–203 are one contiguous block), the publication the dissertation transcribes. Proof pulls of illustrations.",Пробные оттиски рисунков журнала: «Ежегодник императорских театров».,,,,https://fgurgia.ru/object/2390739748,,,,
Ф. 497 Оп. 18,Д. 186,Ежегодник,"Part of the Directorate's editorial archive for the «Ежегодник императорских театров» (дела 159–203 are one contiguous block), the publication the dissertation transcribes. Proof pulls of illustrations.",Пробные оттиски рисунков журнала: «Ежегодник императорских театров».,,,,https://fgurgia.ru/object/2390739768,,,,
Ф. 497 Оп. 18,Д. 187,Ежегодник,"Part of the Directorate's editorial archive for the «Ежегодник императорских театров» (дела 159–203 are one contiguous block), the publication the dissertation transcribes. Proof pulls of illustrations.",Пробные оттиски рисунков журнала: «Ежегодник императорских театров».,,,,https://fgurgia.ru/object/2390739788,,,,
Ф. 497 Оп. 18,Д. 188,Ежегодник,"Part of the Directorate's editorial archive for the «Ежегодник императорских театров» (дела 159–203 are one contiguous block), the publication the dissertation transcribes. Proof pulls of illustrations.",Пробные оттиски рисунков журнала: «Ежегодник императорских театров».,,,,https://fgurgia.ru/object/2390739808,,,,
Ф. 497 Оп. 18,Д. 189,Ежегодник,"Part of the Directorate's editorial archive for the «Ежегодник императорских театров» (дела 159–203 are one contiguous block), the publication the dissertation transcribes. Register of incoming papers.","Журнал входящих бумаг, по журналу:  «Ежегодник императорских театров».",,,,https://fgurgia.ru/object/2390739828,1,2026-09-22,,
Ф. 497 Оп. 18,Д. 190,Ежегодник,"Part of the Directorate's editorial archive for the «Ежегодник императорских театров» (дела 159–203 are one contiguous block), the publication the dissertation transcribes. Register of outgoing papers.",Журнал исходящих бумаг по журналу: «Ежегодник императорских театров».,,,,https://fgurgia.ru/object/2390739848,1,2026-09-22,,
Ф. 497 Оп. 18,Д. 191,Ежегодник,"Part of the Directorate's editorial archive for the «Ежегодник императорских театров» (дела 159–203 are one contiguous block), the publication the dissertation transcribes. Eight letters to editor Baron Drizen.",Письма редактору журнала «Ежегодник императорских театров» Барону Дринзену  (восемь писем).,,,,https://fgurgia.ru/object/5598673,1,2026-09-22,,
Ф. 497 Оп. 18,Д. 192,Ежегодник,"Part of the Directorate's editorial archive for the «Ежегодник императорских театров» (дела 159–203 are one contiguous block), the publication the dissertation transcribes. Subscription to issue 2, sales of issue 1 (25 листов).",Подписка на второй выпуск «Ежегодника императорских театров и продажа первого выпуска».,,,25,https://fgurgia.ru/object/2390739871,1,2026-09-22,,
Ф. 497 Оп. 18,Д. 193,Ежегодник,"Part of the Directorate's editorial archive for the «Ежегодник императорских театров» (дела 159–203 are one contiguous block), the publication the dissertation transcribes. Performances of opera singer И.В. Тартаков 1882–1896 (in the block; 18 листов).",Список спектаклей с участием артиста оперы И. В. Тартакова за 1882-1896 гг. (будущего главного режиссера Мариинского театра),,,18,https://fgurgia.ru/object/2390739891,,,,
Ф. 497 Оп. 18,Д. 194,Ежегодник,"Part of the Directorate's editorial archive for the «Ежегодник императорских театров» (дела 159–203 are one contiguous block), the publication the dissertation transcribes. Article materials.",Материалы статей напечатанных в журнале: «Ежегодник императорских театров».,,,,https://fgurgia.ru/object/205770907,,,,
Ф. 497 Оп. 18,Д. 195,Ежегодник,"Part of the Directorate's editorial archive for the «Ежегодник императорских театров» (дела 159–203 are one contiguous block), the publication the dissertation transcribes. Article materials.",Материалы статей напечатанных в журнале: «Ежегодник императорских театров».,,,,https://fgurgia.ru/object/205770905,,,,
Ф. 497 Оп. 18,Д. 196,Ежегодник,"Part of the Directorate's editorial archive for the «Ежегодник императорских театров» (дела 159–203 are one contiguous block), the publication the dissertation transcribes. Manuscripts of printed articles.",Материалы рукописей напечатанных в  журнале: «Ежегодник императорских театров».,,,,https://fgurgia.ru/object/205770903,1,2026-09-22,,
Ф. 497 Оп. 18,Д. 197,Ежегодник,"Part of the Directorate's editorial archive for the «Ежегодник императорских театров» (дела 159–203 are one contiguous block), the publication the dissertation transcribes. Article materials.",Материалы статей напечатанных в журнале: «Ежегодник императорских театров».,,,,https://fgurgia.ru/object/3675465,,,,
Ф. 497 Оп. 18,Д. 198,Ежегодник,"Part of the Directorate's editorial archive for the «Ежегодник императорских театров» (дела 159–203 are one contiguous block), the publication the dissertation transcribes. Article materials.",Материалы статей напечатанных в журнале: «Ежегодник императорских театров».,,,,https://fgurgia.ru/object/205770900,,,,
Ф. 497 Оп. 18,Д. 199,Ежегодник,"Part of the Directorate's editorial archive for the «Ежегодник императорских театров» (дела 159–203 are one contiguous block), the publication the dissertation transcribes. Article materials.",Материалы статей напечатанных в журнале: «Ежегодник императорских театров».,,,,https://fgurgia.ru/object/205767376,,,,
Ф. 497 Оп. 18,Д. 200,Ежегодник,"Part of the Directorate's editorial archive for the «Ежегодник императорских театров» (дела 159–203 are one contiguous block), the publication the dissertation transcribes. Article materials (undated).",Материалы статей напечатанных в журнале: «Ежегодник императорских театров». (не датировано),,,,https://fgurgia.ru/object/205767374,1,2026-09-22,,
Ф. 497 Оп. 18,Д. 201,Ежегодник,"Part of the Directorate's editorial archive for the «Ежегодник императорских театров» (дела 159–203 are one contiguous block), the publication the dissertation transcribes. Unidentified manuscripts (in the block).",Неизвестные рукописи (не датировано).,,,,https://fgurgia.ru/object/205767372,,,,
Ф. 497 Оп. 18,Д. 202,Ежегодник,"Part of the Directorate's editorial archive for the «Ежегодник императорских театров» (дела 159–203 are one contiguous block), the publication the dissertation transcribes. Manuscript materials for the journal.",Рукописные материалы для журнала: «Ежегодник императорских театров» (не датировано).,,,,https://fgurgia.ru/object/5598683,1,2026-09-22,,
Ф. 497 Оп. 18,Д. 203,Ежегодник,"Part of the Directorate's editorial archive for the «Ежегодник императорских театров» (дела 159–203 are one contiguous block), the publication the dissertation transcribes. Article materials.","Материалы статей, напечатанных в журнале: «Ежегодник императорских театров».",,,,https://fgurgia.ru/object/5598679,,,,
Ф. 497 Оп. 18,Д. 808,Ежегодник,"Part of the Directorate's editorial archive for the «Ежегодник императорских театров» (дела 159–203 are one contiguous block), the publication the dissertation transcribes. Ledger of copies received and issued; filed among Литературный комитет expense files of 1891–1895.",Книга прихода и расхода экземпляров журнала «Ежегодник императорских театров».,,,,https://fgurgia.ru/object/2390751581,1,2026-09-22,,
Ф. 497 Оп. 18,Д. 1167,Ежегодник,"Part of the Directorate's editorial archive for the «Ежегодник императорских театров» (дела 159–203 are one contiguous block), the publication the dissertation transcribes. General file on the Ежегодник, 1893–1904; the only Ежегодник file RGIA dates.",О «Ежегоднике императорских театров».,17 января 1893 г. – 17 ноября 1904 г.,,,https://fgurgia.ru/object/2390759928,1,2026-09-22,,
Ф. 497 Оп. 18,Д. 1191,Ballet music,"Ballet music: composers, conductors or orchestras connected with ballet. Conductor's notes on the scenario of «Пробуждение Флоры» (Drigo ballet, 1894); possibly Drigo's own.",Заметки дирижера на сценарии балета «Пробуждение Флоры»( Le reveil de Flore).,,,,https://fgurgia.ru/object/2390760372,1,2026-09-22,,
Ф. 497 Оп. 18,Д. 1420,Ballet music,"Ballet music: composers, conductors or orchestras connected with ballet. 1896 coronation gala programme including Drigo's ballet «Жемчужина».",Программа представления в Большом театре по случаю коронования Николая II (опера М.И. Глинки «Жизнь за царя» и балет Р. Дриго «Жемчужина»).,17 мая 1896 г.,,,https://fgurgia.ru/object/2390764653,1,2026-09-22,,
Ф. 497 Оп. 18,Д. 264,Ballet music,"Ballet music: composers, conductors or orchestras connected with ballet. Contracts with capellmeisters and ballet masters.","Условия Дирекции императорских театров с капельмейстерами, режиссерами, хормейстерами, балетмейстерами, аккомпаниаторами, и суфлёрами императорских театров (копии).",,,,https://fgurgia.ru/object/2390741047,1,2026-09-22,,
Ф. 497 Оп. 18,Д. 381,Ballet music,"Ballet music: composers, conductors or orchestras connected with ballet. Orchestra lists incl. opera/ballet troupe and entr'acte music, 1890–1908 (read on the опись).","Списки артистов оркестров, оперной балетной труппы и оркестров антрактной музыки при драматических спектаклях.",,1890-1908,,https://fgurgia.ru/object/2390743109,1,2026-09-22,,
Ф. 497 Оп. 18,Д. 1168,Ballet music,"Ballet music: composers, conductors or orchestras connected with ballet. Staging-rights contracts with Glazunov and others, 1895–1913; covers the period of Glazunov's Mariinsky ballets.","Условия заключенные с кн. Барятинским, Асафьевым, Иполитовым-Ивановым, Л. Андреевым, Глазуновым, П. Гнедичем и другими на право постановки их произведений на сцене петербургских императорских театров.",7 февраля 1895 г. – 19 декабря 1913 г.,,,https://fgurgia.ru/object/3515505,1,2026-09-22,,
Ф. 497 Оп. 18,Д. 97,"Ballet, dated in period","Explicitly about ballet and dated by RGIA within 1890–1917. Includes payment for ballet shoes, 1901–1917.","Переписка по финансовым вопросам: об оплате за производственную работу; о штрафах о сложении платежа, об оплате за балетную обувь и друг.",16 января 1901 г. – 29 июня 1917 г.,,,https://fgurgia.ru/object/3575385,,,,
Ф. 497 Оп. 18,Д. 247,"Ballet, dated in period","Explicitly about ballet and dated by RGIA within 1890–1917. Authors' terms for staging plays, operas and ballets, 1896–97.","Переписка с министерством императорского двора, об условиях авторов на постановку пьес, опер и балетов.",10 января 1896 г. – 10 января 1897 г.,,,https://fgurgia.ru/object/2390740716,,,,
Ф. 497 Оп. 18,Д. 331,"Ballet, dated in period","Explicitly about ballet and dated by RGIA within 1890–1917. Fees for ballet dancer Юлия Шидловская, 1915.",Извещения о разрешении выдать артистке балетной труппы Юлии Шидловской по театру Седовой разовые за три участия 225 р.,24 ноября 1915 г.,,,https://fgurgia.ru/object/2390742218,,,,
Ф. 497 Оп. 18,Д. 480,"Ballet, dated in period","Explicitly about ballet and dated by RGIA within 1890–1917. Petersburg ballet troupe participation in performances, 1899.",Ведомости об участии Петербургском балетной труппы в спектаклях.,22 октября 1899 г.,,,https://fgurgia.ru/object/2390745064,,,,
Ф. 497 Оп. 18,Д. 481,"Ballet, dated in period","Explicitly about ballet and dated by RGIA within 1890–1917. Petersburg ballet troupe participation in performances, 1900.",Ведомости об участии Петербургской балетной труппы в спектаклях.,2 января – 3 мая 1900 г.,,,https://fgurgia.ru/object/2390745084,,,,
Ф. 497 Оп. 18,Д. 625,"Ballet, dated in period","Explicitly about ballet and dated by RGIA within 1890–1917. Монтировка of «Ученики Дюпре», 1899.",Монтировка балета «Ученики Дюпре».,11 ноября 1899 г.,,2,https://fgurgia.ru/object/2390748019,,,,
Ф. 497 Оп. 18,Д. 627,"Ballet, dated in period","Explicitly about ballet and dated by RGIA within 1890–1917. Монтировка of «Маркобомба», 1899.",Монтировка комического балета: «Маркобомба».,23 ноября 1899 г.,,,https://fgurgia.ru/object/2390748067,,,,
Ф. 497 Оп. 18,Д. 630,"Ballet, dated in period","Explicitly about ballet and dated by RGIA within 1890–1917. Монтировка of «Корсар», 1899.",Монтировка балета «Корсар» (исправлено и донесено).,12 ноября 1899 г.,,,https://fgurgia.ru/object/2390748127,,,,
Ф. 497 Оп. 18,Д. 631,"Ballet, dated in period","Explicitly about ballet and dated by RGIA within 1890–1917. Монтировка of «Сильвия», 1899.",Монтировка балета «Сильвия».,20 мая 1899 г.,,,https://fgurgia.ru/object/2390748147,,,,
Ф. 497 Оп. 18,Д. 550,Ballet troupe & personnel,"Records of the ballet troupe's artists, contracts, pensions or participation in performances. Moscow ballet troupe artists (104 листов).",Список артистов балетной труппы императорских московских театров.,,,104,https://fgurgia.ru/object/2390746441,,,,
Ф. 497 Оп. 18,Д. 540,Ballet troupe & personnel,"Records of the ballet troupe's artists, contracts, pensions or participation in performances. Ballet troupe artists.",Список артистов балетной труппы.,,,,https://fgurgia.ru/object/2390746281,,,,
Ф. 497 Оп. 18,Д. 456,Ballet troupe & personnel,"Records of the ballet troupe's artists, contracts, pensions or participation in performances. Contracts with ballet artists, surnames Б, Г, Ж, К, М.","Копии контрактов Дирекции императорских театров с артистами балетной труппы «Б», «Г», «Ж», «К», «М».",,,,https://fgurgia.ru/object/5625925,,,,
Ф. 497 Оп. 18,Д. 671,Ballet troupe & personnel,"Records of the ballet troupe's artists, contracts, pensions or participation in performances. Ballet artists' participation in performances.",Ведомость об участии артистов балетной труппы в спектаклях.,,,,https://fgurgia.ru/object/2390748821,1,2026-09-22,,
Ф. 497 Оп. 18,Д. 1063,Ballet troupe & personnel,"Records of the ballet troupe's artists, contracts, pensions or participation in performances. Numbers of corps de ballet dancers in performances.",Число участвующих в спектаклях кордебалетных артистов.,,,,https://fgurgia.ru/object/2390758035,,,,
Ф. 497 Оп. 18,Д. 250,Ballet troupe & personnel,"Records of the ballet troupe's artists, contracts, pensions or participation in performances. Opera and ballet cast lists sent to Baron Kusov.","Списки участвующих артистов в операх и балетах, присланные чиновнику особых поручений при директоре императорских театров, барону Кусову.",,,,https://fgurgia.ru/object/2390740776,,,,
Ф. 497 Оп. 18,Д. 302,Ballet troupe & personnel,"Records of the ballet troupe's artists, contracts, pensions or participation in performances. Mariinsky requests for ballet-school pupils for performances.",Требования режиссеров Мариинского театра в театральное балетное училище на присылку учеников для спектаклей.,,,,https://fgurgia.ru/object/2390741701,,,,
Ф. 497 Оп. 18,Д. 330,Ballet troupe & personnel,"Records of the ballet troupe's artists, contracts, pensions or participation in performances. Long-service pensions for ballet artists.",Рапорта о назначении пенсии за выслугу лет артистам балетной труппы.,,,,https://fgurgia.ru/object/2390742198,,,,
Ф. 497 Оп. 18,Д. 367,Ballet troupe & personnel,"Records of the ballet troupe's artists, contracts, pensions or participation in performances. Moscow ballet troupe, 1907 (read on the опись).",Сведения о комитете артистов в балетной труппе московских театров.,,1907 г.,,https://fgurgia.ru/object/2390742852,,,,
Ф. 497 Оп. 18,Д. 73,Ballet troupe & personnel,"Records of the ballet troupe's artists, contracts, pensions or participation in performances. Self-government bodies elected by the Petrograd ballet troupe (1914 or later).","Список лиц, избранных в органы самоуправления, государственной Петроградской балетной труппой.",,,,https://fgurgia.ru/object/2390737960,,,,
Ф. 497 Оп. 18,Д. 695,Ballet productions & staging,"Production (монтировка), staging or cost records for ballets. Petipa's staging plans for «Лебединое озеро», «Пробуждение Флоры», «Привал кавалерии».","Планы постановок балетов  М. Петипа «Лебединое озеро», «Пробуждение флоры», «Привал кавалерии».",,,4,https://fgurgia.ru/object/3390491,,,,
Ф. 497 Оп. 18,Д. 611,Ballet productions & staging,"Production (монтировка), staging or cost records for ballets. Монтировка of «Катарина», «Камарго», «Фея кукол», «Фераморс», «Эсмеральда», «Ночь в Египте», «Млада» (75 листов). «Ночь в Египте» is likely Arensky's ballet (later «Египетские ночи», Fokine 1908); the only Arensky-related title in оп. 18.","Монтировка балетов: «Катарина», «Камарго», «Фея кукол», «Фераморс», «Эсмеральда», «Ночь в Египте», «Млада».",,,75,https://fgurgia.ru/object/6897593,,,,
Ф. 497 Оп. 18,Д. 637 Б,Ballet productions & staging,"Production (монтировка), staging or cost records for ballets. Stage plans for «Жизель», «Коппелия», «Лебединое озеро», «Тщетная предосторожность». Request Б, not А (А is opera).","Монтировки балетов планы-сцены:«Жизель», «Коппелия», «Лебединое озеро», «Тщетная предосторожность», оперы: «Гугеноты», «Фауст» «Юдифь».",,,,https://fgurgia.ru/object/3390481,,,,
Ф. 497 Оп. 18,Д. 639,Ballet productions & staging,"Production (монтировка), staging or cost records for ballets. Stage plans for ballets (unnamed).",Монтировка балетов планы-сцены.,,,,https://fgurgia.ru/object/2390748307,,,,
Ф. 497 Оп. 18,Д. 610,Ballet productions & staging,"Production (монтировка), staging or cost records for ballets. Mixed монтировка incl. ballet «Грациелла» (1900); 1889–1907 on the опись.","Монтировка пьес «Царь Борис» (1889), «Василиса Мелентьева» (1890), балет «Грациелла» (1900), «Высшая школа» (1903), «Благодетели человечества» (1904), «Кавказский пленник» (1907), «Царская невеста».",,1889-1907,,https://fgurgia.ru/object/2390747773,,,,
Ф. 497 Оп. 18,Д. 616,Ballet productions & staging,"Production (монтировка), staging or cost records for ballets. Монтировка incl. ballets «Волшебное зеркало», «Коппелия».","Монтировка пьес: балет «Волшебное зеркало», «Коппелия», опера «Князь Игорь», «Женитьба».",,,,https://fgurgia.ru/object/6761619,1,2026-09-22,,
Ф. 497 Оп. 18,Д. 635,Ballet productions & staging,"Production (монтировка), staging or cost records for ballets. Монтировка incl. «Влюбленная Баядерка».","Монтировка пьес: опера «Ермак», «Лоэнгрин», «Влюбленная Баядерка», «Аммалат Бек», «Голубая георгина».",,,,https://fgurgia.ru/object/2390748227,,,,
Ф. 497 Оп. 18,Д. 691,Ballet productions & staging,"Production (монтировка), staging or cost records for ballets. Ballets staged at the Mariinsky.",Список балетов поставленных в Мариинском театре.,,,,https://fgurgia.ru/object/2390749182,,,,
Ф. 497 Оп. 18,Д. 641,Ballet productions & staging,"Production (монтировка), staging or cost records for ballets. Staging costs for opera, ballet, drama; 1911–1912 on the опись.",Стоимость постановок спектаклей по опере балету и драме.,,1911-1912,,https://fgurgia.ru/object/3645279,,,,
Ф. 497 Оп. 18,Д. 1176,Ballet productions & staging,"Production (монтировка), staging or cost records for ballets. Production costs for opera, ballet, drama, seasons 1904–1917 (per title).","Ведомости расходов на постановку опер, балетов, русских и французских драм за сезоны 1904-1917 гг.",,,,https://fgurgia.ru/object/2390760088,,,,
Ф. 497 Оп. 18,Д. 770,Ballet productions & staging,"Production (монтировка), staging or cost records for ballets. Projected budget of the opera and ballet troupe, 1915–16 (per title).",Предполагаемый расход по содержанию оперной балетной труппы 1915 -1916 гг.,,,7,https://fgurgia.ru/object/2390750746,,,,
Ф. 497 Оп. 18,Д. 1172,Ballet productions & staging,"Production (монтировка), staging or cost records for ballets. Costumes and tights sent to Moscow for «Дон Кихот» (17 листов).","Списки костюмов, трико, белья и вещей, отправленных из Петербурга в Москву для балета «Дон Кихот » и из опер «Жизнь за царя», «Борис Годунов» и «Фауст».",,,17,https://fgurgia.ru/object/2390760008,,,,
Ф. 497 Оп. 18,Д. 696,Ballet productions & staging,"Production (монтировка), staging or cost records for ballets. Props for plays, operas and ballets.","Реквизиты для пьес, опер и балетов.",,,,https://fgurgia.ru/object/2390749279,1,2026-09-22,,
Ф. 497 Оп. 18,Д. 732,Ballet productions & staging,"Production (монтировка), staging or cost records for ballets. Dance shoes received and issued for performances.",Сведения о полученной танцевальной обуви в материальный склад Дирекции императорских театров и о выдаче для спектаклей.,,,,https://fgurgia.ru/object/2390749995,,,,
Ф. 497 Оп. 18,Д. 206,Service records (формулярные списки),"Alphabetical service records of Directorate employees; where personal records of Petipa, Ivanov, Fokine and other ballet staff would be, if they survive in this опись. Undated.",Выписки из формулярных  списков  служащих дирекции императорских театров.,,,,https://fgurgia.ru/object/2390739951,,,,
Ф. 497 Оп. 18,Д. 209,Service records (формулярные списки),"Alphabetical service records of Directorate employees; where personal records of Petipa, Ivanov, Fokine and other ballet staff would be, if they survive in this опись. Undated.",Выписки из формулярных списков служащих Дирекции императорских театров. «Б».,,,,https://fgurgia.ru/object/2390740011,,,,
Ф. 497 Оп. 18,Д. 210,Service records (формулярные списки),"Alphabetical service records of Directorate employees; where personal records of Petipa, Ivanov, Fokine and other ballet staff would be, if they survive in this опись. Undated.",Выписки из формулярных списков служащих Дирекции императорских театров. «В».,,,,https://fgurgia.ru/object/2390740045,,,,
Ф. 497 Оп. 18,Д. 211,Service records (формулярные списки),"Alphabetical service records of Directorate employees; where personal records of Petipa, Ivanov, Fokine and other ballet staff would be, if they survive in this опись. Undated.",Выписки из формулярных списков служащих Дирекции императорских театров. «Г».,,,,https://fgurgia.ru/object/2390740068,,,,
Ф. 497 Оп. 18,Д. 212,Service records (формулярные списки),"Alphabetical service records of Directorate employees; where personal records of Petipa, Ivanov, Fokine and other ballet staff would be, if they survive in this опись. Undated. Letters «Д»–«И»: where an Ivanov service record would be filed.","Выписки из формулярных списков служащих Дирекции императорских театров. «Д», «Е», «Ж», «З», «И».",,,,https://fgurgia.ru/object/2390740088,,,,
Ф. 497 Оп. 18,Д. 213,Service records (формулярные списки),"Alphabetical service records of Directorate employees; where personal records of Petipa, Ivanov, Fokine and other ballet staff would be, if they survive in this опись. Undated.",Выписки из формулярных списков служащих Дирекции императорских театров. «К».,,,,https://fgurgia.ru/object/3668343,,,,
Ф. 497 Оп. 18,Д. 214,Service records (формулярные списки),"Alphabetical service records of Directorate employees; where personal records of Petipa, Ivanov, Fokine and other ballet staff would be, if they survive in this опись. Undated.","Выписки из формулярных списков служащих Дирекции императорских театров.  «Л», «М».",,,,https://fgurgia.ru/object/2390740108,,,,
Ф. 497 Оп. 18,Д. 215,Service records (формулярные списки),"Alphabetical service records of Directorate employees; where personal records of Petipa, Ivanov, Fokine and other ballet staff would be, if they survive in this опись. Undated.","Выписки из формулярных списков служащих Дирекции императорских театров.  «Н», «О».",,,,https://fgurgia.ru/object/2390740128,,,,
Ф. 497 Оп. 18,Д. 216,Service records (формулярные списки),"Alphabetical service records of Directorate employees; where personal records of Petipa, Ivanov, Fokine and other ballet staff would be, if they survive in this опись. Undated. Letter «П»: where a Petipa service record would be filed.",Выписки из формулярных списков служащих Дирекции императорских театров.  «П».,,,,https://fgurgia.ru/object/2390740148,,,,
Ф. 497 Оп. 18,Д. 217,Service records (формулярные списки),"Alphabetical service records of Directorate employees; where personal records of Petipa, Ivanov, Fokine and other ballet staff would be, if they survive in this опись. Undated.",Выписки из формулярных списков служащих Дирекции императорских театров.  «Р».,,,,https://fgurgia.ru/object/2390740169,,,,
Ф. 497 Оп. 18,Д. 218,Service records (формулярные списки),"Alphabetical service records of Directorate employees; where personal records of Petipa, Ivanov, Fokine and other ballet staff would be, if they survive in this опись. Undated.",Выписки из формулярных списков служащих Дирекции императорских театров.  «С»,,,,https://fgurgia.ru/object/2390740205,,,,
Ф. 497 Оп. 18,Д. 219,Service records (формулярные списки),"Alphabetical service records of Directorate employees; where personal records of Petipa, Ivanov, Fokine and other ballet staff would be, if they survive in this опись. Undated. Letters «Т»–«Х»: where a Fokine service record would be filed.","Выписки из формулярных списков служащих Дирекции императорских театров.  «Т», «У», «Ф», «Х».",,,,https://fgurgia.ru/object/3654781,,,,
Ф. 497 Оп. 18,Д. 220,Service records (формулярные списки),"Alphabetical service records of Directorate employees; where personal records of Petipa, Ivanov, Fokine and other ballet staff would be, if they survive in this опись. Undated.","Выписки из формулярных списков служащих Дирекции императорских театров.  «Ц», «Ч», «Ш»",,,,https://fgurgia.ru/object/4507079,,,,
Ф. 497 Оп. 18,Д. 221,Service records (формулярные списки),"Alphabetical service records of Directorate employees; where personal records of Petipa, Ivanov, Fokine and other ballet staff would be, if they survive in this опись. Undated.","Выписки из формулярных списков служащих Дирекции императорских театров.  «Э», «Ю», «Я».",,,,https://fgurgia.ru/object/2390740225,,,,
Ф. 497 Оп. 18,Д. 222,Service records (формулярные списки),"Alphabetical service records of Directorate employees; where personal records of Petipa, Ivanov, Fokine and other ballet staff would be, if they survive in this опись. Undated.",Копии формулярных списков служащих Дирекции императорских театров «А».,,,,https://fgurgia.ru/object/2390740245,,,,
Ф. 497 Оп. 18,Д. 223,Service records (формулярные списки),"Alphabetical service records of Directorate employees; where personal records of Petipa, Ivanov, Fokine and other ballet staff would be, if they survive in this опись. Undated.","Копии формулярных списков служащих Дирекции императорских театров «Б», «В», «Г».",,,,https://fgurgia.ru/object/4511113,,,,
Ф. 497 Оп. 18,Д. 224,Service records (формулярные списки),"Alphabetical service records of Directorate employees; where personal records of Petipa, Ivanov, Fokine and other ballet staff would be, if they survive in this опись. Undated.","Копии формулярных списков служащих Дирекции императорских театров. «Д», «Е», «З».",,,,https://fgurgia.ru/object/2390740266,,,,
Ф. 497 Оп. 18,Д. 225,Service records (формулярные списки),"Alphabetical service records of Directorate employees; where personal records of Petipa, Ivanov, Fokine and other ballet staff would be, if they survive in this опись. Undated. Letters «И», «К»: Ivanov.","Копии формулярных списков служащих Дирекции императорских театров «И», «К».",,,,https://fgurgia.ru/object/3668341,,,,
Ф. 497 Оп. 18,Д. 226,Service records (формулярные списки),"Alphabetical service records of Directorate employees; where personal records of Petipa, Ivanov, Fokine and other ballet staff would be, if they survive in this опись. Undated.","Копии формулярных списков служащих Дирекции императорских театров «Л», «М», «Н».",,,,https://fgurgia.ru/object/2390740302,,,,
Ф. 497 Оп. 18,Д. 227,Service records (формулярные списки),"Alphabetical service records of Directorate employees; where personal records of Petipa, Ivanov, Fokine and other ballet staff would be, if they survive in this опись. Undated. Letters «О»–«Р»: Petipa.","Копии формулярных списков служащих Дирекции императорских театров «О», «П», «Р».",,,,https://fgurgia.ru/object/2390740322,,,,
Ф. 497 Оп. 18,Д. 228,Service records (формулярные списки),"Alphabetical service records of Directorate employees; where personal records of Petipa, Ivanov, Fokine and other ballet staff would be, if they survive in this опись. Undated.","Копии формулярных списков служащих Дирекции императорских театров «С», «Т».",,,,https://fgurgia.ru/object/2390740342,,,,
Ф. 497 Оп. 18,Д. 229,Service records (формулярные списки),"Alphabetical service records of Directorate employees; where personal records of Petipa, Ivanov, Fokine and other ballet staff would be, if they survive in this опись. Undated. Letters «У»–«Щ»: Fokine.","Копии формулярных списков служащих Дирекции императорских театров «У», «Ф», «Х», «Ч», «Ш», «Щ».",,,,https://fgurgia.ru/object/3654783,,,,
Ф. 497 Оп. 18,Д. 476,Artist & staff lists covering ballet,Lists or payroll of artists that cover all troupes including ballet; generic titles that may include Petipa/Ivanov/Fokine material without naming them.,"Списки служащих и артистов императорских театров, представляемых к утверждению.",,,,https://fgurgia.ru/object/2390744992,,,,
Ф. 497 Оп. 18,Д. 516,Artist & staff lists covering ballet,Lists or payroll of artists that cover all troupes including ballet; generic titles that may include Petipa/Ivanov/Fokine material without naming them.,Списки личного состава артистов императорских петербургских театров.,,,,https://fgurgia.ru/object/2390745851,,,,
Ф. 497 Оп. 18,Д. 517,Artist & staff lists covering ballet,Lists or payroll of artists that cover all troupes including ballet; generic titles that may include Petipa/Ivanov/Fokine material without naming them.,Списки личного состава артистов императорских петербургских театров.,,,,https://fgurgia.ru/object/2390745871,,,,
Ф. 497 Оп. 18,Д. 1232,Artist & staff lists covering ballet,"Lists or payroll of artists that cover all troupes including ballet; generic titles that may include Petipa/Ivanov/Fokine material without naming them. Alphabetical list of artists, late 19th c.",Алфавит артистов императорских театров. конец XIX в.,,,,https://fgurgia.ru/object/2390761096,,,,
Ф. 497 Оп. 18,Д. 1011,Artist & staff lists covering ballet,Lists or payroll of artists that cover all troupes including ballet; generic titles that may include Petipa/Ivanov/Fokine material without naming them. Casts of performances.,Списки артистов участвовавших в спектаклях.,,,,https://fgurgia.ru/object/205744784,,,,
Ф. 497 Оп. 18,Д. 1157,Artist & staff lists covering ballet,"Lists or payroll of artists that cover all troupes including ballet; generic titles that may include Petipa/Ivanov/Fokine material without naming them. Artists' and staff pay lists, 1880–1905 (read on the опись).",Списки артистов и служащих на выдачу жалованья.,,1880-1905,,https://fgurgia.ru/object/2390759727,,,,
Ф. 497 Оп. 18,Д. 1336,Artist & staff lists covering ballet,Lists or payroll of artists that cover all troupes including ballet; generic titles that may include Petipa/Ivanov/Fokine material without naming them. 1908 payroll incl. ballet artists.,"Требовательные ведомости на выдачу содержания артистам русской драматической труппы и хору русской оперы и добавочного вознаграждения вольнонаемным музыкантам, артистам придворного оркестра и артистам балета.",январь – декабрь 1908 г.,,,https://fgurgia.ru/object/2390763110,,,,
Ф. 497 Оп. 18,Д. 1350,Artist & staff lists covering ballet,Lists or payroll of artists that cover all troupes including ballet; generic titles that may include Petipa/Ivanov/Fokine material without naming them. 1912 payroll incl. the ballet troupe.,"Требовательные ведомости на выдачу содержания поспектакльной платы артистам и служащим оперной, русской драматической, балетной и французской трупп, хористам и артистам оркестра и служащим Центральной музыкальной библиотеки.",январь-декабрь 1912 г.,,,https://fgurgia.ru/object/2390763390,,,,
Ф. 497 Оп. 18,Д. 1356,Artist & staff lists covering ballet,"Lists or payroll of artists that cover all troupes including ballet; generic titles that may include Petipa/Ivanov/Fokine material without naming them. 1912 lists of opera, drama, ballet and French troupe artists (staff since 1867).","Списки артистов оперной, драматической, балетной и французской трупп императорских петербургских театров и служащих Московской конторы императорских театров. Упоминаются поступившие с 1867 г.",ноябрь 1912 г.,,,https://fgurgia.ru/object/205744781,,,,
Ф. 497 Оп. 18,Д. 1366,Artist & staff lists covering ballet,"Lists or payroll of artists that cover all troupes including ballet; generic titles that may include Petipa/Ivanov/Fokine material without naming them. Lists of opera, drama, ballet, French troupe artists and staging/wardrobe staff.","Списки артистов оперной, драматической балетной и французской трупп, постановочной, бутафорской и гардеробной частей и списки сторожей, дворников и водопроводчиков Дирекции императорских театров.
Упоминаются поступившие с1857 г.",,,,https://fgurgia.ru/object/205738222,,,,
Ф. 497 Оп. 18,Д. 1376,Artist & staff lists covering ballet,Lists or payroll of artists that cover all troupes including ballet; generic titles that may include Petipa/Ivanov/Fokine material without naming them. Salary scales of ballet and French troupe artists.,Ведомости окладов содержания артистов балетной и французской трупп и служащих постановочной части.,,,,https://fgurgia.ru/object/2390763873,,,,
Ф. 497 Оп. 18,Д. 383,Artist & staff lists covering ballet,Lists or payroll of artists that cover all troupes including ballet; generic titles that may include Petipa/Ivanov/Fokine material without naming them.,Списки служащих Дирекции императорских театров.,,,,https://fgurgia.ru/object/2390743187,,,,
Ф. 497 Оп. 18,Д. 385,Artist & staff lists covering ballet,Lists or payroll of artists that cover all troupes including ballet; generic titles that may include Petipa/Ivanov/Fokine material without naming them.,Списки служащих Дирекции императорских театров.,,,,https://fgurgia.ru/object/2390743229,,,,
Ф. 497 Оп. 18,Д. 386,Artist & staff lists covering ballet,Lists or payroll of artists that cover all troupes including ballet; generic titles that may include Petipa/Ivanov/Fokine material without naming them.,Списки служащих Дирекции императорских театров.,,,,https://fgurgia.ru/object/2390743249,,,,
Ф. 497 Оп. 18,Д. 522,Artist & staff lists covering ballet,Lists or payroll of artists that cover all troupes including ballet; generic titles that may include Petipa/Ivanov/Fokine material without naming them.,Списки личного состава служащих при Дирекции императорских театров.,1 сентября 1890 г.,,,https://fgurgia.ru/object/2390745951,,,,
Ф. 497 Оп. 18,Д. 667,Repertoire of the Imperial Theatres,"Repertoire records, which would show which ballets were performed.",Репертуары императорских театров.,,,,https://fgurgia.ru/object/2390748724,,,,
Ф. 497 Оп. 18,Д. 681,Repertoire of the Imperial Theatres,"Repertoire records, which would show which ballets were performed.",Репертуар императорских театров.,7 апреля 1914 г.,,,https://fgurgia.ru/object/2390749018,,,,
Ф. 497 Оп. 18,Д. 683,Repertoire of the Imperial Theatres,"Repertoire records, which would show which ballets were performed.",Репертуар императорских театров.,,,,https://fgurgia.ru/object/2390749058,,,,
Ф. 497 Оп. 18,Д. 684,Repertoire of the Imperial Theatres,"Repertoire records, which would show which ballets were performed.",Репертуар императорских театров.,,,,https://fgurgia.ru/object/2390749082,,,,
Ф. 497 Оп. 18,Д. 685,Repertoire of the Imperial Theatres,"Repertoire records, which would show which ballets were performed.",Репертуар императорских театров.,,,,https://fgurgia.ru/object/6903969,,,,
Ф. 497 Оп. 18,Д. 1322,Golovin: designers' accounts,"Payroll and designers' accounts in the series that names А.Я. Головин (named in 1907 and 1908; 1905–06 are consecutive years of the same record). Same series, 1905 (Янов named).",Требовательные ведомости на выдачу задельной платы вольнонаемным рабочим бутафорской мастерской и кладовых и счета декоратора Янова.,январь-ноябрь 1905 г.,,,https://fgurgia.ru/object/5726097,1,2026-09-22,,
Ф. 497 Оп. 18,Д. 1326,Golovin: designers' accounts,"Payroll and designers' accounts in the series that names А.Я. Головин (named in 1907 and 1908; 1905–06 are consecutive years of the same record). Same series, 1906 (Янов named).","Требовательные ведомости на выдачу содержания декораторам и их помощникам, вольнонаемным рабочим бутафорской мастерской и счета декоратора Янова.",январь-декабрь 1906 г.,,,https://fgurgia.ru/object/2390762921,1,2026-09-22,,
Ф. 497 Оп. 18,Д. 1331,Golovin: designers' accounts,"Payroll and designers' accounts in the series that names А.Я. Головин (named in 1907 and 1908; 1905–06 are consecutive years of the same record). Names Головин, 1907.","Требовательные ведомости на выдачу содержания рабочим постановочного отделения и бутафорских кладовых и счета декораторов Шерванидзе, Головина и Янова.",январь-декабрь 1907 г.,,,https://fgurgia.ru/object/2390763030,1,2026-09-22,,
Ф. 497 Оп. 18,Д. 1335,Golovin: designers' accounts,"Payroll and designers' accounts in the series that names А.Я. Головин (named in 1907 and 1908; 1905–06 are consecutive years of the same record). Names Головин, 1908.","Требовательные ведомости на выдачу содержания поденным плотникам, рабочим бутафорских кладовых и счета декораторов Головина, Шевашидзе и Янова.",январь - декабрь 1908 г.,,,https://fgurgia.ru/object/5726099,1,2026-09-22,,
Ф. 497 Оп. 18,Д. 1106,Designers named,"Accounts of named scenic designers who worked on Imperial ballet productions. Accounts of Коровин, designers Ширяев and Иванов, artist Бенц.","Счета академика: Коровина, декораторов Ширяева, Иванова, художника Бенца.",,,,https://fgurgia.ru/object/2390758958,,,,
Ф. 497 Оп. 18,Д. 1107,Designers named,"Accounts of named scenic designers who worked on Imperial ballet productions. Accounts of Аллегри and Ламбин, scene painters on many late Petipa ballets.",Счета декораторов Аллегри и Ламбина.,,,,https://fgurgia.ru/object/2390758981,,,,
Ф. 497 Оп. 18,Д. 642,Costume & scenery design materials,"Costume or scenery design and materials, including for ballet. Album of drawings of costumes, swords etc. (undated on the опись).","Альбом рисунков, костюмов, шпаг и др.",,без даты (undated on the опись too),,https://fgurgia.ru/object/2390748347,,,,
Ф. 497 Оп. 18,Д. 749,Costume & scenery design materials,"Costume or scenery design and materials, including for ballet. Wardrobe workshop materials for opera and ballet, 1889–1890 (read on the опись).",Выборки из книги мастерских на отпущенный материал из склада гардеробных мастерских для опер и балета.,,1889-1890,,https://fgurgia.ru/object/2390750309,,,,
Ф. 497 Оп. 18,Д. 747,Costume & scenery design materials,"Costume or scenery design and materials, including for ballet. Machinists' requests for more time to set scenery for new productions, 1887–1890s.",Рапорты машинистов Мариинского и Михайловского театров об увеличении времени для устройства декораций к постановкам новых спектаклей.,,1887-189? (last digit unclear),,https://fgurgia.ru/object/2390750269,,,,
Ф. 497 Оп. 18,Д. 722,Costume & scenery design materials,"Costume or scenery design and materials, including for ballet. Materials issued to designers from the production store.",Подробная выборка из журнала отпуска материалов монтировочного склада Дирекции императорских театров декораторами.,,,,https://fgurgia.ru/object/2390749778,,,,
Ф. 497 Оп. 18,Д. 380,Wardrobe & scenery staff lists,"Lists of the wardrobe and scenery departments' staff, i.e. the costumers and scene painters who worked on all productions including ballet. Staff lists incl. wardrobe and scenery departments, 1889–1898 (read on the опись).","Списки служащих Дирекции императорских театров: электрического освещения гардеробной части, постановочной, парикмахерской, декорационной и отоплению.",,1889-1898,,https://fgurgia.ru/object/2390743089,,,,
Ф. 497 Оп. 18,Д. 501,Wardrobe & scenery staff lists,"Lists of the wardrobe and scenery departments' staff, i.e. the costumers and scene painters who worked on all productions including ballet.",Состав служащих декорационной части.,,,,https://fgurgia.ru/object/2390745524,,,,
Ф. 497 Оп. 18,Д. 526,Wardrobe & scenery staff lists,"Lists of the wardrobe and scenery departments' staff, i.e. the costumers and scene painters who worked on all productions including ballet.",Список лиц служащих по гардеробной части.,,,,https://fgurgia.ru/object/2390746031,,,,
Ф. 497 Оп. 18,Д. 530,Wardrobe & scenery staff lists,"Lists of the wardrobe and scenery departments' staff, i.e. the costumers and scene painters who worked on all productions including ballet.",Список служащих по гардеробному отделу.,,,,https://fgurgia.ru/object/2390746117,,,,
Ф. 497 Оп. 18,Д. 545,Wardrobe & scenery staff lists,"Lists of the wardrobe and scenery departments' staff, i.e. the costumers and scene painters who worked on all productions including ballet.",Список служащих по декорационной части и бутафорской.,,,,https://fgurgia.ru/object/2390746361,,,,
Ф. 497 Оп. 18,Д. 1301,Wardrobe & scenery staff lists,"Lists of the wardrobe and scenery departments' staff, i.e. the costumers and scene painters who worked on all productions including ballet.",Списки артистов русской оперы и служащих и рабочих монтировочной и гардеробной частей. Упоминаются поступившие с 1896 г.,,,,https://fgurgia.ru/object/2390762460,,,,
Ф. 497 Оп. 18,Д. 1333,Wardrobe & scenery staff lists,"Lists of the wardrobe and scenery departments' staff, i.e. the costumers and scene painters who worked on all productions including ballet.","Списки музыкантов антрактной музыки, служащих постановочной, гардеробной и других частей императорских петербургских и московских театров. Упоминаются поступившие в 1874 г.",,,,https://fgurgia.ru/object/2390763070,,,,
Ф. 497 Оп. 18,Д. 757,Costumers / wardrobe masters (гардеробмейстеры),"Reports and pay records of costumers and wardrobe masters, who dressed artists for all productions including ballet.",Рапорта зав. Костюмерной мастерской о разрешении нанять поденных рабочих.,28 апреля 1900 г. – 7 декабря 1901 г.,,,https://fgurgia.ru/object/2390750469,,,,
Ф. 497 Оп. 18,Д. 759,Costumers / wardrobe masters (гардеробмейстеры),"Reports and pay records of costumers and wardrobe masters, who dressed artists for all productions including ballet.",Требования гардеробмейстеров на присылку портных для одевания артистов.,28 декабря 1902 г. – 2 мая 1905 г.,,,https://fgurgia.ru/object/2390750509,1,2026-09-22,,
Ф. 497 Оп. 18,Д. 771,Costumers / wardrobe masters (гардеробмейстеры),"Reports and pay records of costumers and wardrobe masters, who dressed artists for all productions including ballet.",Табеля работы по костюмерным мастерским при императорских театрах.,февраль 1915 г. – апрель 1917 г.,,,https://fgurgia.ru/object/2390750783,,,,
Ф. 497 Оп. 18,Д. 1171,Costumers / wardrobe masters (гардеробмейстеры),"Reports and pay records of costumers and wardrobe masters, who dressed artists for all productions including ballet.",Рапорты служащих гардеробной части императорских театров.,31 августа – 14 декабря 1901 г.,,,https://fgurgia.ru/object/2390759988,,,,
Ф. 497 Оп. 18,Д. 1281,Costumers / wardrobe masters (гардеробмейстеры),"Reports and pay records of costumers and wardrobe masters, who dressed artists for all productions including ballet.",Списки служащих монтировочной и гардеробной частей и бутафорской мастерской на получении задельной платы и наградных денег и рапорты гардеробмейстеров на выдачу поденной платы портным.,январь 1898 г. – апрель 1899 г.,,,https://fgurgia.ru/object/2390762057,,,,
Ф. 497 Оп. 18,Д. 1288,Costumers / wardrobe masters (гардеробмейстеры),"Reports and pay records of costumers and wardrobe masters, who dressed artists for all productions including ballet.",Требовательная ведомость на выдачу процентов с капитала Кондратьева Г. хористам русской оперы. Рапорта гардеробмейстеров на выдачу поденной платы вольнонаемным портным Мариинского театра.,1 января – 16 декабря 1900 г.,,,https://fgurgia.ru/object/2390762197,,,,
Ф. 497 Оп. 18,Д. 1289,Costumers / wardrobe masters (гардеробмейстеры),"Reports and pay records of costumers and wardrobe masters, who dressed artists for all productions including ballet.",Рапорта гардеробмейстеров на выдачу поденной платы вольнонаемным Мариинского театра.,1 января – 16 декабря 1900 г.,,,https://fgurgia.ru/object/2390762217,,,,
Ф. 497 Оп. 18,Д. 1293,Costumers / wardrobe masters (гардеробмейстеры),"Reports and pay records of costumers and wardrobe masters, who dressed artists for all productions including ballet.","Требовательные ведомости на выдачу содержания гардеробмейстерам, костюмерам, их помощникам и задельной платы вольнонаёмным портным и разборщикам при гардеробных  мастерских.",февраль-декабрь 1900 г.,,,https://fgurgia.ru/object/2390762297,,,,
Ф. 497 Оп. 18,Д. 1303,Costumers / wardrobe masters (гардеробмейстеры),"Reports and pay records of costumers and wardrobe masters, who dressed artists for all productions including ballet.",Требовательные ведомости на выдачу содержания костюмерам и их помощникам и задельной платы вольнонаемным портным.,февраль-июль 1902 г.,,,https://fgurgia.ru/object/2390762500,1,2026-09-22,,
Ф. 497 Оп. 18,Д. 1320,Costumers / wardrobe masters (гардеробмейстеры),"Reports and pay records of costumers and wardrobe masters, who dressed artists for all productions including ballet.",Рапорта гардеробмейстеров на выдачу поденной платы вольнонаемным потным Мариинского театра.,16 января – декабрь 1905 г.,,,https://fgurgia.ru/object/2390762821,,,,
Ф. 497 Оп. 18,Д. 1385,Costumers / wardrobe masters (гардеробмейстеры),"Reports and pay records of costumers and wardrobe masters, who dressed artists for all productions including ballet.","Требовательные ведомости на выдачу содержания добавочного вознаграждения поденной платы и обмундировочных денег служащим гардеробной части, портным, рабочим красильной мастерской, парикмахерам, капельдинерам и курьеру Козичевой И.",январь-декабрь 1917 г.,,,https://fgurgia.ru/object/2390764033,,,,
Ф. 497 Оп. 18,Д. 1424,Costumers / wardrobe masters (гардеробмейстеры),"Reports and pay records of costumers and wardrobe masters, who dressed artists for all productions including ballet.",Требование костюмеров увеличения числа наемных портных для работ и одевания артистов при спектаклях,1900 - 1901,,92,https://fgurgia.ru/object/2899602198,,,,
Ф. 497 Оп. 18,Д. 1334,Ballet tights (трикотажницы),"Pay records of the knitters who made tights, mainly for the ballet. Tights knitters, 1908.",Требовательные ведомости на выдачу задельной поденной платы вольнонаемным портным  и трикотажницам красильной мастерской.,январь-декабрь 1908 г.,,,https://fgurgia.ru/object/2390763090,,,,
Ф. 497 Оп. 18,Д. 1338,Ballet tights (трикотажницы),"Pay records of the knitters who made tights, mainly for the ballet. Tights knitters, 1909.",Требовательные ведомости на выдачу задельной поденной платы вольнонаемным портным и трикотажницам красильной мастерской.,января – декабря 1909 г.,,,https://fgurgia.ru/object/2390763150,,,,
Ф. 497 Оп. 18,Д. 1341,Ballet tights (трикотажницы),"Pay records of the knitters who made tights, mainly for the ballet. Tights knitters, 1910.",Рапорта гардеробмейстеров и мастера красильной мастерской о выдаче поденной и задельной платы портным и трикотажницам с приложение списков на выдачу.,январь-декабрь 1910 г.,,,https://fgurgia.ru/object/2390763210,,,,
Ф. 497 Оп. 18,Д. 1345,Ballet tights (трикотажницы),"Pay records of the knitters who made tights, mainly for the ballet. Tights knitters, 1911.",Рапорта гардеробмейстеров о выдаче денег поденным вольнонаемным портным и трикотажницам красильной мастерской с приложением требовательных ведомостей на выдачу.,январь - декабрь 1911 г.,,,https://fgurgia.ru/object/2390763290,,,,
Ф. 497 Оп. 18,Д. 1351,Ballet tights (трикотажницы),"Pay records of the knitters who made tights, mainly for the ballet. Tights knitters (undated).","Требовательные ведомости на выдачу содержания и поденной платы помощникам костюмеров и портным и служащим, и трикотажницам красильной мастерской.",,,,https://fgurgia.ru/object/2390763410,,,,
Ф. 497 Оп. 18,Д. 1257,Scenery department (декорационная часть) payroll,"Pay sheets for the scene-painting department, which worked on all productions including ballet.","Требовательные ведомости на выдачу содержания рабочим декорационной части, сторожам и вольнонаемным портным.",апрель-май 1891 г.,,,https://fgurgia.ru/object/2390761536,,,,
Ф. 497 Оп. 18,Д. 1260,Scenery department (декорационная часть) payroll,"Pay sheets for the scene-painting department, which worked on all productions including ballet.",Требовательные ведомости на выдачу содержания служащим и вольнонаемным рабочим декорационной и бутафорской частей и портным.,январь 1892 г. – 4 января 1893 г.,,,https://fgurgia.ru/object/2390761596,,,,
Ф. 497 Оп. 18,Д. 1264,Scenery department (декорационная часть) payroll,"Pay sheets for the scene-painting department, which worked on all productions including ballet.",Требовательные ведомости на выдачу содержания рабочим декорационной части и бутафорской мастерской и задельной и поденной платы вольнонаемным портным.,январь-ноябрь 1893 г.,,,https://fgurgia.ru/object/2390761676,,,,
Ф. 497 Оп. 18,Д. 1269,Scenery department (декорационная часть) payroll,"Pay sheets for the scene-painting department, which worked on all productions including ballet.",Требовательные ведомости на выдачу содержания служащим декорационной части и бутафорной мастерской и увольнении портным.,март 1894 г. – январь 1895 г.,,,https://fgurgia.ru/object/2390761817,,,,
Ф. 497 Оп. 18,Д. 1279,Scenery department (декорационная часть) payroll,"Pay sheets for the scene-painting department, which worked on all productions including ballet.",Требовательные ведомости на выдачу содержания служащим декорационной части и бутафорской мастерской.,январь-декабрь 1897 г.,,,https://fgurgia.ru/object/2390762017,,,,
Ф. 497 Оп. 18,Д. 1292,Scenery department (декорационная часть) payroll,"Pay sheets for the scene-painting department, which worked on all productions including ballet.","Требовательные ведомости на выдачу содержания служащим декорационной части и бутафорской мастерской, парикмахерам, их помощникам, капельдинерам, сторожам и другим лицам.",февраль-декабрь 1900 г.,,,https://fgurgia.ru/object/2390762277,,,,
Ф. 497 Оп. 18,Д. 1302,Scenery department (декорационная часть) payroll,"Pay sheets for the scene-painting department, which worked on all productions including ballet.","Требовательные ведомости на выдачу содержания служащим декорационной части и задельной и поденной платы служащим бутафорской мастерской, вольнонаемным портным и служащим электрической станции.",,,,https://fgurgia.ru/object/2390762480,,,,
Ф. 497 Оп. 18,Д. 235,Ballet music,"Ballet music: composers, conductors or orchestras connected with ballet. Terms agreed with authors and music publishers for performance rights and purchase of musical material; where contracts with composers such as Arensky or Glazunov could appear without being named. Undated.",Об условиях заключенных с авторами и издателями музыки на право представления и приобретения музыкального материала.,,,,https://fgurgia.ru/object/2390740479,1,2026-09-22,,
Ф. 497 Оп. 18,Д. 1173,Ballet productions & staging,"Production (монтировка), staging or cost records for ballets. Theatre-school costumes and properties requested from the Montirovochnoe otdelenie, 23 September 1903 — the season «Волшебное зеркало» was staged.",Отношение и выписка Петербургского театрального училища в Монтировочное отделение петербургской конторы императорских театров о присылке костюмов и вещей для постановки пьес «Одинокие» и «Свои люди сочтемся».,23 сентября 1903 г.,,,https://fgurgia.ru/object/2390760028,1,2026-09-22,,
Ф. 497 Оп. 18,Д. 1309,Scenery department (декорационная часть) payroll,"Pay sheets for the staging department (монтировочная часть) and prop workshop, January–December 1903 — the staff who built «Волшебное зеркало» in its premiere season.","Требовательные ведомости на выдачу содержания постоянным, поденным и вольнонаемным служащим и рабочим монтировочной части и бутафорской мастерской.",январь-декабрь 1903 г.,,,https://fgurgia.ru/object/2390762600,1,2026-09-22,,
