season,source_file,pdf_page,printed_page,kind,name_verbatim,name_latin,role,troupe_city,dates,length,relevance,evidence_verbatim,evidence_english,author,portrait,notes
1895-96,1895-96_Obituaries.pdf,1,484,section_heading_only,Некрологи,Nekrologi (Obituaries),,,,heading,none,,,,no,"Illustrated section heading (stone tablet + palm branch, signed drawing); entries run alphabetically and are unsigned."
1895-96,1895-96_Obituaries.pdf,1-3,484-486,obituary,"Алексѣевъ (Киленинъ), Александръ Алексѣевичъ","Alekseev (Kilenin), Aleksandr Alekseevich",drama actor (former),"SP, Russian drama troupe (Alexandrinsky)",† 7-го декабря 1895 г. (Moscow); born 1822,ca. 2 pp,none,,,,yes,Externe pupil ca. one year at SP Theatre School in P. A. Karatygin's (drama) class; no ballet content. Quotes his memoirs (M. 1894).
1895-96,1895-96_Obituaries.pdf,3,486,obituary,"Амосова (Гуляева), Варвара Ивановна","Amosova (Gulyaeva), Varvara Ivanovna","ballet artist (figurante; mime roles), former","SP, ballet troupe","† 9-го октября 1895 г. (SP), 85 лѣтъ отъ роду; service 1 May 1826 – 11 Feb 1863",17 lines,core,бывшая артистка С.-Петербургской балетной труппы ... фигуранткою ... «играла во многихъ балетахъ мимическія роли»,"Former artist of the SP ballet troupe; entered 1826 as figurante, played mime roles in many ballets; mother of dancers Anastasiya and Nadezhda Amosova.",,no,"Known on stage as «Амосова старшая»; married Kapellmeister Николай Амосовъ († 1839 г.). Outlived both daughters, «извѣстныхъ танцовщицъ Анастасію и Надежду Амосовыхъ». Cites ballet régisseur Марсель."
1895-96,1895-96_Obituaries.pdf,3-4,486-487,obituary,"Андреевъ, Иванъ Петровичъ","Andreev, Ivan Petrovich",scene painter (декораторъ),"SP, Imperial theatres (scenic)",† 15-го іюня 1896 г. (Лисій Носъ); born 3 Feb 1847,ca. 1.2 pp,none,,,,yes,"Stage designer, but the works named are all operas/drama (Юдиѳь, Царь Борисъ, Русланъ и Людмила, Млада, Фаустъ, Аида, Князь Серебряный, Орестея) plus the Moscow Bolshoi front curtain; no ballet named. «Млада» is called an opera here. Yearbook illustrator. Borderline: a reviewer may wish to treat as 'mentions' only if ballet décor is known from elsewhere."
1895-96,1895-96_Obituaries.pdf,5,488,obituary,"Арсеньевъ, Алексѣй Александровичъ","Arsen'ev, Aleksei Aleksandrovich",opera chorister,"Moscow, opera chorus",† 7-го марта 1896 г. (Moscow); born 1850,4 lines,none,,,,no,
1895-96,1895-96_Obituaries.pdf,5,488,obituary,"Бекке (Eugen Becke), Евгеній Генриховичъ (Андреевичъ)","Bekke (Becke), Evgenii Genrikhovich (Andreevich)","orchestra musician (percussion 'Turkish music', 2nd violin, timpanist)","SP, orchestras of Maly / Italian opera / Mikhailovsky theatres","† 17-го января 1896 г. (SP), 39 лѣтъ",11 lines,none,,,,no,Printed: took the Russian oath «18-го февраля 1886 года».
1895-96,1895-96_Obituaries.pdf,5-6,488-489,obituary,"Бергамаско, Карлъ Ивановичъ","Bergamasco, Karl Ivanovich",former actor of the French troupe; photographer to the Imperial SP theatres,"SP, French drama troupe / photographer","† 10-го мая 1896 г. (SP), 66 лѣтъ",ca. 1 p,none,,,,yes,Sworn photographer of the Imperial theatres until 1890; no ballet content stated (though his studio photographed theatre artists generally).
1895-96,1895-96_Obituaries.pdf,6,489,obituary,"Бочарскій, Николай Матвѣевичъ","Bocharskii, Nikolai Matveevich",orchestra musician (clarinettist),"SP, orchestras of Maly / Alexandrinsky / Mikhailovsky theatres",† 28-го мая 1896 г.; born 1855,11 lines,none,,,,no,
1895-96,1895-96_Obituaries.pdf,6-7,489-490,obituary,"Бочкина, Ольга Григорьевна","Bochkina, Ol'ga Grigor'evna",ballet artist (corps de ballet; coryphée from 1895),"Moscow, ballet troupe",† 11-го февраля 1896 г. (Moscow); born 9 July 1865,13 lines,core,артистка Императорской Московской балетной труппы ... кордебалетною танцовщицею ... переведена въ разрядъ корифеекъ,"Artist of the Moscow ballet troupe: corps de ballet dancer from 1881, promoted to coryphée 1 Sept 1895.",,yes,Externe pupil of the Moscow Theatre School; married to Moscow drama actor И. А. Рыжовъ. One of the deaths named in the ballet season review.
1895-96,1895-96_Obituaries.pdf,7,490,obituary,"Ватерстраатъ (Carl-Friedrich-Wilhelm Waterstraat), Ѳедоръ Ивановичъ","Vaterstraat (Waterstraat), Fedor Ivanovich",orchestra musician (first flute); professor of flute,"SP, Russian opera orchestra",† 12-го мая 1896 г. (SP); born 5 Apr 1835,ca. 0.7 p,none,,,,no,Text stresses he never left the Russian opera orchestra; no ballet content.
1895-96,1895-96_Obituaries.pdf,8,491,obituary,"Гавриловъ, Александръ Ивановичъ","Gavrilov, Aleksandr Ivanovich",theatre sculptor / property maker (former),"SP, Imperial theatres (production workshops)",† 12-го декабря 1895 г. (SP); born 27 Nov 1814,ca. 0.8 p,none,,,,no,"Entered SP Theatre School 22 Apr 1830 as «кандидатъ» («въ сценическомъ искусствѣ мало оказавъ успѣховъ»), apprenticed 1833 to master Шемаевъ; made furniture, weapons, masks, animal costumes etc. for the stage. Ballet not named."
1895-96,1895-96_Obituaries.pdf,8-9,491-492,obituary,"Гебгардтъ (Joseph-Eduard Gebhardt), Эдуардъ Карловичъ","Gebgardt (Gebhardt), Eduard Karlovich",orchestra musician (bassoonist),"SP, French / German / Mikhailovsky / Alexandrinsky theatre orchestras",† 30-го апрѣля 1896 г. (SP); born 29 Dec 1861,10 lines,none,,,,no,
1895-96,1895-96_Obituaries.pdf,9-12,492-495,obituary,"Горбуновъ, Иванъ Ѳедоровичъ","Gorbunov, Ivan Fedorovich","drama actor, storyteller, writer","SP, Russian drama troupe (Alexandrinsky)",† 24-го декабря 1895 г.,ca. 3 pp,none,,,,yes,"Long obituary quoting «Новое Время» (№ 7122). Buried Nikolskoe cemetery, Alexander Nevsky Lavra. No ballet content."
1895-96,1895-96_Obituaries.pdf,12-13,495-496,obituary,"Грибенъ, Августъ Ѳедоровичъ","Griben, Avgust Fedorovich","orchestra musician (percussion), former","SP, French theatre orchestra / Mikhailovsky theatre orchestra","† 17-го марта 1896 г. (SP), на 52-мъ году жизни",10 lines,none,,,,no,
1895-96,1895-96_Obituaries.pdf,13,496,obituary,"Гуляевъ (Ивановъ), Степанъ Дмитріевичъ","Gulyaev (Ivanov), Stepan Dmitrievich","orchestra musician (violinist), former","SP, Imperial theatres orchestra (Italian opera orchestra; Alexandrinsky orchestra)","† 9-го апрѣля 1896 г. (SP), 62-хъ лѣтъ",12 lines,none,,,,no,"Alphabetical order as printed: Грибенъ, Гуляевъ, then Дубровинъ. No stated relation to Амосова (Гуляева) above."
1895-96,1895-96_Obituaries.pdf,13,496,obituary,"Дубровинъ (Ватсонъ), Василій Ѳомичъ","Dubrovin (Watson), Vasilii Fomich",drama actor,"Moscow, Russian drama troupe (Maly)",† 5-го января 1896 г. (Moscow),ca. 0.5 p,none,,,,yes,British subject; stage name Дубровинъ.
1895-96,1895-96_Obituaries.pdf,14,497,obituary,"Закаспійская (Каратыгина), Варвара Николаевна","Zakaspiiskaya (Karatygina), Varvara Nikolaevna",chorister (former),"SP, French theatre chorus",Въ сентябрѣ 1895 года (no day printed); born 13 Sept 1831,7 lines,none,,,,no,Daughter of a theatre wardrobe master; Каратыгина by marriage. Service 8 Apr 1853 – 8 Apr 1873.
1895-96,1895-96_Obituaries.pdf,14,497,obituary,"Захаревскій, Владиміръ Григорьевичъ","Zakharevskii, Vladimir Grigor'evich",orchestra musician (clarinettist),"SP, Alexandrinsky theatre orchestra","† 3-го мая 1896 г. (SP), на 47-мъ году жизни",11 lines,none,,,,no,"Educated at the SP Theatre School (musician, graduated 1 July 1869); whole career in the Alexandrinsky (drama) orchestra; no ballet content."
1895-96,1895-96_Obituaries.pdf,14-15,497-498,obituary,"Золотаренко, Петръ Петровичъ","Zolotarenko, Petr Petrovich","second Kapellmeister (conductor) of the ballet orchestra, former; violinist; composer of ballet numbers","Moscow, ballet orchestra","† 17-го октября 1895 г. (Moscow), aged 39",ca. 0.7 p,core,бывшій второй капельмейстеръ балетнаго оркестра Императорскихъ Московскихъ театровъ ... музыка цѣлой массы всевозможныхъ вставныхъ балетныхъ па,Former second conductor of the Moscow ballet orchestra (appointed 19 Sept 1882); composed a mass of interpolated ballet pas and most numbers of the féerie «Кольцо любви».,,yes,"Entered 6 Mar 1873 as cellist, moved to violin desk 21 Dec 1873. Left supernumerary 1 Oct 1893 «за упраздненіемъ спеціально балетныхъ оркестровъ» — useful statement on abolition of separate ballet orchestras. Féerie by В. А. Крыловъ «Кольцо любви» at the Moscow Bolshoi."
1895-96,1895-96_Obituaries.pdf,15,498,obituary,"Каннегиссеръ (Kannegiesser), Адольфъ","Kannegisser (Kannegiesser), Adol'f","orchestra musician (bassoonist), former","SP, Imperial theatres orchestra",† 9-го марта 1896 г. (SP); born April 1819,8 lines,none,,,,no,No patronymic printed.
1895-96,1895-96_Obituaries.pdf,15,498,obituary,"Константиновъ, Николай Ивановичъ","Konstantinov, Nikolai Ivanovich",orchestra musician (second violin),"Moscow, opera orchestra","† 7-го августа 1896 г. (Tver'), aged 34",4 lines,none,,,,no,"Print reads «1-го сенября 1891 года» (sic, no т) — zoom-confirmed print typo."
1895-96,1895-96_Obituaries.pdf,15,498,obituary,"Корсакъ (Рейхель), Вѣра Алексѣевна","Korsak (Reikhel'), Vera Alekseevna",ballet artist (corps de ballet),"SP, ballet troupe",† 19-го февраля 1896 г. (SP); born 7 June 1869,15 lines,core,артистка Императорской С.-Петербургской балетной труппы ... кордебалетною танцовщицею,Artist of the SP ballet troupe; corps de ballet dancer from 1 June 1887 after the SP Theatre School.,,yes,"Рейхель by marriage. 3 Dec 1893, during a performance at the Mariinsky, she nearly fell victim to flames (costume fire) and suffered burns. Died of peritonitis. Named in the ballet season review."
1895-96,1895-96_Obituaries.pdf,16,499,obituary,"Кузнецовъ, Яковъ Дмитріевичъ","Kuznetsov, Yakov Dmitrievich",drama actor (small roles),"Moscow, Russian drama troupe",† 31-го марта 1896 г. (Moscow),13 lines,none,,,,yes,
1895-96,1895-96_Obituaries.pdf,16-18,499-501,obituary,"Леонова, Дарья Михайловна","Leonova, Dar'ya Mikhailovna","opera singer (contralto), former; singing teacher","SP, Russian opera",† 25-го января 1896 г. (SP); born 9 Mar 1829,ca. 2 pp,none,,,,yes,"Externe pupil of SP Theatre School from 1849 (singing, under Быстровъ, then Вителяро). Early career included singing arias/songs «въ дивертиссементахъ» — vocal, not ballet. Taught singing at the drama courses of the Moscow Theatre School 1888–1893."
1895-96,1895-96_Obituaries.pdf,18-19,501-502,obituary,"Лола (Гвоздикова), Ольга Дмитріевна","Lola (Gvozdikova), Ol'ga Dmitrievna",drama actress (former),"SP, Russian drama troupe","† 15-го мая 1896 г. (Romny, Poltava gub.; suicide); born 10 July 1860",ca. 0.8 p,none,,,,yes,
1895-96,1895-96_Obituaries.pdf,19,502,obituary,"Малютинъ, Михаилъ Константиновичъ","Malyutin, Mikhail Konstantinovich","ballet artist (corps de ballet), former","SP, ballet troupe","† 7-го февраля 1896 г. (Tikhvin), 67-ми лѣтъ",9 lines,core,бывшій артистъ Императорской С.-Петербургской балетной труппы ... кордебалетнымъ танцовщикомъ,"Former artist of the SP ballet troupe; corps de ballet dancer from 26 Sept 1848, pensioned 1 Oct 1868.",,no,Educated at the SP Theatre School.
1895-96,1895-96_Obituaries.pdf,19,502,obituary,"Мессарошъ, Марія Николаевна","Messarosh, Mariya Nikolaevna",ballet artist (corps de ballet),"SP, ballet troupe",† 20-го іюня 1896 г. (Shuvalovo); born 15 Nov 1877,12 lines,core,"артистка Императорской С.-Петербургской балетной труппы ... выпущена въ С.-Петербургскую балетную труппу, кордебалетной танцовщицей",Artist of the SP ballet troupe; graduated from the SP Theatre School in 1895 into the corps de ballet (service from 1 June 1895).,,yes,"Spelled «Мессарошъ» (double с, ш) in heading, text and caption. Died of consumption aged 18. Named in the ballet season review."
1895-96,1895-96_Obituaries.pdf,20,503,obituary,"Никитинъ, Сергѣй Герасимовичъ","Nikitin, Sergei Gerasimovich",ballet artist (corps de ballet),"Moscow, ballet troupe","† 23-го іюля 1896 г. (Moscow), 35 лѣтъ отъ роду",11 lines,core,"артистъ Императорской Московской балетной труппы ... кордебалетнымъ танцовщикомъ, гдѣ и состоялъ по день своей смерти",Artist of the Moscow ballet troupe; corps de ballet dancer from 5 Apr 1877 until his death.,,yes,Externe pupil of the Moscow Theatre School. Buried Pyatnitskoe cemetery. Named in the ballet season review.
1895-96,1895-96_Obituaries.pdf,20,503,obituary,"Павловская (Бергманъ), Елена Карловна","Pavlovskaya (Bergman), Elena Karlovna",drama actress (secondary roles),"Moscow, Russian drama troupe",† 2-го октября 1895 г. (Moscow),ca. 0.4 p,none,,,,yes,"Sister of the singer Эм. К. Павловская, whose married surname she took for the stage. Drama courses of the Moscow Theatre School (class of О. А. Правдинъ)."
1895-96,1895-96_Obituaries.pdf,20-21,503-504,obituary,"Пановъ, Викторъ Николаевичъ","Panov, Viktor Nikolaevich","ballet artist (corps, coryphée, soloist), former","Moscow, ballet troupe","Въ сентябрѣ 1895 года (no day printed; Moscow), на 58-мъ году жизни",13 lines,core,"бывшій артистъ Императорской Московской балетной труппы ... въ балетную труппу кордебалетнымъ танцовщикомъ ... переведенъ въ корифеи, а 28-го сентября 1863 года—въ солисты","Former artist of the Moscow ballet troupe: corps de ballet 9 Sept 1854, coryphée 30 Oct 1857, soloist 28 Sept 1863; left supernumerary in the 1882 reform, left service 1 Oct 1883.",,no,Externe pupil of the Moscow Theatre School. Buried Vagan'kovo.
1895-96,1895-96_Obituaries.pdf,21,504,obituary,"Пуни, Николай Цезаревичъ","Puni (Pugni), Nikolai Tsezarevich",ballet artist (corps de ballet),"SP, ballet troupe",† 7-го іюня 1896 г. (SP); born 28 Dec 1863,9 lines,core,"артистъ Императорской С.-Петербургской балетной труппы. Н. Ц., сынъ извѣстнаго композитора балетной музыки Ц. Пуни ... кордебалетнымъ танцовщикомъ","Artist of the SP ballet troupe, corps de ballet dancer from 16 May 1882; son of the well-known ballet composer C. Pugni.",,no,"THIS is the Pugni of the inventory: the dancer son, not the composer Cesare Pugni. Printed patronymic is Цезаревичъ (the season review's «Н. П. Пуни» initials do not match this printing — check the review reading). Died of chronic pulmonary tuberculosis in the Palace Department hospital; buried Mitrofan'evskoe."
1895-96,1895-96_Obituaries.pdf,21,504,obituary,"Станкевичъ, Владиміръ Александровичъ","Stankevich, Vladimir Aleksandrovich","ballet artist (corps de ballet), former","SP, ballet troupe",«въ сезенѣ 1895—1896 гг.» (no date printed; Simbirsk); born 20 Aug 1855,9 lines,core,бывшій артистъ Императорской С.-Петербургской балетной труппы ... кордебалетнымъ танцовщикомъ,"Former artist of the SP ballet troupe; corps de ballet dancer from 19 May 1874, retired on pension after 20 years.",,no,"Print reads «сезенѣ» (sic, for сезонѣ) — apparent print typo. SP Theatre School graduate."
1895-96,1895-96_Obituaries.pdf,21,504,obituary,"Степанова, Олимпіада Никитична","Stepanova, Olimpiada Nikitichna","ballet artist (corps; coryphée 1st class), former","SP, ballet troupe",† 16-го апрѣля 1896 г. (SP); born 22 July 1856,11 lines,core,бывшая артистка Императорской С.-Петербургской балетной труппы ... кордебалетною танцовщицею ... въ корифейки 1-го разряда,"Former artist of the SP ballet troupe: corps de ballet from 27 May 1873, coryphée 2nd class 1 Feb 1880, 1st class 1 Aug 1882; retired after 20 years.",,no,"Externe pupil of the SP Theatre School. Printed BEFORE Степановъ В. И.; no relationship between the two is stated. Died of cirrhosis, Aleksandrovskaya hospital; buried Mitrofan'evskoe."
1895-96,1895-96_Obituaries.pdf,21-22,504-505,obituary,"Степановъ, Владиміръ Ивановичъ","Stepanov, Vladimir Ivanovich",ballet artist (second dancer); inventor of the Stepanov dance-notation system,"SP, ballet troupe","† 16-го января 1896 г. (Moscow, Mariinskaya hospital); born 17 June 1866",ca. 0.9 p,core,"составилъ себѣ имя изобрѣтеніемъ весьма практичной и остроумной системы записыванія, посредствомъ нотныхъ знаковъ, человѣческихъ тѣлодвиженій","SP ballet dancer (corps 1885, coryphée 1887/1889, second dancer 2nd class 1 Oct 1893) who made his name by inventing a system for recording human movement in musical notes, allowing whole ballets to be preserved.",,yes,"Key entry. Commission of ballet masters and first artists approved the system (protocol of 24 Feb 1891); sent abroad May 1891, chiefly Paris, where Grand Opéra ballet master Гансенъ took part; published 1892 «Alphabet des mouvements du corps humain. Essai d'enregistrement des mouvements du corps humain au moyen des signes musicaux»; returned 14 July 1892; system introduced into the SP Theatre School programme from 1 Sept 1893; sent to Moscow 20 Sept 1895 to introduce it there, fell ill and died. Married to SP ballet artist М. А. Эрлеръ 2-я. Named in the ballet season review."
1895-96,1895-96_Obituaries.pdf,22,505,obituary,"Тепферъ, Германъ","Tepfer, German (Hermann)",orchestra musician (double bass; tuba 1889-93),"Moscow, opera orchestra","† 24-го мая 1896 г. (Moscow), на 42-мъ году",8 lines,none,,,,no,No patronymic printed.
1895-96,1895-96_Obituaries.pdf,23,506,obituary,"Христофоровъ, Александръ Тарасовичъ","Khristoforov, Aleksandr Tarasovich",chorister (former),"SP, French theatre chorus",† 30-го сентября 1895 г. (SP); born 20 Apr 1839,8 lines,none,,,,no,
1895-96,1895-96_Obituaries.pdf,23,506,obituary,"Шварцъ, Фридрихъ","Shvarts (Schwarz), Fridrikh",orchestra musician (horn),"SP, Russian opera orchestra","† 12-го марта 1896 г. (SP), 65-ти лѣтъ",7 lines,none,,,,no,No patronymic printed.
1895-96,1895-96_Obituaries.pdf,23,506,obituary,"Шенекерль (Wilhelm Schönekerl), Василій Андреевичъ","Shenekerl' (Schönekerl), Vasilii Andreevich","orchestra musician (ophicleide, then tuba)","SP, Imperial theatres orchestra; Russian opera orchestra from 1875","«9-го декабря» (no year printed; presumably 1895) (SP), на 61-мъ году",9 lines,none,,,,no,"Death year not printed in the text — 1895 inferred from the season, flag as inferred."
1895-96,1895-96_Obituaries.pdf,23,506,obituary,"Энгель (Иванова), Анна Андреевна","Engel' (Ivanova), Anna Andreevna",opera chorister (former); later drama actress (secondary roles),"SP, Russian opera chorus; Russian drama troupe 1882-86",† 14-го іюня 1896 г. (SP); born 2 Feb 1842,11 lines,none,,,,no,"Day pupil of the SP Theatre School, graduated 1860 as chorister; no ballet content."
1895-96,1895-96_Obituaries.pdf,24-25,507-508,obituary,"Яблочкинъ, Александръ Александровичъ","Yablochkin, Aleksandr Aleksandrovich",drama actor and régisseur (former),"SP, Russian drama troupe (Alexandrinsky); also Tiflis",† 1-го ноября 1895 г. (SP); born 1824,ca. 1.6 pp,none,,,,yes,"State pupil of the SP Theatre School, graduated 1841 into the drama troupe; no ballet content. Last entry of the section — closing ornament on p. 508, so the section is complete (484-508)."
