season,page_id,block_index,kind,name_verbatim,name_latin,role,dates,relevance,evidence_verbatim,evidence_english,notes
1890-91,review_1890-91_MSK_ballet_p000,1,obituary,Бутенко,Butenko,opera singer (пѣвецъ),died season 1890-91,none,Въ истекшемъ сезонѣ умерли: пѣвецъ Бутенко и хористъ Селезневъ.,In the past season died: the singer Butenko and the chorister Seleznev.,shared page: tail of the Moscow opera review
1890-91,review_1890-91_MSK_ballet_p000,1,obituary,Селезневъ,Seleznev,chorister,died season 1890-91,none,Въ истекшемъ сезонѣ умерли: пѣвецъ Бутенко и хористъ Селезневъ.,In the past season died: the singer Butenko and the chorister Seleznev.,shared page: tail of the Moscow opera review
1890-91,review_1890-91_MSK_ballet_p006,3,obituary,Бондыревъ,Bondyrev,"dancer (танцовщикъ), Moscow ballet",died season 1890-91,core,Въ теченіи сезона умеръ танцовщикъ Бондыревъ.,During the season the dancer Bondyrev died.,
1890-91,review_1890-91_SP_all_p075,5,farewell,Жуковой 1-й,Zhukova 1st,"ballet dancer, St Petersburg",20 Feb 1891,core,Послѣдующія же (третье и четвертое) представленія того же балета были даны въ прощальные бенефисы г-жи Жуковой 1-й (20 февраля),The 3rd performance of Calcabrino was given at the farewell benefit of Mme Zhukova 1st (20 February).,"normalised name: Жукова 1-я; also listed as having left service, SP_all_p084 #5"
1890-91,review_1890-91_SP_all_p075,5,farewell,Карсавина,Karsavin (Platon),"ballet dancer, St Petersburg",2 Mar 1891,core,Послѣдующія же (третье и четвертое) представленія того же балета были даны въ прощальные бенефисы г-жи Жуковой 1-й (20 февраля) и г. Карсавина (2 марта).,The 4th performance of Calcabrino was given at the farewell benefit of Mr Karsavin (2 March).,"normalised name: Карсавинъ; also listed as having left service, SP_all_p084 #5"
1890-91,review_1890-91_SP_all_p083,1,jubilee,Ламбера,Lambert,"prompter (суфлеръ), French troupe",22 Apr 1891,none,"въ бенефисъ суфлера Ламбера, данный ему за 25-лѣтнюю службу.",Benefit given to the prompter Lambert for 25 years of service.,normalised name: Ламберъ; his death is reported on SP_all_p084 #6
1890-91,review_1890-91_SP_all_p084,3,obituary,Казаковъ,Kazakov,"actor, Russian drama troupe",died season 1890-91,none,Въ теченіи сезона скончались артисты русской драматической труппы: Казаковъ и Славинъ.,During the season the Russian drama actors Kazakov and Slavin died.,
1890-91,review_1890-91_SP_all_p084,3,obituary,Славинъ,Slavin,"actor, Russian drama troupe",died season 1890-91,none,Въ теченіи сезона скончались артисты русской драматической труппы: Казаковъ и Славинъ.,During the season the Russian drama actors Kazakov and Slavin died.,
1890-91,review_1890-91_SP_all_p084,4,obituary,Васильевъ 2-й,Vasil'ev 2nd,opera singer,died season 1890-91,none,Изъ оперныхъ артистовъ умерли: Васильевъ 2-й и хористка Карпова.,Of the opera artists died: Vasil'ev 2nd and the chorister Karpova.,
1890-91,review_1890-91_SP_all_p084,4,obituary,Карпова,Karpova,"chorister, opera",died season 1890-91,none,Изъ оперныхъ артистовъ умерли: Васильевъ 2-й и хористка Карпова.,Of the opera artists died: Vasil'ev 2nd and the chorister Karpova.,
1890-91,review_1890-91_SP_all_p084,5,obituary,Недремская,Nedremskaia,"ballet personnel, St Petersburg",died season 1890-91,core,"Изъ балетнаго персонала умерли: Недремская, Алексѣева 2-я и Лицъ 1-я.","Of the ballet personnel died: Nedremskaia, Alekseeva 2nd and Lits 1st.",
1890-91,review_1890-91_SP_all_p084,5,obituary,Алексѣева 2-я,Alekseeva 2nd,"ballet personnel, St Petersburg",died season 1890-91,core,"Изъ балетнаго персонала умерли: Недремская, Алексѣева 2-я и Лицъ 1-я.","Of the ballet personnel died: Nedremskaia, Alekseeva 2nd and Lits 1st.",
1890-91,review_1890-91_SP_all_p084,5,obituary,Лицъ 1-я,Lits 1st,"ballet personnel, St Petersburg",died season 1890-91,core,"Изъ балетнаго персонала умерли: Недремская, Алексѣева 2-я и Лицъ 1-я.","Of the ballet personnel died: Nedremskaia, Alekseeva 2nd and Lits 1st.",
1890-91,review_1890-91_SP_all_p084,6,obituary,Ламберъ,Lambert,"prompter, French troupe",died season 1890-91,none,Во французской труппѣ умеръ суфлеръ Ламберъ.,In the French troupe the prompter Lambert died.,"same person as the 25-year jubilee benefit, SP_all_p083 #1"
1891-92,review_1891-92_MSK_ballet_p006,8,obituary,Доброва,Dobrova,not stated (Moscow ballet review),2 Aug 1892,core,Умерла г-жа Доброва (2 августа 1892 г.).,Mme Dobrova died (2 August 1892).,occupation not stated; relevance inferred from placement in the season-end necrology of the ballet review -- verify against Roster
1891-92,review_1891-92_SP_ballet_p000,5,obituary,Ильинъ,Il'in,chorister,6 Dec 1891,none,Умерли: хористы Ильинъ (6 декабря 1891 г.) и Колчинъ (15 апрѣля 1892 г.).,Died: the choristers Il'in (6 Dec 1891) and Kolchin (15 Apr 1892).,shared page: tail of the opera review
1891-92,review_1891-92_SP_ballet_p000,5,obituary,Колчинъ,Kolchin,chorister,15 Apr 1892,none,Умерли: хористы Ильинъ (6 декабря 1891 г.) и Колчинъ (15 апрѣля 1892 г.).,Died: the choristers Il'in (6 Dec 1891) and Kolchin (15 Apr 1892).,shared page: tail of the opera review
1891-92,review_1891-92_SP_ballet_p011,7,jubilee,Іогансона,Johansson (Christian),"dancer / ballet teacher, St Petersburg",8 Dec 1891,core,"а третье—8-го декабря, въ бенефисъ г. Іогансона, назначенный ему за 50-ти-лѣтнюю артистическую дѣятельность.","The 3rd performance of King Candaules was given on 8 December at the benefit of Mr Johansson, granted for 50 years of artistic activity.",normalised name: Іогансонъ
1892-93,review_1892-93_MSK_ballet_p008,2,jubilee,Гороховой,Gorokhova,"dancer (танцовщица), Moscow ballet",3 Jan 1893,core,"3-го января состоялся бенефисъ танцовщицы г-жи Гороховой, данный ей за 20-ти-лѣтнюю службу.","On 3 January the benefit of the dancer Mme Gorokhova took place, given to her for 20 years of service.",normalised name: Горохова
1892-93,review_1892-93_MSK_ballet_p009,2,farewell,Гейтенъ,Geiten (Lidiia),"ballerina, Moscow",5 Feb 1893,core,"5-го февраля состоялся прощальный бенефисъ балерины г-жи Гейтенъ, послѣ 20-ти лѣтъ службы оставившей сцену.","On 5 February the farewell benefit of the ballerina Mme Geiten took place, who left the stage after 20 years of service.","normalised name: Л. Н. Гейтенъ; block is a mis-flowed two-column layout; programme (Fenella act 1, Corsaire act 2, Daughter of Pharaoh, divertissement 'Bal masqué in Venice') follows"
1892-93,review_1892-93_SP_ballet_p016,4,farewell,Горшенковой 1-й,Gorshenkova 1st (Mariia),"ballerina, St Petersburg",10 Jan 1893,core,"10-го января состоялся прощальный бенефисъ г-жи Горшенковой 1-й. Поставленъ былъ балетъ «Царь Кандавлъ», въ которомъ бенефиціантка исполнила роль царицы Низіи;","On 10 January the farewell benefit of Mme Gorshenkova 1st; King Candaules was given, the beneficiary dancing Queen Nisia.",normalised name: М. Н. Горшенкова 1-я; block continues into a biographical sketch (truncated in source text)
1892-93,review_1892-93_SP_ballet_p019,5,obituary,П. П. Солнцевъ,P. P. Solntsev,not stated (SP ballet review),15 May 1893,core,Умеръ П. П. Солнцевъ (15 мая 1893 г.).,P. P. Solntsev died (15 May 1893).,occupation not stated; relevance inferred from placement in the season-end necrology of the ballet review -- verify against Roster
1892-93,review_1892-93_SP_opera_p000,3,obituary,П. М. Свободинъ,P. M. Svobodin,not stated (Svobodin = drama actor),9 Oct 1892,none,"Умерли: П. М. Свободинъ (9 октября 1892 г.), С. А. Шеинъ (28 октября 1892 г.) и С. Н. Дмитріевъ (4 января 1893 г.).","Died: P. M. Svobodin (9 Oct 1892), S. A. Shein (28 Oct 1892) and S. N. Dmitriev (4 Jan 1893).","occupation not stated; block sits at the end of the preceding (non-ballet) section on a shared page -- relevance inferred, verify against Roster"
1892-93,review_1892-93_SP_opera_p000,3,obituary,С. А. Шеинъ,S. A. Shein,not stated (Svobodin = drama actor),28 Oct 1892,none,"Умерли: П. М. Свободинъ (9 октября 1892 г.), С. А. Шеинъ (28 октября 1892 г.) и С. Н. Дмитріевъ (4 января 1893 г.).","Died: P. M. Svobodin (9 Oct 1892), S. A. Shein (28 Oct 1892) and S. N. Dmitriev (4 Jan 1893).","occupation not stated; block sits at the end of the preceding (non-ballet) section on a shared page -- relevance inferred, verify against Roster"
1892-93,review_1892-93_SP_opera_p000,3,obituary,С. Н. Дмитріевъ,S. N. Dmitriev,not stated (Svobodin = drama actor),4 Jan 1893,none,"Умерли: П. М. Свободинъ (9 октября 1892 г.), С. А. Шеинъ (28 октября 1892 г.) и С. Н. Дмитріевъ (4 января 1893 г.).","Died: P. M. Svobodin (9 Oct 1892), S. A. Shein (28 Oct 1892) and S. N. Dmitriev (4 Jan 1893).","occupation not stated; block sits at the end of the preceding (non-ballet) section on a shared page -- relevance inferred, verify against Roster"
1892-93,review_1892-93_SP_opera_p038,2,memorial,М. И. Глинка,M. I. Glinka,composer,27 Nov 1892 (50th anniversary of Ruslan and Liudmila),mentions,"Собственно чествованіе М. И. Глинки состоялось послѣ 4-го дѣйствія. Занавѣсъ вновь поднялся и взорамъ публики представился бюстъ композитора, помѣщенный на площадкѣ лѣстницы замка Черномора; его окружали исполнители оперы, а внизу были сгруппированы прочіе артисты и представители различныхъ учрежденій. При звукахъ финала «Руслана и Людмилы» были возложены къ подножію бюста вѣнки: отъ артистовъ русской оперы, отъ хора русской оперы, отъ оркестра русской оперы, отъ артистовъ русской драмы, отъ артистовъ балета,","At the Ruslan 50th-jubilee performance Glinka's memory was honoured: his bust was displayed on stage and wreaths laid, including one from the ballet artists.","only ballet link is the wreath from the ballet artists; the jubilee itself is of the opera (p032 #2, p036 #3-4); his sister L. I. Shestakova was honoured 'за 50 лѣтъ службы брату'"
1892-93,review_1892-93_SP_opera_p051,2,jubilee,И. А. Мельникова,I. A. Mel'nikov,"opera singer (baritone), soloist of His Majesty",22 Jan 1893,none,"22-го января состоялся бенефисъ солиста Его Императорскаго Величества, артиста И. А. Мельникова, данный ему за 25-ти-лѣтнюю службу. Для этого спектакля была поставлена опера М. И Глинки—«Русланъ и Людмила» въ которой юбиляръ исполнилъ свою коронную роль Руслана.","On 22 January the benefit of I. A. Mel'nikov, given for 25 years of service; the jubilarian sang Ruslan.",normalised name: И. А. Мельниковъ; celebration described in #3
1892-93,review_1892-93_SP_opera_p057,7,obituary,М. Н. Казаковъ,M. N. Kazakov,opera chorus,16 Sep 1892,none,"Умерли: хористы—М. Н. Казаковъ (16 сентября 1892 г.), М. В. Безсоновъ (23 декабря 1892 г.) и хористка—Е. К. Моландеръ 1-я (2 іюня 1893 г.).","Died: choristers M. N. Kazakov (16 Sep 1892), M. V. Bezsonov (23 Dec 1892) and chorister E. K. Molander 1st (2 Jun 1893).",
1892-93,review_1892-93_SP_opera_p057,7,obituary,М. В. Безсоновъ,M. V. Bezsonov,opera chorus,23 Dec 1892,none,"Умерли: хористы—М. Н. Казаковъ (16 сентября 1892 г.), М. В. Безсоновъ (23 декабря 1892 г.) и хористка—Е. К. Моландеръ 1-я (2 іюня 1893 г.).","Died: choristers M. N. Kazakov (16 Sep 1892), M. V. Bezsonov (23 Dec 1892) and chorister E. K. Molander 1st (2 Jun 1893).",
1892-93,review_1892-93_SP_opera_p057,7,obituary,Е. К. Моландеръ 1-я,E. K. Molander 1st,opera chorus,2 Jun 1893,none,"Умерли: хористы—М. Н. Казаковъ (16 сентября 1892 г.), М. В. Безсоновъ (23 декабря 1892 г.) и хористка—Е. К. Моландеръ 1-я (2 іюня 1893 г.).","Died: choristers M. N. Kazakov (16 Sep 1892), M. V. Bezsonov (23 Dec 1892) and chorister E. K. Molander 1st (2 Jun 1893).",
1893-94,review_1893-94_MSK_ballet_p003,4,farewell,К. А. Щербакова,K. A. Shcherbakov,"régisseur of the ballet troupe, Moscow",26 Dec 1893,core,"26-го декабря состоялся прощальный бенефисъ режиссера балетной труппы К. А. Щербакова, оставившаго службу 1-го минувшаго октября.","On 26 December the farewell benefit of the ballet troupe's régisseur K. A. Shcherbakov, who left service on 1 October.",normalised name: К. А. Щербаковъ
1893-94,review_1893-94_MSK_ballet_p012,5,obituary,П. Е. Сергѣевъ,P. E. Sergeev,not stated (Moscow ballet review),5 Mar 1894,core,Умерли: П. Е. Сергѣевъ (5-го марта 1894 г.) и А. П. Виноградовъ (9-го мая 1894 г.).,Died: P. E. Sergeev (5 Mar 1894) and A. P. Vinogradov (9 May 1894).,occupation not stated; relevance inferred from placement in the season-end necrology of the ballet review -- verify against Roster
1893-94,review_1893-94_MSK_ballet_p012,5,obituary,А. П. Виноградовъ,A. P. Vinogradov,not stated (Moscow ballet review),9 May 1894,core,Умерли: П. Е. Сергѣевъ (5-го марта 1894 г.) и А. П. Виноградовъ (9-го мая 1894 г.).,Died: P. E. Sergeev (5 Mar 1894) and A. P. Vinogradov (9 May 1894).,occupation not stated; relevance inferred from placement in the season-end necrology of the ballet review -- verify against Roster
1893-94,review_1893-94_SP_ballet_p002,2,farewell,Евг. Соколовой,Evgeniia Sokolova,"ballerina, St Petersburg",25 Nov [1886],core,"Затѣмъ, въ томъ же году, 25-го ноября (въ прощальный бенефисъ балерины Евг. Соколовой), балетъ этотъ былъ данъ въ первый разъ на сценѣ Маріинскаго театра, причемъ составъ его исполнителей явился тотъ же, что и при постановкѣ его въ Петергофѣ.",Historical note: the ballet was first given at the Mariinsky on 25 November at the farewell benefit of the ballerina Evg. Sokolova.,"normalised name: Евгенія Соколова; historical back-reference, not a 1893-94 event; year from context ('въ томъ же году') not in this block"
1893-94,review_1893-94_SP_ballet_p025,3,obituary,Великой Княгини Екатерины Михайловны,Grand Duchess Ekaterina Mikhailovna,member of the Imperial family,before 1 May 1894,mentions,"Этотъ спектакль закончилъ собою сезонъ, такъ какъ съ 1-го мая театры были закрыты по случаю кончины Ея Императорскаго Высочества Великой Княгини Екатерины Михайловны.","This performance closed the season, as from 1 May the theatres were closed on account of the death of Grand Duchess Ekaterina Mikhailovna.",not a theatre person; included because the death closed the ballet season
1893-94,review_1893-94_SP_ballet_p025,6,obituary,Пучковъ,Puchkov,not stated (SP ballet review),4 Sep 1893,core,Умерли: г. Пучковъ (4 сентября 1893 г.) и г-жа Михайлова 1-я (12 декабря 1893 г.).,Died: Mr Puchkov (4 Sep 1893) and Mme Mikhailova 1st (12 Dec 1893).,occupation not stated; relevance inferred from placement in the season-end necrology of the ballet review -- verify against Roster
1893-94,review_1893-94_SP_ballet_p025,6,obituary,Михайлова 1-я,Mikhailova 1st,not stated (SP ballet review),12 Dec 1893,core,Умерли: г. Пучковъ (4 сентября 1893 г.) и г-жа Михайлова 1-я (12 декабря 1893 г.).,Died: Mr Puchkov (4 Sep 1893) and Mme Mikhailova 1st (12 Dec 1893).,occupation not stated; relevance inferred from placement in the season-end necrology of the ballet review -- verify against Roster
1893-94,review_1893-94_SP_opera_p041,5,obituary,Степановъ,Stepanov,opera chorister,31 Oct 1893,none,Умерли: хористъ—г. Степановъ (31-го октября 1893 г.) и хористка— г-жа Акимова (13-го января 1894 г.).,Died: the chorister Stepanov (31 Oct 1893) and the chorister Akimova (13 Jan 1894).,
1893-94,review_1893-94_SP_opera_p041,5,obituary,Акимова,Akimova,opera chorister,13 Jan 1894,none,Умерли: хористъ—г. Степановъ (31-го октября 1893 г.) и хористка— г-жа Акимова (13-го января 1894 г.).,Died: the chorister Stepanov (31 Oct 1893) and the chorister Akimova (13 Jan 1894).,
1894-95,review_1894-95_MSK_opera_p034,2,obituary,И. И. Ивановъ,I. I. Ivanov,not stated,10 May 1895,none,Умеръ И. И. Ивановъ (10-го мая 1895 г.).,I. I. Ivanov died (10 May 1895).,"same notice also printed as review_1894-95_MSK_ballet_p000 #2 (shared page at the head of the ballet review); placed at the end of the Moscow opera review, so relevance inferred none -- verify against Roster"
1894-95,review_1894-95_MSK_ballet_p008,8,obituary,Н. И. Татариновъ,N. I. Tatarinov,"dancer / mime, Moscow ballet",27 Jan 1895,core,Умеръ Н. И. Татариновъ (27-го января 1895 г.).,N. I. Tatarinov died (27 Jan 1895).,"occupation not stated here; Tatarinov appears in Moscow ballet casts (e.g. 1890-91 'Кипрская статуя', 1892 'Дочь фараона' as Pharaoh)"
1894-95,review_1894-95_SP_ballet_p004,9,farewell,М. К. Андерсонъ,M. K. Anderson,"ballet dancer, St Petersburg",8 Jan 1895,core,"8-го января состоялся прощальный бенефисъ М. К. Андерсонъ, въ настоящее время оправившейся отъ постигшаго ее несчастнаго случая (см. «Ежегодникъ Императорскихъ театровъ», сезона 1893—1894 гг., стр. 244), но всетаки, по состоянію своего здоровья, принужденной преждевременно покинуть балетную карьеру.","On 8 January the farewell benefit of M. K. Anderson, recovered from her accident but forced by her health to leave her ballet career prematurely.",programme in SP_ballet_p005 #3; back-referenced again in 1904-05 SP_ballet_p015 #3
1894-95,review_1894-95_SP_ballet_p011,4,memorial,П. И. Чайковскаго,P. I. Tchaikovsky,composer,17 and 22 Feb 1894,mentions,"въ спектакляхъ, посвященныхъ памяти П. И. Чайковскаго",Act 1 scene 2 of Swan Lake had been given at the Mariinsky the previous season (17 and 22 February) in performances dedicated to the memory of P. I. Tchaikovsky.,normalised name: П. И. Чайковскій; back-reference to 1893-94 memorial performances
1894-95,review_1894-95_SP_ballet_p021,3,memorial,Т. А. Стуколкина,T. A. Stukolkin,"dancer / mime, honoured artist, St Petersburg",5 Feb 1895 (died 18 Sep 1894),core,Четвертое представленіе (5-го февраля) «Лебединаго озера» было дано въ пользу вдовы и сиротъ умершаго въ обозрѣваемомъ сезонѣ (18-го сентября 1894 года) заслуженнаго артиста Т. А. Стуколкина.,"The 4th performance of Swan Lake (5 February) was given for the benefit of the widow and orphans of the honoured artist T. A. Stukolkin, who died this season (18 September 1894).",normalised name: Т. А. Стуколкинъ
1894-95,review_1894-95_SP_ballet_p021,8,obituary,Т. А. Стуколкинъ,T. A. Stukolkin,ballet (SP ballet review necrology),18 Sep 1894,core,"Умерли: Т. А. Стуколкинъ (18-го сентября 1894 г.), І. А. Дороѳеевъ (28-го ноября 1894 г.), Е. К. Смирнова (17-го апрѣля 1895 г.) и В. В. Волковъ (20-го августа 1895 г.).","Died: T. A. Stukolkin (18 Sep 1894), I. A. Dorofeev (28 Nov 1894), E. K. Smirnova (17 Apr 1895) and V. V. Volkov (20 Aug 1895).",Stukolkin is a known St Petersburg ballet mime/character dancer (see also p021 #3)
1894-95,review_1894-95_SP_ballet_p021,8,obituary,І. А. Дороѳеевъ,I. A. Dorofeev,ballet (SP ballet review necrology),28 Nov 1894,core,"Умерли: Т. А. Стуколкинъ (18-го сентября 1894 г.), І. А. Дороѳеевъ (28-го ноября 1894 г.), Е. К. Смирнова (17-го апрѣля 1895 г.) и В. В. Волковъ (20-го августа 1895 г.).","Died: T. A. Stukolkin (18 Sep 1894), I. A. Dorofeev (28 Nov 1894), E. K. Smirnova (17 Apr 1895) and V. V. Volkov (20 Aug 1895).",occupation not stated; relevance inferred from placement in the season-end necrology of the ballet review -- verify against Roster
1894-95,review_1894-95_SP_ballet_p021,8,obituary,Е. К. Смирнова,E. K. Smirnova,ballet (SP ballet review necrology),17 Apr 1895,core,"Умерли: Т. А. Стуколкинъ (18-го сентября 1894 г.), І. А. Дороѳеевъ (28-го ноября 1894 г.), Е. К. Смирнова (17-го апрѣля 1895 г.) и В. В. Волковъ (20-го августа 1895 г.).","Died: T. A. Stukolkin (18 Sep 1894), I. A. Dorofeev (28 Nov 1894), E. K. Smirnova (17 Apr 1895) and V. V. Volkov (20 Aug 1895).",occupation not stated; relevance inferred from placement in the season-end necrology of the ballet review -- verify against Roster
1894-95,review_1894-95_SP_ballet_p021,8,obituary,В. В. Волковъ,V. V. Volkov,ballet (SP ballet review necrology),20 Aug 1895,core,"Умерли: Т. А. Стуколкинъ (18-го сентября 1894 г.), І. А. Дороѳеевъ (28-го ноября 1894 г.), Е. К. Смирнова (17-го апрѣля 1895 г.) и В. В. Волковъ (20-го августа 1895 г.).","Died: T. A. Stukolkin (18 Sep 1894), I. A. Dorofeev (28 Nov 1894), E. K. Smirnova (17 Apr 1895) and V. V. Volkov (20 Aug 1895).",occupation not stated; relevance inferred from placement in the season-end necrology of the ballet review -- verify against Roster
1894-95,review_1894-95_SP_opera_p000,4,obituary,Е. И. Карпова,E. I. Karpova,not stated,20 Nov 1894,none,"Умерли: Е. И. Карпова (20-го ноября 1894 г.), А. Ф. Ѳедотовъ (11-го февраля 1895 г.) и Ж. А. Михайловская (22-го марта 1895 г.).","Died: E. I. Karpova (20 Nov 1894), A. F. Fedotov (11 Feb 1895) and Zh. A. Mikhailovskaia (22 Mar 1895).","occupation not stated; block sits at the end of the preceding (non-ballet) section on a shared page -- relevance inferred, verify against Roster"
1894-95,review_1894-95_SP_opera_p000,4,obituary,А. Ф. Ѳедотовъ,A. F. Fedotov,not stated,11 Feb 1895,none,"Умерли: Е. И. Карпова (20-го ноября 1894 г.), А. Ф. Ѳедотовъ (11-го февраля 1895 г.) и Ж. А. Михайловская (22-го марта 1895 г.).","Died: E. I. Karpova (20 Nov 1894), A. F. Fedotov (11 Feb 1895) and Zh. A. Mikhailovskaia (22 Mar 1895).","occupation not stated; block sits at the end of the preceding (non-ballet) section on a shared page -- relevance inferred, verify against Roster"
1894-95,review_1894-95_SP_opera_p000,4,obituary,Ж. А. Михайловская,Zh. A. Mikhailovskaia,not stated,22 Mar 1895,none,"Умерли: Е. И. Карпова (20-го ноября 1894 г.), А. Ф. Ѳедотовъ (11-го февраля 1895 г.) и Ж. А. Михайловская (22-го марта 1895 г.).","Died: E. I. Karpova (20 Nov 1894), A. F. Fedotov (11 Feb 1895) and Zh. A. Mikhailovskaia (22 Mar 1895).","occupation not stated; block sits at the end of the preceding (non-ballet) section on a shared page -- relevance inferred, verify against Roster"
1895-96,review_1895-96_MSK_ballet_p000,6,obituary,А. А. Арсеньевъ,A. A. Arsen'ev,chorister,7 Mar 1896,none,Умеръ хористъ А. А. Арсеньевъ (7-го марта 1896 г.).,The chorister A. A. Arsen'ev died (7 Mar 1896).,shared page: tail of the opera review
1895-96,review_1895-96_MSK_ballet_p002,5,jubilee,Манохина,Manokhin,"dancer, Moscow ballet",3 Feb 1896,core,"3-го февраля состоялся бенефисъ г. Манохина, данный ему за 25-ти-лѣтнюю службу на Императорской сценѣ.","On 3 February the benefit of Mr Manokhin, given for 25 years of service on the Imperial stage.","normalised name: Манохинъ; programme continues in p003 #6, p004 #3"
1895-96,review_1895-96_MSK_ballet_p014,5,obituary,О. Г. Бочкина,O. G. Bochkina,not stated (Moscow ballet review),11 Feb 1896,core,Умерли: О. Г. Бочкина (11-го февраля 1896 г.) и С. Г. Никитинъ (24-го іюля 1896 г.).,Died: O. G. Bochkina (11 Feb 1896) and S. G. Nikitin (24 Jul 1896).,occupation not stated; relevance inferred from placement in the season-end necrology of the ballet review -- verify against Roster
1895-96,review_1895-96_MSK_ballet_p014,5,obituary,С. Г. Никитинъ,S. G. Nikitin,not stated (Moscow ballet review),24 Jul 1896,core,Умерли: О. Г. Бочкина (11-го февраля 1896 г.) и С. Г. Никитинъ (24-го іюля 1896 г.).,Died: O. G. Bochkina (11 Feb 1896) and S. G. Nikitin (24 Jul 1896).,occupation not stated; relevance inferred from placement in the season-end necrology of the ballet review -- verify against Roster
1895-96,review_1895-96_SP_ballet_p017,3,jubilee,К. П. Ефимова,K. P. Efimov,"assistant régisseur (помощникъ режиссера), St Petersburg",10 Dec 1895,core,"Второе представленіе возобновленнаго балета — «Конекъ горбунокъ» было дано 10-го декабря, въ бенефисъ помощника режиссера К. П. Ефимова, предоставленный ему за 50-ти-лѣтнюю службу при Императорскихъ театрахъ","The 2nd performance of the revived Humpbacked Horse (10 December) was given at the benefit of assistant régisseur K. P. Efimov, granted for 50 years of service at the Imperial Theatres.",normalised name: К. П. Ефимовъ; troupe not named but the benefit was a ballet performance in the ballet review; refers to a career sketch in Yearbook 1894-95 pp. 331-332
1895-96,review_1895-96_SP_ballet_p027,7,obituary,В. И. Степановъ,V. I. Stepanov,not stated (SP ballet review),16 Jan 1896,core,"Умерли: В. И. Степановъ (16-го января 1896 г.), В. А. Корсакъ (19-го февраля 1896 г.), Н. П. Пуни (7-го іюня 1896 г.) и М. Н. Мессарошъ (20-го іюня 1896 г.).","Died: V. I. Stepanov (16 Jan 1896), V. A. Korsak (19 Feb 1896), N. P. Puni (7 Jun 1896) and M. N. Messarosh (20 Jun 1896).",occupation not stated; relevance inferred from placement in the season-end necrology of the ballet review -- verify against Roster; V. I. Stepanov is presumably the dancer and author of the dance-notation system (d. 1896)
1895-96,review_1895-96_SP_ballet_p027,7,obituary,В. А. Корсакъ,V. A. Korsak,not stated (SP ballet review),19 Feb 1896,core,"Умерли: В. И. Степановъ (16-го января 1896 г.), В. А. Корсакъ (19-го февраля 1896 г.), Н. П. Пуни (7-го іюня 1896 г.) и М. Н. Мессарошъ (20-го іюня 1896 г.).","Died: V. I. Stepanov (16 Jan 1896), V. A. Korsak (19 Feb 1896), N. P. Puni (7 Jun 1896) and M. N. Messarosh (20 Jun 1896).",occupation not stated; relevance inferred from placement in the season-end necrology of the ballet review -- verify against Roster
1895-96,review_1895-96_SP_ballet_p027,7,obituary,Н. П. Пуни,N. P. Puni,not stated (SP ballet review),7 Jun 1896,core,"Умерли: В. И. Степановъ (16-го января 1896 г.), В. А. Корсакъ (19-го февраля 1896 г.), Н. П. Пуни (7-го іюня 1896 г.) и М. Н. Мессарошъ (20-го іюня 1896 г.).","Died: V. I. Stepanov (16 Jan 1896), V. A. Korsak (19 Feb 1896), N. P. Puni (7 Jun 1896) and M. N. Messarosh (20 Jun 1896).",occupation not stated; relevance inferred from placement in the season-end necrology of the ballet review -- verify against Roster
1895-96,review_1895-96_SP_ballet_p027,7,obituary,М. Н. Мессарошъ,M. N. Messarosh,not stated (SP ballet review),20 Jun 1896,core,"Умерли: В. И. Степановъ (16-го января 1896 г.), В. А. Корсакъ (19-го февраля 1896 г.), Н. П. Пуни (7-го іюня 1896 г.) и М. Н. Мессарошъ (20-го іюня 1896 г.).","Died: V. I. Stepanov (16 Jan 1896), V. A. Korsak (19 Feb 1896), N. P. Puni (7 Jun 1896) and M. N. Messarosh (20 Jun 1896).",occupation not stated; relevance inferred from placement in the season-end necrology of the ballet review -- verify against Roster
1896-97,review_1896-97_MSK_ballet_p015,7,obituary,Н. А. Разуевъ,N. A. Razuev,not stated (Moscow ballet review),19 Dec 1896,core,Умеръ Н. А. Разуевъ (19-го декабря 1896 г.).,N. A. Razuev died (19 Dec 1896).,occupation not stated; relevance inferred from placement in the season-end necrology of the ballet review -- verify against Roster
1896-97,review_1896-97_SP_ballet_p008,2,jubilee,М. И. Петипа,M. I. Petipa (Marius),"chief ballet master, St Petersburg",8 Dec 1896,core,"8-го декабря состоялся въ Маріинскомъ театрѣ бенефисъ главнаго балетмейстера М. И. Петипа, данный ему за 50-ти-лѣтнюю службу.","On 8 December at the Mariinsky the benefit of the chief ballet master M. I. Petipa, given for 50 years of service; Bluebeard was premiered.",
1896-97,review_1896-97_SP_ballet_p028,3,obituary,Н. Н. Троицкая,N. N. Troitskaia,not stated (SP ballet review),26 Sep 1896,core,Умерли: Н. Н. Троицкая (26-го сентября 1896 г.) и К. А. Ахмакова (16-го августа 1897 г.).,Died: N. N. Troitskaia (26 Sep 1896) and K. A. Akhmakova (16 Aug 1897).,occupation not stated; relevance inferred from placement in the season-end necrology of the ballet review -- verify against Roster
1896-97,review_1896-97_SP_ballet_p028,3,obituary,К. А. Ахмакова,K. A. Akhmakova,not stated (SP ballet review),16 Aug 1897,core,Умерли: Н. Н. Троицкая (26-го сентября 1896 г.) и К. А. Ахмакова (16-го августа 1897 г.).,Died: N. N. Troitskaia (26 Sep 1896) and K. A. Akhmakova (16 Aug 1897).,occupation not stated; relevance inferred from placement in the season-end necrology of the ballet review -- verify against Roster
1897-98,review_1897-98_MSK_ballet_p018,5,jubilee,Домашева,Domashev,"dancer, Moscow ballet",12 Feb 1898,core,"12-го февраля, въ бенефисъ г. Домашева, который былъ ему данъ за 20-ти-лѣтнюю службу,","On 12 February the benefit of Mr Domashev, given for 20 years of service.",normalised name: Домашевъ
1897-98,review_1897-98_MSK_ballet_p022,4,farewell,І. Мендеса,I. Mendes (José Mendez),"ballet master, Moscow",15 Feb 1898,core,"15-го февраля, въ прощальный бенефисъ балетмейстера г. І. Мендеса, были поставлены балеты: «Шалости сверчка», «Фантазія» и «Фея нуколь»; составъ участвующихъ во всѣхъ этихъ трехъ балетахъ былъ тотъ же, что и въ предшествовавшихъ представленіяхъ.","On 15 February, at the farewell benefit of ballet master I. Mendes, the ballets 'Шалости сверчка', 'Фантазія' and 'Фея кукол' were given.",normalised name: І. Мендесъ
1897-98,review_1897-98_SP_ballet_p000,3,obituary,К. А. Кондараки,K. A. Kondaraki,artist (артистъ; troupe not stated),28 Aug 1898,none,Умерли: артистъ К. А. Кондараки (28-го августа 1898 г.) и хористка А. В. Анненкова (12-го декабря 1897 г.).,Died: the artist K. A. Kondaraki (28 Aug 1898) and the chorister A. V. Annenkova (12 Dec 1897).,"occupation not stated; block sits at the end of the preceding (non-ballet) section on a shared page -- relevance inferred, verify against Roster"
1897-98,review_1897-98_SP_ballet_p000,3,obituary,А. В. Анненкова,A. V. Annenkova,chorister,12 Dec 1897,none,Умерли: артистъ К. А. Кондараки (28-го августа 1898 г.) и хористка А. В. Анненкова (12-го декабря 1897 г.).,Died: the artist K. A. Kondaraki (28 Aug 1898) and the chorister A. V. Annenkova (12 Dec 1897).,shared page: tail of the opera review
1897-98,review_1897-98_SP_ballet_p014,5,jubilee,Куличевской,Kulichevskaia (Klavdiia),"ballet dancer, St Petersburg",16 Nov 1897,core,"16-го ноября состоялось третье представленіе балета—«Дочь микадо», которое было дано въ бенефисъ г-жи Куличевской, предоставленный ей за 20-ти-лѣтнюю службу;","On 16 November the 3rd performance of The Mikado's Daughter was given at the benefit of Mme Kulichevskaia, granted for 20 years of service.",normalised name: К. М. Куличевская
1897-98,review_1897-98_SP_ballet_p035,1,jubilee,Ф. И. Кшесинскаго 1-го,F. I. Kshesinskii 1st (Feliks),"character dancer, veteran of the SP ballet",8 Feb 1898,core,"8-го февраля состоялся въ Маріинскомъ театрѣ бенефисъ ветерана С.-Петербургской балетной труппы Ф. И. Кшесинскаго 1-го, данный ему по поводу исполнившагося 60-ти-лѣтія его артистической дѣятельности.","On 8 February at the Mariinsky the benefit of F. I. Kshesinskii 1st, veteran of the St Petersburg ballet troupe, on the 60th anniversary of his artistic activity.",normalised name: Ф. И. Кшесинскій 1-й; he danced the uhlan colonel 'only for his benefit' (p035 #2)
1897-98,review_1897-98_SP_ballet_p040,5,obituary,С. С. Литавкинъ,S. S. Litavkin,not stated (SP ballet review),17 Mar 1898,core,Умерли: С. С. Литавкинъ (17-го марта 1898 г.) и М. А. Дмитріевъ (28-го марта 1898 г.).,Died: S. S. Litavkin (17 Mar 1898) and M. A. Dmitriev (28 Mar 1898).,occupation not stated; relevance inferred from placement in the season-end necrology of the ballet review -- verify against Roster
1897-98,review_1897-98_SP_ballet_p040,5,obituary,М. А. Дмитріевъ,M. A. Dmitriev,not stated (SP ballet review),28 Mar 1898,core,Умерли: С. С. Литавкинъ (17-го марта 1898 г.) и М. А. Дмитріевъ (28-го марта 1898 г.).,Died: S. S. Litavkin (17 Mar 1898) and M. A. Dmitriev (28 Mar 1898).,occupation not stated; relevance inferred from placement in the season-end necrology of the ballet review -- verify against Roster
1899-00,review_1899-00_MSK_all_p007,2,jubilee,В. А. Макшеева,V. A. Maksheev,"actor, Malyi Theatre",25 Nov 1899,none,"25-го ноября, въ Маломъ театрѣ, состоялся бенефисъ артиста В. А. Макшеева (за 25-лѣтнюю службу).",On 25 November at the Malyi Theatre the benefit of the actor V. A. Maksheev (for 25 years of service).,normalised name: В. А. Макшеевъ
1899-00,review_1899-00_MSK_all_p021,3,jubilee,Рябова,Riabov (S. Ia.),"chief conductor of the ballet, Moscow",21 Nov 1899,core,"21-го ноября, въ Большомъ театрѣ, въ бенефисъ главнаго дирижеръ балета г. Рябова (за 50-лѣтнюю службу), былъ исполненъ балетъ: „Ная, и рыбакъ“ и „Карнавалъ“ (большой дивертисментъ).","On 21 November at the Bolshoi, at the benefit of the chief ballet conductor Mr Riabov (for 50 years of service), 'Naiad and the Fisherman' and 'Carnival' were given.",normalised name: С. Я. Рябовъ; initials from 1905-06 MSK_ballet_p018 #3
1899-00,review_1899-00_SP_ballet_p010,1,jubilee,Н. С. Аистова,N. S. Aistov,"chief régisseur (of the ballet), St Petersburg",21 Nov 1899,core,"наго режиссера Н. С. Аистова (за 25-лѣтнюю службу), былъ возобновленъ балетъ въ 4-хъ дѣйствіяхъ (5 картинахъ), соч. Ю. Перро, „Эсмеральда“. Музыка Ц. Пуни.","For the benefit of chief régisseur N. S. Aistov (for 25 years of service), Esmeralda was revived.","normalised name: Н. С. Аистовъ; sentence begins in SP_ballet_p008 #8 ('21-го ноября, для бенефиса глав-')"
1899-00,review_1899-00_SP_ballet_p015,2,jubilee,Л. И. Иванова,L. I. Ivanov,"ballet master, St Petersburg",5 Dec 1899,core,Второе представленіе балета „Эсмеральда“ было дано для бенефиса балетмейстера Л. И. Иванова (за 50-лѣтнюю службу)— 5-го декабря.,The 2nd performance of Esmeralda was given for the benefit of ballet master L. I. Ivanov (for 50 years of service) on 5 December.,normalised name: Л. И. Ивановъ
1899-00,review_1899-00_SP_ballet_p030,2,jubilee,Кшесинской 2-й,Kshesinskaia 2nd (Mathilde),"ballerina, St Petersburg",13 Feb 1900,core,"13-го февраля, въ бенефисъ г-жи Кшесинской 2-й (за 10-лѣтнюю службу), были поставлены въ 1-й разъ новые балеты: 1) „Арлекинада“ (въ 2-хъ дѣйствіяхъ), соч. М. И. Петипа, музыка Р. Дриго, и 2) „Времена года“ (въ 1 актѣ), соч. М. И. Петипа, музыка А. К. Глазунова.",On 13 February at the benefit of Mme Kshesinskaia 2nd (for 10 years of service) the new ballets Harlequinade and The Seasons were premiered.,normalised name: М. Ф. Кшесинская
1900-01,review_1900-01_MSK_opera_p019,2,farewell,А. П. Крутикова,A. P. Krutikova,"opera singer (mezzo), Moscow",25 Jan 1901,none,"25-го января, на сценѣ Большого театра, состоялся прощальный бенефисъ г-жи Крутиковой: А. П. Крутикова появилась на сценѣ московскаго театра въ сентябрѣ 1880 года. Въ этотъ 20-ти-лѣтній періодъ (съ 1880 г. по 1900 г.)","On 25 January at the Bolshoi the farewell benefit of Mme Krutikova, who had appeared on the Moscow stage since September 1880 (20 years).","jubilee celebration (address, wreaths, 'юбилярша') described in p020 #1"
1900-01,review_1900-01_MSK_opera_p020,2,jubilee,А. И. Барцаль,A. I. Bartsal',"chief régisseur of the Imperial Russian opera, Moscow",30 Jan 1901,none,"30-го января, въ Большомъ театрѣ, А. И. Барцаль, главный режиссеръ Императорской русской оперы, справлялъ бенефисомъ свой 25-ти-лѣтній юбилей служенія театру.","On 30 January at the Bolshoi A. I. Bartsal', chief régisseur of the Russian opera, celebrated his 25-year jubilee of service with a benefit.",
1900-01,review_1900-01_MSK_opera_p023,1,jubilee,Корсовымъ,Korsov,"opera singer (baritone), Moscow",12 Dec 1889,none,"Въ 1889 г. опера Мусоргскаго была возобновлена на сценѣ Большого театра г. Корсовымъ и г. Хохловымъ, праздновавшими въ ней одинъ (12-го декабря) двадцатипятилѣтіе, другой (16-го декабря) десятилѣтіе своей артистической дѣятельности,","Historical: in 1889 Boris Godunov was revived by Korsov and Khokhlov, who celebrated in it the 25th (Korsov, 12 Dec) and 10th (Khokhlov, 16 Dec) anniversaries of their artistic activity.","normalised name: Корсовъ; historical back-reference, not a 1900-01 event"
1900-01,review_1900-01_MSK_opera_p023,1,jubilee,Хохловымъ,Khokhlov,"opera singer (baritone), Moscow",16 Dec 1889,none,"Въ 1889 г. опера Мусоргскаго была возобновлена на сценѣ Большого театра г. Корсовымъ и г. Хохловымъ, праздновавшими въ ней одинъ (12-го декабря) двадцатипятилѣтіе, другой (16-го декабря) десятилѣтіе своей артистической дѣятельности,","Historical: in 1889 Boris Godunov was revived by Korsov and Khokhlov, who celebrated in it the 25th (Korsov, 12 Dec) and 10th (Khokhlov, 16 Dec) anniversaries of their artistic activity.","normalised name: Хохловъ; historical back-reference, not a 1900-01 event"
1900-01,review_1900-01_SP_ballet_p008,3,jubilee,П. А. Гердтъ,P. A. Gerdt (Pavel),"premier dancer / mime, St Petersburg",3 Dec 1900,core,"3-го декабря, въ бенефисъ, данный г-ну П. А. Гердтъ за 40-лѣтнюю службу, была","On 3 December, at the benefit given to P. A. Gerdt for 40 years of service ...",block truncated in source text
1900-01,review_1900-01_SP_ballet_p020,2,jubilee,Лукьянова,Luk'ianov,"dancer, St Petersburg",6 Dec 1900,core,6-го декабря „Баядерка“ была повторена въ бенефисъ г-на Лукьянова за 25-лѣт-нюю службу.,On 6 December La Bayadère was repeated at the benefit of Mr Luk'ianov for 25 years of service.,normalised name: Лукьяновъ
1900-01,review_1900-01_SP_ballet_p030,5,jubilee,Маріи Петипа,Mariia Petipa (Mariia Mariusovna),"character dancer, St Petersburg",4 Feb 1901,core,"4-го февраля, въ бенефисъ г-жи Маріи Петипа, за 25-лѣтнюю службу былъ данъ слѣдующій спектакль:","On 4 February, at the benefit of Mme Mariia Petipa for 25 years of service, the following performance was given (La Vivandière, etc.).",normalised name: М. М. Петипа 1-я
1901-02,review_1901-02_SP_ballet_p008,2,jubilee,А. Ф. Бекефи,A. F. Bekefi (Alfred),"character dancer, St Petersburg",21 Nov 1901,core,"21-го ноября, на сценѣ Маріинскаго театра, состоялся бенефисъ А. Ф. Бекефи, данный ему за его 25-лѣтнюю службу;","On 21 November at the Mariinsky the benefit of A. F. Bekefi, given for his 25 years of service.",
1901-02,review_1901-02_SP_ballet_p024,3,farewell,Іогансона,Johansson (Christian),"dancer, then teacher at the Theatre School, St Petersburg",20 Jan 1902,core,"20-го января, въ Маріинскомъ театрѣ, состоялся бенефисъ г. Іогансона, покинувшаго службу послѣ 62-хъ-лѣтняго пребыванія въ петербургскомъ балетѣ въ качествѣ артиста, а потомъ преподавателя танцевъ въ училищѣ ¹). Маститый артистъ для своего прощальнаго бенефиса","On 20 January at the Mariinsky the benefit of Mr Johansson, who left service after 62 years in the St Petersburg ballet as artist and then dance teacher at the School; for his farewell benefit Don Quixote was revived.",normalised name: Х. П. Іогансонъ
1901-02,review_1901-02_SP_ballet_p030,2,farewell,Чекетти,Cecchetti (Enrico),"dancer / ballet master, St Petersburg",27 Jan 1902,core,"27-го января, въ прощальный бенефисъ г. Чекетти, прослужившаго 15 лѣтъ въ Петербургской балетной труппѣ и принявшаго мѣсто балет-","On 27 January, at the farewell benefit of Mr Cecchetti, who served 15 years in the St Petersburg ballet troupe and accepted the post of ballet master [...]",normalised name: Э. Чекетти; block truncated mid-sentence in source text
1902-03,review_1902-03_MSK_ballet_p021,3,jubilee,Н. П. Домашева,N. P. Domashev,"dancer, Moscow ballet",1 Dec 1902,core,"1 декабря въ Большомъ театрѣ состоялся бенефисъ Н. П. Домашева (за 25-лѣтнюю службу),",On 1 December at the Bolshoi the benefit of N. P. Domashev (for 25 years of service); Esmeralda (Daughter of Gudule) given for the 2nd time.,normalised name: Н. П. Домашевъ
1902-03,review_1902-03_MSK_opera_p000,3,jubilee,Р. В. Васильевскаго,R. V. Vasil'evskii,"opera régisseur, Moscow",30 Aug 1902,none,Въ одномъ изъ антрактовъ происходило на сценѣ чествованіе опернаго режиссера Р. В. Васильевскаго по случаю исполнившагося двадцатипятилѣтія его службы при дирекціи Императорскихъ театровъ.,In one of the intervals the opera régisseur R. V. Vasil'evskii was honoured on stage on the 25th anniversary of his service with the Imperial Theatres directorate.,normalised name: Р. В. Васильевскій
1902-03,review_1902-03_MSK_opera_p008,5,jubilee,М. А. Дейша-Сіоницкой,M. A. Deisha-Sionitskaia,"opera singer (soprano), Moscow",11 Dec 1902,none,"11-го декабря въ Большомъ театрѣ, въ виду окончанія въ этомъ сезонѣ 20-ти лѣтней службы М. А. Дейша-Сіоницкой, въ ея бенефисъ","On 11 December at the Bolshoi, in view of the completion this season of M. A. Deisha-Sionitskaia's 20 years of service, Mefistofele was given at her benefit.",normalised name: М. А. Дейша-Сіоницкая
1902-03,review_1902-03_SP_ballet_p012,7,jubilee,Ф. И. Кшесинскаго,F. I. Kshesinskii (Feliks),"character dancer, honoured artist, St Petersburg",19 Jan 1903,core,"19-го января на сценѣ Маріинскаго театра, въ бенефисъ заслуженнаго артиста Ф. И. Кшесинскаго, за 65-ти-лѣтнюю его сценическую дѣятельность, былъ данъ въ 203-й разъ балетъ въ 4-хъ дѣйствіяхъ и 9 картинахъ, съ прологомъ и эпилогомъ, «Дочь Фараона», соч. Сень-Жоржа, М. Петипа, музыка Ц. Пуни.","On 19 January at the Mariinsky, at the benefit of honoured artist F. I. Kshesinskii for his 65 years of stage activity, The Daughter of Pharaoh was given for the 203rd time.",normalised name: Ф. И. Кшесинскій
1902-03,review_1902-03_SP_opera_p029,4,jubilee,М. А. Славиной,M. A. Slavina,"opera singer (mezzo), soloist of His Majesty",29 Jan 1903,none,29-го января въ Маріинскомъ театрѣ состоялся бенефисъ солистки Его Величества М. А. Славиной за 25-ти-лѣтнюю службу.,On 29 January at the Mariinsky the benefit of soloist of His Majesty M. A. Slavina for 25 years of service.,normalised name: М. А. Славина
1903-04,review_1903-04_MSK_ballet_p019,3,jubilee,Н. Хлюстина,N. Khliustin (Ivan N.?),"dancer / ballet master, Moscow",30 Nov 1903,core,"30-го ноября въ бенефисъ за 25-тилѣтнюю службу и прощальный артиста Н. Хлюстина исполнено было во 2-й разъ „Золотая рыбка“, съ участіемъ балеринъ: г-жъ Рославлевой, Гельцеръ и Гримальды.","On 30 November, at the benefit of the artist N. Khliustin for 25 years of service, which was also his farewell, The Golden Fish was given for the 2nd time.",normalised name: Н. Хлюстинъ; same benefit was also his farewell (separate farewell row)
1903-04,review_1903-04_MSK_ballet_p019,3,farewell,Н. Хлюстина,N. Khliustin,"dancer / ballet master, Moscow",30 Nov 1903,core,"30-го ноября въ бенефисъ за 25-тилѣтнюю службу и прощальный артиста Н. Хлюстина исполнено было во 2-й разъ „Золотая рыбка“, съ участіемъ балеринъ: г-жъ Рославлевой, Гельцеръ и Гримальды.","On 30 November, at the benefit of the artist N. Khliustin for 25 years of service, which was also his farewell, The Golden Fish was given for the 2nd time.",normalised name: Н. Хлюстинъ; same benefit was also a 25-year jubilee (separate jubilee row)
1903-04,review_1903-04_SP_ballet_p011,2,farewell,М. Ф. Кшесинской,M. F. Kshesinskaia (Mathilde),"ballerina, St Petersburg",4 Feb 1904,core,"4-го февраля въ Мариинскомъ театрѣ состоялся прощальный бенефисъ М. Ф. Кшесинской. М. Ф. Кшесинская дебютировала въ качествѣ самостоятельной балерины въ балетѣ „Калькабрино“ въ сезонъ 1892— 1893 гг.,","On 4 February at the Mariinsky the farewell benefit of M. F. Kshesinskaia, who debuted as a ballerina in Calcabrino in 1892-93; career sketch and farewell roles (Lise in La Fille mal gardée, Odette) follow.","normalised name: М. Ф. Кшесинская; she later returned as guest ballerina (see her 20-year jubilee, 1910-11)"
1904-05,review_1904-05_SP_ballet_p015,3,farewell,г-жа Андерсенъ,Anderson (M. K.),"ballet dancer, St Petersburg",8 Jan 1895,core,"г-жа Андерсенъ въ 1895 г., въ свой прощальный бенефисъ 8-го января.",Historical note on Le Marché des Innocents: Lisette was later danced by Mme Andersen in 1895 at her farewell benefit on 8 January.,normalised name: М. К. Андерсонъ; historical back-reference to the farewell recorded in 1894-95 SP_ballet_p004 #9 (spelled Андерсонъ there)
1905-06,review_1905-06_MSK_ballet_p017,4,jubilee,К. С. Кувакина,K. S. Kuvakin,"ballet artist, Moscow",15 Jan 1906,core,"15-го января, въ Большомъ театрѣ состоялся бенефисъ артиста балетной труппы К. С. Кувакина (за 25-ти лѣтнюю службу), съ участіемъ артистки Императорскихъ С.-Петербургскихъ театровъ А. П. Пав-","On 15 January at the Bolshoi the benefit of ballet-troupe artist K. S. Kuvakin (for 25 years of service), with the participation of A. P. Pavlova of the St Petersburg theatres.",normalised name: К. С. Кувакинъ; block truncated; p024 #5 says Pavlova 2nd danced in The Daughter of Pharaoh at this benefit
1905-06,review_1905-06_MSK_ballet_p018,2,farewell,А. Ю. Гербера,A. Iu. Gerber,"conductor (капельмейстеръ) of the ballet orchestra, Moscow",12 Feb 1906,core,12-го февраля состоялся въ Большомъ театрѣ прощальный бенефисъ сапельмейстера балетнаго оркестра А. Ю. Гербера.,"On 12 February at the Bolshoi the farewell benefit of A. Iu. Gerber, conductor of the ballet orchestra; The Golden Fish was given.","normalised name: А. Ю. Герберъ; 'сапельмейстера' is the source's OCR/typo for капельмейстера; p018 #3 gives career (son of Iu. G. Gerber, rehearsal pianist, assistant to S. Ia. Riabov) and notes the ballet troupe gave him a laurel wreath"
1905-06,review_1905-06_SP_ballet_p007,2,jubilee,Е. Дриго,R. E. Drigo (Riccardo),"conductor / ballet composer, St Petersburg",18 Dec 1905,core,18-го декабря состоялся бенефисъ капельмейстера г. Е. Дриго за XXV лѣтнюю службу. Въ составъ бенефиса юбиляра вошли три балета:,"On 18 December the benefit of conductor R. Drigo for 25 years of service; the jubilarian's programme comprised three ballets: The Enchanted Forest, Harlequinade and Le Talisman (act 2).",normalised name: Р. Е. Дриго; text prints 'г. Е. Дриго' (initial as printed)
1905-06,review_1905-06_SP_ballet_p008,7,farewell,А. Ф. Бекеффи,A. F. Bekefi (Alfred),"character dancer, St Petersburg",29 Jan 1906,core,29 января состоялся прощальный бенефисъ артиста А. Ф. Бекеффи. А. Ф. Бекеффи простился съ публикою въ роли царя Нубійскаго въ балетѣ гг. Сень-Жоржа и М. Петипа „Дочь Фараона,"On 29 January the farewell benefit of the artist A. F. Bekefi, who took leave of the public as the Nubian King in The Daughter of Pharaoh.",
1905-06,review_1905-06_SP_ballet_p009,2,jubilee,П. А. Гердтъ,P. A. Gerdt (Pavel),"premier dancer / mime, soloist of His Majesty, St Petersburg",12 Feb 1906,core,"12-го февраля, для закрытія балетныхъ спектаклей передъ Великимъ постомъ, состоялся бенефисъ солиста Его Величества П. А. Гердтъ за XLV- лѣтнюю службу.","On 12 February, closing the ballet performances before Lent, the benefit of soloist of His Majesty P. A. Gerdt for 45 years of service took place; a career sketch follows.","jubilee ceremony described in p010 #2 (whole ballet troupe on stage, gift from colleagues, wreaths from drama, French troupe, telegram from opera)"
1906-07,review_1906-07_MSK_ballet_p006,6,jubilee,В. Ѳ. Гельцеръ,V. F. Geltser (Vasilii),"mime / character dancer, honoured artist, Moscow",21 Jan 1907,core,"21-го января въ бенефисъ заслуженнаго артиста Императорскихъ театровъ В. Ѳ. Гельцеръ (за пятидесятилѣтнюю службу и прощальный), съ участиемъ заслуженной артистки Императорскихъ театровъ М. Ф. Кшесинской и артиста Императорскихъ С.-Петербургскихъ театровъ г. Фокина,","On 21 January, at the benefit of honoured artist V. F. Geltser (for 50 years of service, and his farewell), with M. F. Kshesinskaia and M. Fokine ...",same benefit was also his farewell (separate farewell row); he played Marcelina in La Fille mal gardée
1906-07,review_1906-07_MSK_ballet_p006,6,farewell,В. Ѳ. Гельцеръ,V. F. Geltser (Vasilii),"mime / character dancer, honoured artist, Moscow",21 Jan 1907,core,"21-го января въ бенефисъ заслуженнаго артиста Императорскихъ театровъ В. Ѳ. Гельцеръ (за пятидесятилѣтнюю службу и прощальный), съ участиемъ заслуженной артистки Императорскихъ театровъ М. Ф. Кшесинской и артиста Императорскихъ С.-Петербургскихъ театровъ г. Фокина,","On 21 January, at the benefit of honoured artist V. F. Geltser (for 50 years of service, and his farewell), with M. F. Kshesinskaia and M. Fokine ...",same benefit was also a 50-year jubilee (separate jubilee row)
1906-07,review_1906-07_SP_ballet_p005,4,jubilee,А. К. Глазунова,A. K. Glazunov,composer,28 Jan 1907,mentions,"28-го января, по случаю 25-лѣтней композиторской дѣятельности А. К. Глазунова, артистами Императорскихъ театровъ представлено было 1) «Испытаніе Дамиса», балетъ въ 1-мъ актѣ, сочин. балетмейстера Маріуса Петипа, солиста Его Величества, музыка А. Глазунова, декорація г. Ламбина. Балетъ этотъ былъ данъ въ первый разъ на сценѣ Императорскаго Эрмитажа 17-го января 1900 г. (смотрите «Ежегодникъ Императорскихъ Театровъ» 1900 г. стр. 120), роли въ которомъ были распредѣлены такъ: графиня Люсиндъ—г-жа Кускова; Изабелла, ея дочь—г-жа Преображенская; Маріетта, субретка Изабеллы—г-жа Вилль; Дамисъ, женихъ Изабеллы—г-нъ Кшесинскій.","On 28 January, on the occasion of A. K. Glazunov's 25 years of composing activity, the Imperial artists performed 'Испытаніе Дамиса' (ballet, Petipa / Glazunov) ...","normalised name: А. К. Глазуновъ; Glazunov's career not mainly ballet, but the jubilee was marked with his ballet(s); programme continues beyond this block"
1907-08,review_1907-08_SP_ballet_p009,3,farewell,М. М. Петипа,M. M. Petipa (Mariia Mariusovna),"character dancer, honoured artist, St Petersburg",11 Nov 1907,core,"11-го ноября состоялся прощальный бенефисъ заслуженной артистки Императорскихъ театровъ М. М. Петипа, при участіи заслуженной артистки Императорскихъ театровъ М. Кшесинской, балеринъ: О. Преображенской, В. Трефиловой, А. Павловой 2 и солиста Его Величества П. Гердта. Бенефисъ М. М. Петипа былъ данъ за тридцать лѣтъ службы ея въ Императорскомъ Петербургскомъ балетѣ, такъ какъ она послѣдній годъ пользовалась отпускомъ и не танцовала.","On 11 November the farewell benefit of honoured artist M. M. Petipa (with Kshesinskaia, Preobrazhenskaia, Trefilova, Pavlova 2nd and Gerdt); it was given for her thirty years of service in the St Petersburg ballet, as she had spent the last year on leave and not danced.","same benefit = 30-year jubilee (separate jubilee row); ceremony in p010 #1 (Gerdt's address, gifts)"
1907-08,review_1907-08_SP_ballet_p009,3,jubilee,М. М. Петипа,M. M. Petipa (Mariia Mariusovna),"character dancer, honoured artist, St Petersburg",11 Nov 1907,core,"Бенефисъ М. М. Петипа былъ данъ за тридцать лѣтъ службы ея въ Императорскомъ Петербургскомъ балетѣ, такъ какъ она послѣдній годъ пользовалась отпускомъ и не танцовала.",The benefit of M. M. Petipa was given for thirty years of her service in the Imperial St Petersburg ballet ...; 'the jubilarian debuted in 1875'.,same benefit was her farewell (separate farewell row)
1907-08,review_1907-08_SP_ballet_p015,1,obituary,Гиллертъ,Gillert,"mime artist (мимическій артистъ), St Petersburg ballet",season 1907-08,core,Скончался мимический артистъ г. Гиллертъ.,The mime artist Mr Gillert died.,season summary (p014 #7 -> p015 #1)
1908-09,review_1908-09_MSK_ballet_p001,4,jubilee,А. Ф. Арендса,A. F. Arends (Andrei),"conductor (капельмейстеръ) of the ballet, Moscow",30 Nov 1908,core,"Въ воскресенье, 30-го ноября, состоялся одинъ изъ интереснѣйшихъ спектаклей сезона: бенефисъ капельмейстера балета А. Ф. Арендса, данный ему за двадцатипятилѣтнюю службу. А. Ф. Арендсъ,—москвичъ по","On Sunday 30 November one of the most interesting performances of the season: the benefit of the ballet conductor A. F. Arends, given for twenty-five years of service.",normalised name: А. Ф. Арендсъ; block truncated
1908-09,review_1908-09_SP_ballet_p003,3,obituary,Великій Князь Владиміръ Александровичъ,Grand Duke Vladimir Aleksandrovich,member of the Imperial family,4 Feb 1909,mentions,"Въ среду, 4 февраля, скоропостижно скончался Великій Князь Владиміръ Александровичъ.",On Wednesday 4 February Grand Duke Vladimir Aleksandrovich died suddenly.,"not a theatre person; included because his death cancelled performances incl. the ballets Sleeping Beauty (6 Feb) and Humpbacked Horse (7 Feb) -- p003 #4, p005 #5"
1910-11,review_1910-11_SP_ballet_p004,5,jubilee,П. А. Гердтъ,P. A. Gerdt (Pavel),"dancer / mime, St Petersburg",12 Dec 1910,core,"12-го декабря произошло крупное событіе: въ этотъ день справлялъ бенефисъ за 50-лѣтнюю службу неувядаемый П. А. Гердтъ. Онъ родился въ 1844-мъ году, поступилъ на службу въ 1861-мъ.","On 12 December a major event: the indefatigable P. A. Gerdt celebrated his benefit for 50 years of service; born 1844, entered service 1861.","continues p005 #2: Bluebeard newly staged by Legat, Gerdt as Bluebeard, Kshesinskaia as Isora"
1910-11,review_1910-11_SP_ballet_p005,6,jubilee,М. Ф. Кшесинская,M. F. Kshesinskaia (Mathilde),"ballerina (guest), St Petersburg",13 Feb 1911,core,13-го февраля было другое крупное торжество: праздновала свой 20-лѣтній юбилей М. Ф. Кшесинская.,On 13 February another great celebration: M. F. Kshesinskaia celebrated her 20-year jubilee.,"programme in p006 #3 (Don Quixote act 1, Paquita act 3, Fiametta act 2)"
1910-11,review_1910-11_SP_opera_p002,2,memorial,Глинки,M. I. Glinka,composer,1907 (50th anniversary of death),none,пріуроченного къ праздновавшемуся въ 1907 г. 50-лѣтію со дня кончины Глинки.,A Life for the Tsar was given in the production last renewed for the 1907 commemoration of the 50th anniversary of Glinka's death.,normalised name: М. И. Глинка; historical back-reference
1910-11,review_1910-11_SP_opera_p009,3,farewell,О. О. Палечека,O. O. Palechek (Josef Paleček),"opera singer / régisseur, honoured artist",14 Feb 1910,none,"впервые поставленная на Маріинской сценѣ 14 февраля 1910 г. въ прощальный бенефисъ заслуженного артиста Императорскихъ театровъ О. О. Палечека (артистъ этотъ, нынѣ покинувшій сцену, прослужилъ на ней 40 лѣтъ)","The Captain's Daughter was first staged on 14 February 1910 at the farewell benefit of honoured artist O. O. Palechek (who has now left the stage, having served 40 years).",normalised name: О. О. Палечекъ
1910-11,review_1910-11_SP_opera_p014,4,memorial,Верди,Verdi (Giuseppe),composer,10th anniversary of death (d. 14 Jan 1901),none,"Недавно истекшее 10-лѣтіе со дня смерти Верди († 14 января 1901) заставляетъ съ признательностью вспомнить о заслугахъ этого во всякомъ случаѣ замѣчательнаго композитора,",The recently passed 10th anniversary of Verdi's death (d. 14 January 1901) prompts grateful remembrance of this remarkable composer.,"reviewer's commemorative aside, not a performance"
