season,issue,source_image,toc_heading_verbatim,item_verbatim,item_english,printed_pages,kind,looks_ballet,notes
1908-09,1909 Vol I,1909_Vol_I__1908-09_Frontpages_p03.png,СОДЕРЖАНІЕ,,,,no_items,no,"Contents fully read; nothing jubilee/obituary. 'Отрывки изъ воспоминаній Н. С. Васильевой' (I,1-8) is a memoir, not a jubilee. Contents may continue on cover p.3 (not scanned)."
1908-09,1909 Vol II,1909_Vol_II__1908-09_Frontpages_p03.png,СОДЕРЖАНІЕ,,,,no_items,no,"Contents read; Gogol-themed issue, no jubilee/obituary items. Continues on cover p.3 ('Продолженіе см. на 3 стр. обложки') - not scanned."
1908-09,1909 Vol III,1909_Vol_III__1908-09_Frontpages_p02.png,СОДЕРЖАНІЕ,Ѳедоръ Кони и старый водевиль. (Къ тридцатилѣтію смерти Ѳ. А. Кони). А. Измайлова (Смоленскаго).,"Fyodor Koni and the old vaudeville (on the 30th anniversary of F. A. Koni's death), by A. Izmailov (Smolensky)","III, 1–37",memorial,no — vaudeville playwright,"Pages from annual index (§V/name index: 'Кони, Ѳ., драм. (1809–1879) уп. въ ст. А. Измайлова, III, 1–37')."
1908-09,1909 Vol IV,1909_Vol_IV__1908-09_Frontpages_p03.png,СОДЕРЖАНІЕ,Двѣ забытыя русскія танцовщицы М. В. Карнѣева,"Two forgotten Russian dancers, by M. V. Karneev","IV, 120–129",other,yes — on dancers Андреянова and Богданова,"Not a jubilee/obituary: historical biographical article; included for ballet relevance. Index: 'Андреянова, С. А., танцовщица' (§IV) vs 'Андреянова, Е. А. изв. танцовщица' (name index) — index disagrees with itself on initial; Богданова, Н. К."
1908-09,1909 Vol V,1909_Vol_V__1908-09_Frontpages_p03.png,СОДЕРЖАНІЕ,Двѣ послѣднія встрѣчи съ Ант. Пав. Чеховымъ Евт. П. Карпова.,"Two last meetings with Anton Pavlovich Chekhov, by Evt. P. Karpov","V, 1–9",other,no,"Reminiscence of the late Chekhov, not framed as memorial/anniversary; listed for completeness. No other items."
1908-09,1909 Vols VI–VII,1909_Vol_VI-VII__1908-09_Frontpages_p03.png; pages from 1909_Vol_VI-VII__1908-09_Endpages_AnnualIndex_p02-p03.png (§IV) + p07-p13 (name index),Некрологи (1908—1909 г.):,Памяти св. Димитрія Ростовскаго.,In memory of St Dimitry of Rostov (1651–1709; churchman-dramatist),"VI–VII, 121",memorial,no,
1908-09,1909 Vols VI–VII,1909_Vol_VI-VII__1908-09_Frontpages_p03.png; pages from 1909_Vol_VI-VII__1908-09_Endpages_AnnualIndex_p02-p03.png (§IV) + p07-p13 (name index),Некрологи (1908—1909 г.):,И. А. Всеволожскій.,I. A. Vsevolozhsky (former Director of Imperial Theatres; director of the Hermitage),"VI–VII, 122–123",obituary,yes — as Director commissioned and costumed Петипа ballets (Спящая красавица etc.),"Index: 'директ. Имп. Эрмитажа, некр.'"
1908-09,1909 Vols VI–VII,1909_Vol_VI-VII__1908-09_Frontpages_p03.png; pages from 1909_Vol_VI-VII__1908-09_Endpages_AnnualIndex_p02-p03.png (§IV) + p07-p13 (name index),Некрологи (1908—1909 г.):,В. В. Билибинъ.,"V. V. Bilibin (dramatist, 1859–1908)","VI–VII, 123–124",obituary,no,
1908-09,1909 Vols VI–VII,1909_Vol_VI-VII__1908-09_Frontpages_p03.png; pages from 1909_Vol_VI-VII__1908-09_Endpages_AnnualIndex_p02-p03.png (§IV) + p07-p13 (name index),Некрологи (1908—1909 г.):,П. И. Вейнбергъ.,"P. I. Weinberg (writer/translator, 1830–1908)","VI–VII, 124–125",obituary,no,
1908-09,1909 Vols VI–VII,1909_Vol_VI-VII__1908-09_Frontpages_p03.png; pages from 1909_Vol_VI-VII__1908-09_Endpages_AnnualIndex_p02-p03.png (§IV) + p07-p13 (name index),Некрологи (1908—1909 г.):,М. П. Владиславлевъ.,M. P. Vladislavlev (actor),"VI–VII, 125–126",obituary,no,Name index gives 125 only.
1908-09,1909 Vols VI–VII,1909_Vol_VI-VII__1908-09_Frontpages_p03.png; pages from 1909_Vol_VI-VII__1908-09_Endpages_AnnualIndex_p02-p03.png (§IV) + p07-p13 (name index),Некрологи (1908—1909 г.):,В. Ѳ. Гельцеръ.,V. F. Geltser (Moscow ballet mime; father of Ekaterina Geltser),"VI–VII, 126–127",obituary,yes — Bolshoi ballet artist,"Index: 'Гельцеръ, В. Ѳ., арт., некр.'"
1908-09,1909 Vols VI–VII,1909_Vol_VI-VII__1908-09_Frontpages_p03.png; pages from 1909_Vol_VI-VII__1908-09_Endpages_AnnualIndex_p02-p03.png (§IV) + p07-p13 (name index),Некрологи (1908—1909 г.):,Г. Н. Грессеръ,G. N. Gresser,"VI–VII, 127",obituary,maybe — unidentified; index 'арт. и драм.',
1908-09,1909 Vols VI–VII,1909_Vol_VI-VII__1908-09_Frontpages_p03.png; pages from 1909_Vol_VI-VII__1908-09_Endpages_AnnualIndex_p02-p03.png (§IV) + p07-p13 (name index),Некрологи (1908—1909 г.):,І. Левинскій (изъ воспоминаній о немъ) М. Карнѣева.,"I. Levinsky (from reminiscences of him), by M. Karneev","VI–VII, 128–130 (§IV) / 129–131 (name index) / 128–131 (Карнѣевъ entry)",obituary,no — actor,Index page ranges disagree.
1908-09,1909 Vols VI–VII,1909_Vol_VI-VII__1908-09_Frontpages_p03.png; pages from 1909_Vol_VI-VII__1908-09_Endpages_AnnualIndex_p02-p03.png (§IV) + p07-p13 (name index),Некрологи (1908—1909 г.):,А. П. Ленскій.,A. P. Lensky (Maly Theatre actor),"VI–VII, 131–132",obituary,no,
1908-09,1909 Vols VI–VII,1909_Vol_VI-VII__1908-09_Frontpages_p03.png; pages from 1909_Vol_VI-VII__1908-09_Endpages_AnnualIndex_p02-p03.png (§IV) + p07-p13 (name index),Некрологи (1908—1909 г.):,В. М. Михѣевъ.,V. M. Mikheev (dramatist),"VI–VII, 132–133",obituary,no,Name index: 132.
1908-09,1909 Vols VI–VII,1909_Vol_VI-VII__1908-09_Frontpages_p03.png; pages from 1909_Vol_VI-VII__1908-09_Endpages_AnnualIndex_p02-p03.png (§IV) + p07-p13 (name index),Некрологи (1908—1909 г.):,Ѳ. А. Парамоновъ.,F. A. Paramonov (artist),"VI–VII, 133–134",obituary,no,§IV prints '133 и 139' (likely misprint); name index '133 и 134'.
1908-09,1909 Vols VI–VII,1909_Vol_VI-VII__1908-09_Frontpages_p03.png; pages from 1909_Vol_VI-VII__1908-09_Endpages_AnnualIndex_p02-p03.png (§IV) + p07-p13 (name index),Некрологи (1908—1909 г.):,А. А. Потѣхинъ.,"A. A. Potekhin (dramatist, 1829–1908)","VI–VII, 134–135",obituary,no,
1908-09,1909 Vols VI–VII,1909_Vol_VI-VII__1908-09_Frontpages_p03.png; pages from 1909_Vol_VI-VII__1908-09_Endpages_AnnualIndex_p02-p03.png (§IV) + p07-p13 (name index),Некрологи (1908—1909 г.):,В. С. Ремизовъ.,V. S. Remizov (artist),"VI–VII, 135–136",obituary,no,Name index: 135.
1908-09,1909 Vols VI–VII,1909_Vol_VI-VII__1908-09_Frontpages_p03.png; pages from 1909_Vol_VI-VII__1908-09_Endpages_AnnualIndex_p02-p03.png (§IV) + p07-p13 (name index),Некрологи (1908—1909 г.):,А. А. Ридаль,A. A. Ridal (artist),"VI–VII, 136",obituary,maybe — unidentified 'арт.',
1908-09,1909 Vols VI–VII,1909_Vol_VI-VII__1908-09_Frontpages_p03.png; pages from 1909_Vol_VI-VII__1908-09_Endpages_AnnualIndex_p02-p03.png (§IV) + p07-p13 (name index),Некрологи (1908—1909 г.):,О. Н. Чюмина.,O. N. Chyumina (poet/dramatist),"VI–VII, 136",obituary,no,
1908-09,1909 Vols VI–VII,1909_Vol_VI-VII__1908-09_Frontpages_p03.png; pages from 1909_Vol_VI-VII__1908-09_Endpages_AnnualIndex_p02-p03.png (§IV) + p07-p13 (name index),Некрологи (1908—1909 г.):,А. И. Шубертъ.,A. I. Schubert (actress),"VI–VII, 137–138",obituary,no,
1908-09,1909 Vols VI–VII,1909_Vol_VI-VII__1908-09_Frontpages_p03.png; pages from 1909_Vol_VI-VII__1908-09_Endpages_AnnualIndex_p02-p03.png (§IV) + p07-p13 (name index),Некрологи (1908—1909 г.):,"Н. Т. Юмашевъ,",N. T. Yumashev (artist),"VI–VII, 139",obituary,no,
1908-09,1909 Vols VI–VII,1909_Vol_VI-VII__1908-09_Frontpages_p03.png; pages from 1909_Vol_VI-VII__1908-09_Endpages_AnnualIndex_p02-p03.png (§IV) + p07-p13 (name index),Юбилеи (1908—1909 гг.):,У. І. Авранекъ.,U. I. Avranek (Bolshoi opera chorus master/conductor),"VI–VII, 143",jubilee,no,
1908-09,1909 Vols VI–VII,1909_Vol_VI-VII__1908-09_Frontpages_p03.png; pages from 1909_Vol_VI-VII__1908-09_Endpages_AnnualIndex_p02-p03.png (§IV) + p07-p13 (name index),Юбилеи (1908—1909 гг.):,И. К. Альтани.,I. K. Altani (Bolshoi conductor),"VI–VII, 143–145",jubilee,no — chiefly opera,
1908-09,1909 Vols VI–VII,1909_Vol_VI-VII__1908-09_Frontpages_p03.png; pages from 1909_Vol_VI-VII__1908-09_Endpages_AnnualIndex_p02-p03.png (§IV) + p07-p13 (name index),Юбилеи (1908—1909 гг.):,А. Ѳ. Арендсъ.,A. F. Arends (Bolshoi ballet conductor/composer),"VI–VII, 145–146",jubilee,yes — Bolshoi ballet conductor,
1908-09,1909 Vols VI–VII,1909_Vol_VI-VII__1908-09_Frontpages_p03.png; pages from 1909_Vol_VI-VII__1908-09_Endpages_AnnualIndex_p02-p03.png (§IV) + p07-p13 (name index),Юбилеи (1908—1909 гг.):,Л. С. Ауэръ.,"L. S. Auer (violinist, ballet violin soloist at Mariinsky)","VI–VII, 146–147",jubilee,maybe — ballet violin solos,
1908-09,1909 Vols VI–VII,1909_Vol_VI-VII__1908-09_Frontpages_p03.png; pages from 1909_Vol_VI-VII__1908-09_Endpages_AnnualIndex_p02-p03.png (§IV) + p07-p13 (name index),Юбилеи (1908—1909 гг.):,П. Д. Боборыкинъ.,P. D. Boborykin (writer),"VI–VII, 147–148",jubilee,no,
1908-09,1909 Vols VI–VII,1909_Vol_VI-VII__1908-09_Frontpages_p03.png; pages from 1909_Vol_VI-VII__1908-09_Endpages_AnnualIndex_p02-p03.png (§IV) + p07-p13 (name index),Юбилеи (1908—1909 гг.):,Н. С. Васильева.,N. S. Vasilieva (actress),"VI–VII, 150–151 (§IV) / 148–150 (name index)",jubilee,no,Index ranges disagree.
1908-09,1909 Vols VI–VII,1909_Vol_VI-VII__1908-09_Frontpages_p03.png; pages from 1909_Vol_VI-VII__1908-09_Endpages_AnnualIndex_p02-p03.png (§IV) + p07-p13 (name index),Юбилеи (1908—1909 гг.):,Ѳ. П. Горевъ.,F. P. Gorev (actor),"VI–VII, 150–152",jubilee,no,
1908-09,1909 Vols VI–VII,1909_Vol_VI-VII__1908-09_Frontpages_p03.png; pages from 1909_Vol_VI-VII__1908-09_Endpages_AnnualIndex_p02-p03.png (§IV) + p07-p13 (name index),Юбилеи (1908—1909 гг.):,Л. Ю. Звягина.,L. Yu. Zvyagina (opera singer),"VI–VII, 152–153",jubilee,no,"Name index prints 'Звягина, А. Ю.'; contents and §IV 'Л. Ю.'"
1908-09,1909 Vols VI–VII,1909_Vol_VI-VII__1908-09_Frontpages_p03.png; pages from 1909_Vol_VI-VII__1908-09_Endpages_AnnualIndex_p02-p03.png (§IV) + p07-p13 (name index),Юбилеи (1908—1909 гг.):,М. М. Ипполитовъ-Ивановъ.,M. M. Ippolitov-Ivanov (composer),"VI–VII, 153–154",jubilee,no,
1908-09,1909 Vols VI–VII,1909_Vol_VI-VII__1908-09_Frontpages_p03.png; pages from 1909_Vol_VI-VII__1908-09_Endpages_AnnualIndex_p02-p03.png (§IV) + p07-p13 (name index),Юбилеи (1908—1909 гг.):,К. А. Каратыгина.,K. A. Karatygina (actress),"VI–VII, 154–156",jubilee,no,
1908-09,1909 Vols VI–VII,1909_Vol_VI-VII__1908-09_Frontpages_p03.png; pages from 1909_Vol_VI-VII__1908-09_Endpages_AnnualIndex_p02-p03.png (§IV) + p07-p13 (name index),Юбилеи (1908—1909 гг.):,Г. А. Козаченко.,G. A. Kozachenko,"VI–VII, 157–158",jubilee,no,
1908-09,1909 Vols VI–VII,1909_Vol_VI-VII__1908-09_Frontpages_p03.png; pages from 1909_Vol_VI-VII__1908-09_Endpages_AnnualIndex_p02-p03.png (§IV) + p07-p13 (name index),Юбилеи (1908—1909 гг.):,Н. А. Кореневъ.,N. A. Korenev,"VI–VII, 158",jubilee,no,"§IV index prints 'Корневъ, А. И.' — inconsistent; name index agrees with contents ('Кореневъ, Н. А.')."
1908-09,1909 Vols VI–VII,1909_Vol_VI-VII__1908-09_Frontpages_p03.png; pages from 1909_Vol_VI-VII__1908-09_Endpages_AnnualIndex_p02-p03.png (§IV) + p07-p13 (name index),Юбилеи (1908—1909 гг.):,Ц. А. Кюи.,C. A. Cui (composer),"VI–VII, 158–159",jubilee,no,"From name index ('Юбилей, VI–VII, 158–159'); absent from §IV list."
1908-09,1909 Vols VI–VII,1909_Vol_VI-VII__1908-09_Frontpages_p03.png; pages from 1909_Vol_VI-VII__1908-09_Endpages_AnnualIndex_p02-p03.png (§IV) + p07-p13 (name index),Юбилеи (1908—1909 гг.):,В. В. Кюнеръ.,V. V. Kühner (artist/musician),"VI–VII, 159–160",jubilee,maybe — orchestra musician? unidentified,
1908-09,1909 Vols VI–VII,1909_Vol_VI-VII__1908-09_Frontpages_p03.png; pages from 1909_Vol_VI-VII__1908-09_Endpages_AnnualIndex_p02-p03.png (§IV) + p07-p13 (name index),Юбилеи (1908—1909 гг.):,П. Лукка.,Pauline Lucca (singer),"VI–VII, 160–161",jubilee,no,
1908-09,1909 Vols VI–VII,1909_Vol_VI-VII__1908-09_Frontpages_p03.png; pages from 1909_Vol_VI-VII__1908-09_Endpages_AnnualIndex_p02-p03.png (§IV) + p07-p13 (name index),Юбилеи (1908—1909 гг.):,Э. Ѳ. Направникъ.,E. F. Nápravník (Mariinsky chief conductor),"VI–VII, 161–162",jubilee,maybe — chief conductor; chiefly opera,
1908-09,1909 Vols VI–VII,1909_Vol_VI-VII__1908-09_Frontpages_p03.png; pages from 1909_Vol_VI-VII__1908-09_Endpages_AnnualIndex_p02-p03.png (§IV) + p07-p13 (name index),Юбилеи (1908—1909 гг.):,А. М. Павлова.,A. M. Pavlova (dancer),"VI–VII, 162–163",jubilee,"yes — '§IV: танцов., юбил.'",Patronymic initial М. as printed (Anna Pavlova was sometimes styled Матвѣевна); confirm identity in text.
1908-09,1909 Vols VI–VII,1909_Vol_VI-VII__1908-09_Frontpages_p03.png; pages from 1909_Vol_VI-VII__1908-09_Endpages_AnnualIndex_p02-p03.png (§IV) + p07-p13 (name index),Юбилеи (1908—1909 гг.):,О. А. Правдинъ.,O. A. Pravdin (Maly actor),"VI–VII, 163–167",jubilee,no,"§IV 'Ѳ. А.'; name index 'О. А.', 'автобіографія'."
1908-09,1909 Vols VI–VII,1909_Vol_VI-VII__1908-09_Frontpages_p03.png; pages from 1909_Vol_VI-VII__1908-09_Endpages_AnnualIndex_p02-p03.png (§IV) + p07-p13 (name index),Юбилеи (1908—1909 гг.):,А. Патти.,Adelina Patti (singer),"VI–VII, 167–168",jubilee,no,
1908-09,1909 Vols VI–VII,1909_Vol_VI-VII__1908-09_Frontpages_p03.png; pages from 1909_Vol_VI-VII__1908-09_Endpages_AnnualIndex_p02-p03.png (§IV) + p07-p13 (name index),Юбилеи (1908—1909 гг.):,О. О. Преображенская.,O. O. Preobrazhenskaya (ballerina),"VI–VII, 168–169",jubilee,"yes — '§IV: танцов., юбил.'",
1908-09,1909 Vols VI–VII,1909_Vol_VI-VII__1908-09_Frontpages_p03.png; pages from 1909_Vol_VI-VII__1908-09_Endpages_AnnualIndex_p02-p03.png (§IV) + p07-p13 (name index),Юбилеи (1908—1909 гг.):,О. О. Садовская.,O. O. Sadovskaya (actress),"VI–VII, 170–172",jubilee,no,
1908-09,1909 Vols VI–VII,1909_Vol_VI-VII__1908-09_Frontpages_p03.png; pages from 1909_Vol_VI-VII__1908-09_Endpages_AnnualIndex_p02-p03.png (§IV) + p07-p13 (name index),Юбилеи (1908—1909 гг.):,Т. Сальвини.,T. Salvini (actor),"VI–VII, 172–174",jubilee,no,
1908-09,1909 Vols VI–VII,1909_Vol_VI-VII__1908-09_Frontpages_p03.png; pages from 1909_Vol_VI-VII__1908-09_Endpages_AnnualIndex_p02-p03.png (§IV) + p07-p13 (name index),Юбилеи (1908—1909 гг.):,М. П. Садовскій.,M. P. Sadovsky (actor),"VI–VII, 175–176",jubilee,no,
1908-09,1909 Vols VI–VII,1909_Vol_VI-VII__1908-09_Frontpages_p03.png; pages from 1909_Vol_VI-VII__1908-09_Endpages_AnnualIndex_p02-p03.png (§IV) + p07-p13 (name index),Юбилеи (1908—1909 гг.):,Н. Ѳ. Соловьевъ.,N. F. Solovyov (composer/critic),"VI–VII, 176–177",jubilee,no,From name index; absent from §IV.
1908-09,1909 Vols VI–VII,1909_Vol_VI-VII__1908-09_Frontpages_p03.png; pages from 1909_Vol_VI-VII__1908-09_Endpages_AnnualIndex_p02-p03.png (§IV) + p07-p13 (name index),Юбилеи (1908—1909 гг.):,А. С. Суворинъ.,A. S. Suvorin (publisher/dramatist),"VI–VII, 177–178",jubilee,no,
1908-09,1909 Vols VI–VII,1909_Vol_VI-VII__1908-09_Frontpages_p03.png; pages from 1909_Vol_VI-VII__1908-09_Endpages_AnnualIndex_p02-p03.png (§IV) + p07-p13 (name index),Юбилеи (1908—1909 гг.):,Н. Н. Ходотовъ.,N. N. Khodotov (actor),"VI–VII, 178–179",jubilee,no,
1908-09,1909 Vols VI–VII,1909_Vol_VI-VII__1908-09_Frontpages_p03.png; pages from 1909_Vol_VI-VII__1908-09_Endpages_AnnualIndex_p02-p03.png (§IV) + p07-p13 (name index),Юбилеи (1908—1909 гг.):,Московскій Художественный театръ за 1898—1908 гг. Н. Г. Эфроса.,"Moscow Art Theatre 1898–1908 (10th anniversary), by N. E. Efros","VI–VII, 180 (§V) / 181–194 (name index)",anniversary_institution,no,Contents prints 'Н. Г. Эфроса'; index 'Н. Е. Эфросъ'.
1909-10,1910 Vol VI,1910_Vol_VI__1909-10_Frontpages_p02.png,СОДЕРЖАНІЕ,Большой талантъ (опытъ характеристики сценическаго творчества А. П. Ленскаго). В. А. Михайловскаго.,"A great talent (attempt at a characterisation of A. P. Lensky's stage work), by V. A. Mikhailovsky",,other,no,"Posthumous appraisal of Lensky (d. 1908), not framed as obituary. No page numbers in contents; no annual index for 1910 scanned. Otherwise no items; contents continue on cover p.3 (not scanned)."
1910-11,1911 Vol III,1911_Vol_III__1910-11_Frontpages_p03.png,СОДЕРЖАНІЕ,,,,no_items,no,"Contents read; no jubilee/obituary items ('Ренессансъ балета' Э. А. Старка III,102–122 is ballet but not memorial)."
1910-11,1911 Vol IV,1911_Vol_IV__1910-11_Frontpages_p03.png; pages from 1911_Vol_VII__1910-11_Endpages_AnnualIndex_p01-p04.png,СОДЕРЖАНІЕ,Воспоминанія объ артистѣ М. П. Садовскомъ. П. М. Невѣжина.,"Reminiscences of the actor M. P. Sadovsky (d. 1910), by P. M. Nevezhin","IV, 1–16",memorial,no,
1910-11,1911 Vol IV,1911_Vol_IV__1910-11_Frontpages_p03.png; pages from 1911_Vol_VII__1910-11_Endpages_AnnualIndex_p01-p04.png,СОДЕРЖАНІЕ,Николай Хрисанфовичъ Рыбаковъ. В. Михайловскаго.,"Nikolai Khrisanfovich Rybakov (actor, 1811–1876), by V. Mikhailovsky","IV, 68–78",memorial,no,"Not labelled as anniversary in contents; 1911 = Rybakov's birth centenary (inference). Index mis-prints 'Рыбаковъ, Н. К.'."
1910-11,1911 Vol IV,1911_Vol_IV__1910-11_Frontpages_p03.png; pages from 1911_Vol_VII__1910-11_Endpages_AnnualIndex_p01-p04.png,СОДЕРЖАНІЕ,Францъ Листъ въ Москвѣ. Барона Н. В. Дризена.,"Franz Liszt in Moscow, by Baron N. V. Drizen","IV, 79–85",other,no,Not labelled as anniversary; 1911 = Liszt birth centenary (inference).
1910-11,1911 Vol V,1911_Vol_V__1910-11_Frontpages_p02.png; pages from 1911_Vol_VII__1910-11_Endpages_AnnualIndex_p01-p04.png,СОДЕРЖАНІЕ,В. И. Живокини. Н. Н. Долгова.,"V. I. Zhivokini (actor, d. 1874), by N. N. Dolgov","V, 36–54",other,no,"Biographical-historical article, not framed as memorial. Index: 'Живокини, И. А.' (sic) vs contents 'В. И.'. No other items."
1910-11,1911 Vol VI,1911_Vol_VI__1910-11_Frontpages_p03.png,СОДЕРЖАНІЕ,,,,no_items,no,"Contents read; no jubilee/obituary items ('Актеры-писатели. II. Матеріалы для біографіи В. Н. Андреева-Бурлака' VI,40–62 is biographical, not memorial)."
1910-11,1911 Vol VII,1911_Vol_VII__1910-11_Frontpages_p03.png; pages from 1911_Vol_VII__1910-11_Endpages_AnnualIndex_p01-p04.png (§IV),Юбилеи (1910—1911 г.):,Р. Б. Аполлонскаго.,R. B. Apollonsky (Alexandrinsky actor),"VII, 121",jubilee,no,Index spells 'Апполонскій'.
1910-11,1911 Vol VII,1911_Vol_VII__1910-11_Frontpages_p03.png; pages from 1911_Vol_VII__1910-11_Endpages_AnnualIndex_p01-p04.png (§IV),Юбилеи (1910—1911 г.):,В. П. Буренина.,V. P. Burenin (critic/writer),"VII, 121–122",jubilee,no,Index 'арт.' (sic).
1910-11,1911 Vol VII,1911_Vol_VII__1910-11_Frontpages_p03.png; pages from 1911_Vol_VII__1910-11_Endpages_AnnualIndex_p01-p04.png (§IV),Юбилеи (1910—1911 г.):,К. Ѳ. Вальцъ.,K. F. Valts (Bolshoi stage machinist/decorator),"VII, 122",jubilee,yes — designed/machined Bolshoi ballet productions,"Index 'декор., юбил.'"
1910-11,1911 Vol VII,1911_Vol_VII__1910-11_Frontpages_p03.png; pages from 1911_Vol_VII__1910-11_Endpages_AnnualIndex_p01-p04.png (§IV),Юбилеи (1910—1911 г.):,М. М. Глѣбовой,M. M. Glebova,"VII, 123",jubilee,no,
1910-11,1911 Vol VII,1911_Vol_VII__1910-11_Frontpages_p03.png; pages from 1911_Vol_VII__1910-11_Endpages_AnnualIndex_p01-p04.png (§IV),Юбилеи (1910—1911 г.):,В. П. Далматова.,V. P. Dalmatov (actor),"VII, 123–124",jubilee,no,
1910-11,1911 Vol VII,1911_Vol_VII__1910-11_Frontpages_p03.png; pages from 1911_Vol_VII__1910-11_Endpages_AnnualIndex_p01-p04.png (§IV),Юбилеи (1910—1911 г.):,М. И. Долиной.,M. I. Dolina (opera singer),"VII, 124",jubilee,no,
1910-11,1911 Vol VII,1911_Vol_VII__1910-11_Frontpages_p03.png; pages from 1911_Vol_VII__1910-11_Endpages_AnnualIndex_p01-p04.png (§IV),Юбилеи (1910—1911 г.):,Ю. В. Корвинъ-Крюковскаго.,Yu. V. Korvin-Krukovsky (playwright),"VII, 125",jubilee,no,Index 'Корвинъ-Круковскій'.
1910-11,1911 Vol VII,1911_Vol_VII__1910-11_Frontpages_p03.png; pages from 1911_Vol_VII__1910-11_Endpages_AnnualIndex_p01-p04.png (§IV),Юбилеи (1910—1911 г.):,Э. А. Крушевскаго.,E. A. Krushevsky (Mariinsky conductor),"VII, 125",jubilee,maybe — Mariinsky conductor,"Index 'капельм., юбил.'"
1910-11,1911 Vol VII,1911_Vol_VII__1910-11_Frontpages_p03.png; pages from 1911_Vol_VII__1910-11_Endpages_AnnualIndex_p01-p04.png (§IV),Юбилеи (1910—1911 г.):,М. Ѳ. Кшесинской.,M. F. Kschessinska (prima ballerina),"VII, 126",jubilee,yes — ballerina,"Index 'Кшесинская, М. Ф.' (Ф not Ѳ)."
1910-11,1911 Vol VII,1911_Vol_VII__1910-11_Frontpages_p03.png; pages from 1911_Vol_VII__1910-11_Endpages_AnnualIndex_p01-p04.png (§IV),Юбилеи (1910—1911 г.):,В. А. Мичуриной.,V. A. Michurina (actress),"VII, 126–127",jubilee,no,
1910-11,1911 Vol VII,1911_Vol_VII__1910-11_Frontpages_p03.png; pages from 1911_Vol_VII__1910-11_Endpages_AnnualIndex_p01-p04.png (§IV),Юбилеи (1910—1911 г.):,Н. А. Никулиной.,N. A. Nikulina (Maly actress),"VII, 127–128",jubilee,no,
1910-11,1911 Vol VII,1911_Vol_VII__1910-11_Frontpages_p03.png; pages from 1911_Vol_VII__1910-11_Endpages_AnnualIndex_p01-p04.png (§IV),Юбилеи (1910—1911 г.):,А. А. Плещеева.,A. A. Pleshcheev (writer),"VII, 128",jubilee,no,
1910-11,1911 Vol VII,1911_Vol_VII__1910-11_Frontpages_p03.png; pages from 1911_Vol_VII__1910-11_Endpages_AnnualIndex_p01-p04.png (§IV),Юбилеи (1910—1911 г.):,Э. Поссартъ.,E. Possart (German actor),"VII, 128–129",jubilee,no,
1910-11,1911 Vol VII,1911_Vol_VII__1910-11_Frontpages_p03.png; pages from 1911_Vol_VII__1910-11_Endpages_AnnualIndex_p01-p04.png (§IV),Юбилеи (1910—1911 г.):,К. Н. Рыбакова.,K. N. Rybakov (Maly actor),"VII, 129–130",jubilee,no,
1910-11,1911 Vol VII,1911_Vol_VII__1910-11_Frontpages_p03.png; pages from 1911_Vol_VII__1910-11_Endpages_AnnualIndex_p01-p04.png (§IV),Юбилеи (1910—1911 г.):,К. Т. Серебрякова.,K. T. Serebryakov (opera bass),"VII, 130–131",jubilee,no,
1910-11,1911 Vol VII,1911_Vol_VII__1910-11_Frontpages_p03.png; pages from 1911_Vol_VII__1910-11_Endpages_AnnualIndex_p01-p04.png (§IV),Юбилеи (1910—1911 г.):,Г. Н. Ѳедотовой.,G. N. Fedotova (actress),"VII, 131",jubilee,no,
1910-11,1911 Vol VII,1911_Vol_VII__1910-11_Frontpages_p03.png; pages from 1911_Vol_VII__1910-11_Endpages_AnnualIndex_p01-p04.png (§IV),Юбилеи (1910—1911 г.):,Е. Н. Чирикова.,E. N. Chirikov (writer),"VII, 132",jubilee,no,
1910-11,1911 Vol VII,1911_Vol_VII__1910-11_Frontpages_p03.png; pages from 1911_Vol_VII__1910-11_Endpages_AnnualIndex_p01-p04.png (§IV),Некрологи и памятки (1910—1911 г.):,А. Э. Блюменталь-Тамарина.,A. E. Blumenthal-Tamarin (actor),"VII, 135",obituary,no,
1910-11,1911 Vol VII,1911_Vol_VII__1910-11_Frontpages_p03.png; pages from 1911_Vol_VII__1910-11_Endpages_AnnualIndex_p01-p04.png (§IV),Некрологи и памятки (1910—1911 г.):,М. Ѳ. Борхардтъ.,M. F. Borchardt,"VII, 135",obituary,no,
1910-11,1911 Vol VII,1911_Vol_VII__1910-11_Frontpages_p03.png; pages from 1911_Vol_VII__1910-11_Endpages_AnnualIndex_p01-p04.png (§IV),Некрологи и памятки (1910—1911 г.):,В. Г. Бѣлинскаго.,V. G. Belinsky (critic) — memorial,"VII, 136",memorial,no,Index 'памят.' (centenary of birth 1811).
1910-11,1911 Vol VII,1911_Vol_VII__1910-11_Frontpages_p03.png; pages from 1911_Vol_VII__1910-11_Endpages_AnnualIndex_p01-p04.png (§IV),Некрологи и памятки (1910—1911 г.):,А. В. Вержбиловича.,A. V. Verzhbilovich (cellist),"VII, 136–137",obituary,maybe — Mariinsky orchestra cello soloist,
1910-11,1911 Vol VII,1911_Vol_VII__1910-11_Frontpages_p03.png; pages from 1911_Vol_VII__1910-11_Endpages_AnnualIndex_p01-p04.png (§IV),Некрологи и памятки (1910—1911 г.):,Ф. Гаазе.,F. Haase (German actor),"VII, 137",obituary,no,
1910-11,1911 Vol VII,1911_Vol_VII__1910-11_Frontpages_p03.png; pages from 1911_Vol_VII__1910-11_Endpages_AnnualIndex_p01-p04.png (§IV),Некрологи и памятки (1910—1911 г.):,Э. Гартманнъ.,E. Hartmann (actor),"VII, 137–138",obituary,no,
1910-11,1911 Vol VII,1911_Vol_VII__1910-11_Frontpages_p03.png; pages from 1911_Vol_VII__1910-11_Endpages_AnnualIndex_p01-p04.png (§IV),Некрологи и памятки (1910—1911 г.):,В. И. Главача.,V. I. Hlaváč (composer/conductor),"VII, 138",obituary,no,
1910-11,1911 Vol VII,1911_Vol_VII__1910-11_Frontpages_p03.png; pages from 1911_Vol_VII__1910-11_Endpages_AnnualIndex_p01-p04.png (§IV),Некрологи и памятки (1910—1911 г.):,75-лѣтіе со дня постановки „Ревизора“ Гоголя.,75th anniversary of the premiere of Gogol's Inspector General,"VII, 138–139",anniversary_institution,no,"Anniversary of a production, not a person; index under 'Гоголь, памят.'"
1910-11,1911 Vol VII,1911_Vol_VII__1910-11_Frontpages_p03.png; pages from 1911_Vol_VII__1910-11_Endpages_AnnualIndex_p01-p04.png (§IV),Некрологи и памятки (1910—1911 г.):,А. Д. Давыдова.,A. D. Davydov (actor),"VII, 139",obituary,no,
1910-11,1911 Vol VII,1911_Vol_VII__1910-11_Frontpages_p03.png; pages from 1911_Vol_VII__1910-11_Endpages_AnnualIndex_p01-p04.png (§IV),Некрологи и памятки (1910—1911 г.):,Н. А. Добролюбова.,N. A. Dobrolyubov (critic) — memorial,"VII, 140",memorial,no,Index 'памят.'
1910-11,1911 Vol VII,1911_Vol_VII__1910-11_Frontpages_p03.png; pages from 1911_Vol_VII__1910-11_Endpages_AnnualIndex_p01-p04.png (§IV),Некрологи и памятки (1910—1911 г.):,А. Жюдикъ.,A. Judic (French singer),"VII, 140–141",obituary,no,
1910-11,1911 Vol VII,1911_Vol_VII__1910-11_Frontpages_p03.png; pages from 1911_Vol_VII__1910-11_Endpages_AnnualIndex_p01-p04.png (§IV),Некрологи и памятки (1910—1911 г.):,О. Каваками.,O. Kawakami (Japanese actor),"VII, 141",obituary,no,"Index prints 'Кавоками, С.' — inconsistent with contents."
1910-11,1911 Vol VII,1911_Vol_VII__1910-11_Frontpages_p03.png; pages from 1911_Vol_VII__1910-11_Endpages_AnnualIndex_p01-p04.png (§IV),Некрологи и памятки (1910—1911 г.):,Б. Лазновскаго.,B. Laznovsky (Polish actor),"VII, 142",obituary,no,"Index prints 'Лазковскій, Б., пол. арт.' — inconsistent."
1910-11,1911 Vol VII,1911_Vol_VII__1910-11_Frontpages_p03.png; pages from 1911_Vol_VII__1910-11_Endpages_AnnualIndex_p01-p04.png (§IV),Некрологи и памятки (1910—1911 г.):,М. В. Ломоносова.,M. V. Lomonosov — memorial,"VII, 142",memorial,no,Index 'памят.' (bicentenary of birth 1711).
1910-11,1911 Vol VII,1911_Vol_VII__1910-11_Frontpages_p03.png; pages from 1911_Vol_VII__1910-11_Endpages_AnnualIndex_p01-p04.png (§IV),Некрологи и памятки (1910—1911 г.):,С. И. Лукьянова.,S. I. Lukyanov (artist),"VII, 142",obituary,yes? — probably the Petersburg ballet dancer С. И. Лукьяновъ; verify in text,"Index 'арт., некр.'"
1910-11,1911 Vol VII,1911_Vol_VII__1910-11_Frontpages_p03.png; pages from 1911_Vol_VII__1910-11_Endpages_AnnualIndex_p01-p04.png (§IV),Некрологи и памятки (1910—1911 г.):,Г. Малеръ.,G. Mahler (conductor/composer),"VII, 143",obituary,no,
1910-11,1911 Vol VII,1911_Vol_VII__1910-11_Frontpages_p03.png; pages from 1911_Vol_VII__1910-11_Endpages_AnnualIndex_p01-p04.png (§IV),Некрологи и памятки (1910—1911 г.):,А. И. Максимова.,A. I. Maksimov — memorial,"VII, 143–144",memorial,no,"Index 'Максимовъ, А. М., арт., памят.' — initial disagrees."
1910-11,1911 Vol VII,1911_Vol_VII__1910-11_Frontpages_p03.png; pages from 1911_Vol_VII__1910-11_Endpages_AnnualIndex_p01-p04.png (§IV),Некрологи и памятки (1910—1911 г.):,Н. К. Милославскаго (Фридебургъ).,"N. K. Miloslavsky (Fridebourg), actor — memorial","VII, 144–145",memorial,no,Index 'пам.'
1910-11,1911 Vol VII,1911_Vol_VII__1910-11_Frontpages_p03.png; pages from 1911_Vol_VII__1910-11_Endpages_AnnualIndex_p01-p04.png (§IV),Некрологи и памятки (1910—1911 г.):,М. В. Мазуровской.,M. V. Mazurovskaya (artist),"VII, 145",obituary,maybe — unidentified 'арт.',
1910-11,1911 Vol VII,1911_Vol_VII__1910-11_Frontpages_p03.png; pages from 1911_Vol_VII__1910-11_Endpages_AnnualIndex_p01-p04.png (§IV),Некрологи и памятки (1910—1911 г.):,А. Ф. Макарова-Юнева.,A. F. Makarov-Yunev (actor),"VII, 145–146",obituary,no,
1910-11,1911 Vol VII,1911_Vol_VII__1910-11_Frontpages_p03.png; pages from 1911_Vol_VII__1910-11_Endpages_AnnualIndex_p01-p04.png (§IV),Некрологи и памятки (1910—1911 г.):,Ф. Моттль.,F. Mottl (conductor),"VII, 146",obituary,no,
1910-11,1911 Vol VII,1911_Vol_VII__1910-11_Frontpages_p03.png; pages from 1911_Vol_VII__1910-11_Endpages_AnnualIndex_p01-p04.png (§IV),Некрологи и памятки (1910—1911 г.):,И. И. Мясницкаго (Барышева).,"I. I. Myasnitsky (Baryshev), playwright","VII, 146–147",obituary,no,"Index 'Мясницкій, И. А.' — initial disagrees."
1910-11,1911 Vol VII,1911_Vol_VII__1910-11_Frontpages_p03.png; pages from 1911_Vol_VII__1910-11_Endpages_AnnualIndex_p01-p04.png (§IV),Некрологи и памятки (1910—1911 г.):,25-лѣтіе со дня кончины А. Н. Островскаго.,25th anniversary of A. N. Ostrovsky's death,"VII, 147",memorial,no,
1910-11,1911 Vol VII,1911_Vol_VII__1910-11_Frontpages_p03.png; pages from 1911_Vol_VII__1910-11_Endpages_AnnualIndex_p01-p04.png (§IV),Некрологи и памятки (1910—1911 г.):,Л. Ѳ. Понизовскаго.,L. F. Ponizovsky (prompter),"VII, 147–148",obituary,no,"Index 'Понизовскій, А. Ѳ., арт. суфл.' — initial disagrees."
1910-11,1911 Vol VII,1911_Vol_VII__1910-11_Frontpages_p03.png; pages from 1911_Vol_VII__1910-11_Endpages_AnnualIndex_p01-p04.png (§IV),Некрологи и памятки (1910—1911 г.):,Я. Ѳ. Сахаръ.,Ya. F. Sakhar (collector),"VII, 148",obituary,no,
1910-11,1911 Vol VII,1911_Vol_VII__1910-11_Frontpages_p03.png; pages from 1911_Vol_VII__1910-11_Endpages_AnnualIndex_p01-p04.png (§IV),Некрологи и памятки (1910—1911 г.):,І. Свендсенъ.,J. Svendsen (composer),"VII, 148",obituary,no,
1910-11,1911 Vol VII,1911_Vol_VII__1910-11_Frontpages_p03.png; pages from 1911_Vol_VII__1910-11_Endpages_AnnualIndex_p01-p04.png (§IV),Некрологи и памятки (1910—1911 г.):,К. Т. Соленикъ.,K. T. Solenik (actor) — memorial,"VII, 148–149",memorial,no,Index 'памят.'
1910-11,1911 Vol VII,1911_Vol_VII__1910-11_Frontpages_p03.png; pages from 1911_Vol_VII__1910-11_Endpages_AnnualIndex_p01-p04.png (§IV),Некрологи и памятки (1910—1911 г.):,А. И. Стрижевскаго.,A. I. Strizhevsky (artist),"VII, 149",obituary,no,
1910-11,1911 Vol VII,1911_Vol_VII__1910-11_Frontpages_p03.png; pages from 1911_Vol_VII__1910-11_Endpages_AnnualIndex_p01-p04.png (§IV),Некрологи и памятки (1910—1911 г.):,А. Л. Шарпантье.,A. L. Charpentier,"VII, c. 149–150 [not in index]",obituary,maybe — unidentified,Not in §IV index; page inferred from alphabetical order between Стрижевскій (149) and Шашкинъ (150).
1910-11,1911 Vol VII,1911_Vol_VII__1910-11_Frontpages_p03.png; pages from 1911_Vol_VII__1910-11_Endpages_AnnualIndex_p01-p04.png (§IV),Некрологи и памятки (1910—1911 г.):,В. А. Шашкина.,V. A. Shashkin (artist),"VII, 150",obituary,no,
1910-11,1911 Vol VII,1911_Vol_VII__1910-11_Frontpages_p03.png; pages from 1911_Vol_VII__1910-11_Endpages_AnnualIndex_p01-p04.png (§IV),Некрологи и памятки (1910—1911 г.):,Т. Г. Шевченко.,T. G. Shevchenko (poet) — memorial,"VII, 150–151",memorial,no,Index 'памят.' (50 years since death 1861).
1910-11,1911 Vol VII,1911_Vol_VII__1910-11_Frontpages_p03.png; pages from 1911_Vol_VII__1910-11_Endpages_AnnualIndex_p01-p04.png (§IV),Некрологи и памятки (1910—1911 г.):,И. Л. Щеглова (Леонтьева).,"I. L. Shcheglov (Leontiev), writer","VII, 151–152",obituary,no,
1912-13,1913 Vol I,1913_Vol_I__1912-13_Frontpages_p03.png,СОДЕРЖАНІЕ,Василій Васильевичъ Самойловъ (къ столѣтію со дня рожденія). Н. Долгова.,"Vasily Vasilievich Samoilov (on the centenary of his birth), by N. Dolgov",,memorial,no — drama actor,Samoilov centenary issue; no page numbers in contents; no 1913 annual index scanned. Portrait of Samoilov on p05.
1912-13,1913 Vol I,1913_Vol_I__1912-13_Frontpages_p03.png,СОДЕРЖАНІЕ,Изъ воспоминаній о В. В. Самойловѣ. П. Морозова.,"From reminiscences of V. V. Samoilov, by P. Morozov",,memorial,no — drama actor,Samoilov centenary issue; no page numbers in contents; no 1913 annual index scanned. Portrait of Samoilov on p05.
1912-13,1913 Vol I,1913_Vol_I__1912-13_Frontpages_p03.png,СОДЕРЖАНІЕ,О В. В. Самойловѣ (Матеріалы для его характеристики). Стараго Театрала.,"On V. V. Samoilov (materials for his characterisation), by 'An Old Theatregoer'",,memorial,no — drama actor,Samoilov centenary issue; no page numbers in contents; no 1913 annual index scanned. Portrait of Samoilov on p05.
1912-13,1913 Vol I,1913_Vol_I__1912-13_Frontpages_p03.png,СОДЕРЖАНІЕ,Отчетъ о торжественномъ празднованіи столѣтія со дня рожденія В. В. Самойлова.,Report on the solemn celebration of the centenary of V. V. Samoilov's birth,,memorial,no — drama actor,Samoilov centenary issue; no page numbers in contents; no 1913 annual index scanned. Portrait of Samoilov on p05.
1912-13,1913 Vol II,1913_Vol_II__1912-13_Frontpages_p03.png,СОДЕРЖАНІЕ,,,,no_items,no,Contents read; none. Continues on cover p.3 (not scanned).
1912-13,1913 Vol III,1913_Vol_III__1912-13_Frontpages_p03.png,СОДЕРЖАНІЕ,Е. К. Лешковская (къ 25 л. ея сценической дѣятельности) Вл. Михайловскаго.,"E. K. Leshkovskaya (on 25 years of her stage career), by Vl. Mikhailovsky",,jubilee,no — Maly drama actress,No page numbers in contents.
1912-13,1913 Vol IV,1913_Vol_IV__1912-13_Frontpages_p03.png,СОДЕРЖАНІЕ,,,,no_items,no,Contents read; none ('Обзоръ сезона … Балетъ. А. Левинсона' is a season review).
